org.apache.commons.math.stat.correlation.PearsonsCorrelation,68,0.816
org.apache.commons.math.stat.correlation.PearsonsCorrelation,69,0.816
org.apache.commons.math.RetryTestCase,52,0.577
org.apache.commons.math.stat.correlation.PearsonsCorrelation,161,0.436
org.apache.commons.math.stat.correlation.PearsonsCorrelation,162,0.436
org.apache.commons.math.stat.correlation.PearsonsCorrelation,163,0.436
org.apache.commons.math.stat.correlation.PearsonsCorrelation,164,0.436
org.apache.commons.math.stat.correlation.PearsonsCorrelation,165,0.436
org.apache.commons.math.stat.correlation.PearsonsCorrelation,166,0.436
org.apache.commons.math.stat.correlation.PearsonsCorrelation,167,0.436
org.apache.commons.math.stat.correlation.PearsonsCorrelation,169,0.436
org.apache.commons.math.stat.correlation.PearsonsCorrelation,170,0.436
org.apache.commons.math.stat.correlation.PearsonsCorrelation,171,0.436
org.apache.commons.math.stat.correlation.PearsonsCorrelation,175,0.436
org.apache.commons.math.util.MathUtils,523,0.408
org.apache.commons.math.util.MathUtils,578,0.408
org.apache.commons.math.stat.correlation.PearsonsCorrelation,78,0.348
org.apache.commons.math.stat.correlation.PearsonsCorrelation,79,0.348
org.apache.commons.math.stat.correlation.PearsonsCorrelation,80,0.348
org.apache.commons.math.stat.correlation.PearsonsCorrelation,81,0.348
org.apache.commons.math.stat.correlation.PearsonsCorrelation,187,0.348
org.apache.commons.math.stat.correlation.PearsonsCorrelation,188,0.348
org.apache.commons.math.stat.correlation.PearsonsCorrelation,189,0.348
org.apache.commons.math.stat.correlation.PearsonsCorrelation,190,0.348
org.apache.commons.math.stat.correlation.PearsonsCorrelation,191,0.348
org.apache.commons.math.stat.correlation.PearsonsCorrelation,192,0.348
org.apache.commons.math.stat.correlation.PearsonsCorrelation,193,0.348
org.apache.commons.math.stat.correlation.PearsonsCorrelation,195,0.348
org.apache.commons.math.stat.correlation.PearsonsCorrelation,197,0.348
org.apache.commons.math.stat.correlation.PearsonsCorrelation,280,0.348
org.apache.commons.math.random.RandomDataImpl,364,0.333
org.apache.commons.math.random.RandomDataImpl,365,0.333
org.apache.commons.math.random.RandomDataImpl,366,0.333
org.apache.commons.math.random.RandomDataImpl,367,0.333
org.apache.commons.math.random.RandomDataImpl,368,0.333
org.apache.commons.math.random.RandomDataImpl,369,0.333
org.apache.commons.math.random.RandomDataImpl,370,0.333
org.apache.commons.math.random.RandomDataImpl,371,0.333
org.apache.commons.math.random.RandomDataImpl,372,0.333
org.apache.commons.math.random.RandomDataImpl,373,0.333
org.apache.commons.math.random.RandomDataImpl,374,0.333
org.apache.commons.math.random.RandomDataImpl,375,0.333
org.apache.commons.math.random.RandomDataImpl,376,0.333
org.apache.commons.math.random.RandomDataImpl,377,0.333
org.apache.commons.math.random.RandomDataImpl,379,0.333
org.apache.commons.math.random.RandomDataImpl,380,0.333
org.apache.commons.math.random.RandomDataImpl,381,0.333
org.apache.commons.math.random.RandomDataImpl,382,0.333
org.apache.commons.math.random.RandomDataImpl,383,0.333
org.apache.commons.math.random.RandomDataImpl,384,0.333
org.apache.commons.math.random.RandomDataImpl,385,0.333
org.apache.commons.math.random.RandomDataImpl,387,0.333
org.apache.commons.math.random.RandomDataImpl,388,0.333
org.apache.commons.math.random.RandomDataImpl,389,0.333
org.apache.commons.math.random.RandomDataImpl,390,0.333
org.apache.commons.math.random.RandomDataImpl,391,0.333
org.apache.commons.math.random.RandomDataImpl,394,0.333
org.apache.commons.math.random.RandomDataImpl,395,0.333
org.apache.commons.math.random.RandomDataImpl,396,0.333
org.apache.commons.math.random.RandomDataImpl,397,0.333
org.apache.commons.math.random.RandomDataImpl,398,0.333
org.apache.commons.math.random.RandomDataImpl,399,0.333
org.apache.commons.math.random.RandomDataImpl,400,0.333
org.apache.commons.math.random.RandomDataImpl,402,0.333
org.apache.commons.math.random.RandomDataImpl,403,0.333
org.apache.commons.math.random.RandomDataImpl,404,0.333
org.apache.commons.math.random.RandomDataImpl,407,0.333
org.apache.commons.math.random.RandomDataImpl,408,0.333
org.apache.commons.math.random.RandomDataImpl,409,0.333
org.apache.commons.math.random.RandomDataImpl,410,0.333
org.apache.commons.math.random.RandomDataImpl,411,0.333
org.apache.commons.math.random.RandomDataImpl,413,0.333
org.apache.commons.math.random.RandomDataImpl,414,0.333
org.apache.commons.math.random.RandomDataImpl,415,0.333
org.apache.commons.math.random.RandomDataImpl,416,0.333
org.apache.commons.math.random.RandomDataImpl,417,0.333
org.apache.commons.math.random.RandomDataImpl,419,0.333
org.apache.commons.math.random.RandomDataImpl,420,0.333
org.apache.commons.math.random.RandomDataImpl,422,0.333
org.apache.commons.math.random.RandomDataImpl,423,0.333
org.apache.commons.math.random.RandomDataImpl,424,0.333
org.apache.commons.math.random.RandomDataImpl,426,0.333
org.apache.commons.math.random.RandomDataImpl,427,0.333
org.apache.commons.math.util.MathUtils,514,0.333
org.apache.commons.math.util.MathUtils,519,0.333
org.apache.commons.math.stat.correlation.PearsonsCorrelation,77,0.32
org.apache.commons.math.stat.correlation.PearsonsCorrelation,227,0.32
org.apache.commons.math.stat.correlation.PearsonsCorrelation,228,0.32
org.apache.commons.math.stat.correlation.PearsonsCorrelation,230,0.32
org.apache.commons.math.stat.correlation.PearsonsCorrelation,273,0.32
org.apache.commons.math.stat.correlation.PearsonsCorrelation,274,0.32
org.apache.commons.math.stat.correlation.PearsonsCorrelation,275,0.32
org.apache.commons.math.stat.correlation.PearsonsCorrelation,225,0.309
org.apache.commons.math.stat.correlation.PearsonsCorrelation,226,0.309
org.apache.commons.math.stat.regression.SimpleRegression,432,0.298
org.apache.commons.math.stat.regression.SimpleRegression,433,0.298
org.apache.commons.math.stat.regression.SimpleRegression,434,0.298
org.apache.commons.math.stat.regression.SimpleRegression,437,0.298
org.apache.commons.math.util.MathUtils,580,0.289
org.apache.commons.math.util.MathUtils,581,0.289
org.apache.commons.math.util.MathUtils,582,0.289
org.apache.commons.math.util.MathUtils,584,0.289
org.apache.commons.math.stat.regression.SimpleRegression,351,0.28
org.apache.commons.math.stat.regression.SimpleRegression,354,0.28
org.apache.commons.math.stat.regression.SimpleRegression,455,0.28
org.apache.commons.math.stat.regression.SimpleRegression,456,0.28
org.apache.commons.math.linear.BlockRealMatrix,1185,0.272
org.apache.commons.math.linear.BlockRealMatrix,1186,0.272
org.apache.commons.math.linear.BlockRealMatrix,1189,0.272
org.apache.commons.math.linear.BlockRealMatrix,1190,0.272
org.apache.commons.math.linear.BlockRealMatrix,1191,0.272
org.apache.commons.math.linear.BlockRealMatrix,1192,0.272
org.apache.commons.math.linear.BlockRealMatrix,1193,0.272
org.apache.commons.math.linear.BlockRealMatrix,1194,0.272
org.apache.commons.math.linear.BlockRealMatrix,1195,0.272
org.apache.commons.math.linear.BlockRealMatrix,1196,0.272
org.apache.commons.math.linear.BlockRealMatrix,1197,0.272
org.apache.commons.math.linear.BlockRealMatrix,1201,0.272
org.apache.commons.math.distribution.TDistributionImpl,139,0.265
org.apache.commons.math.util.MathUtils,572,0.258
org.apache.commons.math.util.MathUtils,577,0.258
org.apache.commons.math.stat.regression.SimpleRegression,304,0.252
org.apache.commons.math.stat.regression.SimpleRegression,298,0.241
org.apache.commons.math.stat.regression.SimpleRegression,301,0.241
org.apache.commons.math.stat.inference.ChiSquareTestImpl,137,0.236
org.apache.commons.math.stat.inference.ChiSquareTestImpl,142,0.236
org.apache.commons.math.random.RandomDataImpl,339,0.236
org.apache.commons.math.random.RandomDataImpl,344,0.236
org.apache.commons.math.random.RandomDataImpl,346,0.236
org.apache.commons.math.random.RandomDataImpl,347,0.236
org.apache.commons.math.random.RandomDataImpl,348,0.236
org.apache.commons.math.random.RandomDataImpl,349,0.236
org.apache.commons.math.random.RandomDataImpl,350,0.236
org.apache.commons.math.random.RandomDataImpl,351,0.236
org.apache.commons.math.random.RandomDataImpl,353,0.236
org.apache.commons.math.random.RandomDataImpl,354,0.236
org.apache.commons.math.random.RandomDataImpl,355,0.236
org.apache.commons.math.random.RandomDataImpl,356,0.236
org.apache.commons.math.random.RandomDataImpl,357,0.236
org.apache.commons.math.random.RandomDataImpl,359,0.236
org.apache.commons.math.stat.regression.SimpleRegression,139,0.231
org.apache.commons.math.stat.regression.SimpleRegression,337,0.231
org.apache.commons.math.linear.BlockRealMatrix,1255,0.231
org.apache.commons.math.linear.BlockRealMatrix,1256,0.231
org.apache.commons.math.linear.BlockRealMatrix,1257,0.231
org.apache.commons.math.linear.BlockRealMatrix,1259,0.231
org.apache.commons.math.linear.BlockRealMatrix,1264,0.231
org.apache.commons.math.linear.BlockRealMatrix,1265,0.231
org.apache.commons.math.stat.regression.SimpleRegression,126,0.226
org.apache.commons.math.stat.regression.SimpleRegression,127,0.226
org.apache.commons.math.stat.regression.SimpleRegression,128,0.226
org.apache.commons.math.stat.regression.SimpleRegression,129,0.226
org.apache.commons.math.stat.regression.SimpleRegression,130,0.226
org.apache.commons.math.stat.regression.SimpleRegression,131,0.226
org.apache.commons.math.stat.regression.SimpleRegression,132,0.226
org.apache.commons.math.stat.inference.ChiSquareTestImpl,39,0.218
org.apache.commons.math.stat.inference.ChiSquareTestImpl,40,0.218
org.apache.commons.math.stat.inference.ChiSquareTestImpl,49,0.218
org.apache.commons.math.stat.inference.ChiSquareTestImpl,50,0.218
org.apache.commons.math.stat.inference.ChiSquareTestImpl,51,0.218
org.apache.commons.math.stat.regression.SimpleRegression,122,0.218
org.apache.commons.math.stat.regression.SimpleRegression,123,0.218
org.apache.commons.math.stat.regression.SimpleRegression,124,0.218
org.apache.commons.math.stat.regression.SimpleRegression,134,0.218
org.apache.commons.math.stat.regression.SimpleRegression,135,0.218
org.apache.commons.math.stat.regression.SimpleRegression,136,0.218
org.apache.commons.math.stat.regression.SimpleRegression,138,0.218
org.apache.commons.math.stat.regression.SimpleRegression,141,0.218
org.apache.commons.math.stat.inference.ChiSquareTestImpl,424,0.218
org.apache.commons.math.stat.inference.ChiSquareTestImpl,425,0.218
org.apache.commons.math.random.RandomDataImpl,464,0.218
org.apache.commons.math.random.RandomDataImpl,468,0.218
org.apache.commons.math.random.RandomDataImpl,469,0.218
org.apache.commons.math.random.RandomDataImpl,470,0.218
org.apache.commons.math.random.RandomDataImpl,473,0.218
org.apache.commons.math.stat.regression.SimpleRegression,65,0.211
org.apache.commons.math.stat.regression.SimpleRegression,68,0.211
org.apache.commons.math.stat.regression.SimpleRegression,71,0.211
org.apache.commons.math.stat.regression.SimpleRegression,74,0.211
org.apache.commons.math.stat.regression.SimpleRegression,77,0.211
org.apache.commons.math.stat.regression.SimpleRegression,80,0.211
org.apache.commons.math.stat.regression.SimpleRegression,83,0.211
org.apache.commons.math.stat.regression.SimpleRegression,86,0.211
org.apache.commons.math.stat.regression.SimpleRegression,94,0.211
org.apache.commons.math.stat.regression.SimpleRegression,95,0.211
org.apache.commons.math.stat.regression.SimpleRegression,104,0.211
org.apache.commons.math.stat.regression.SimpleRegression,105,0.211
org.apache.commons.math.stat.regression.SimpleRegression,106,0.211
org.apache.commons.math.stat.regression.SimpleRegression,614,0.211
org.apache.commons.math.stat.regression.SimpleRegression,617,0.211
org.apache.commons.math.stat.regression.SimpleRegression,620,0.211
org.apache.commons.math.distribution.AbstractIntegerDistribution,150,0.204
org.apache.commons.math.stat.inference.ChiSquareTestImpl,116,0.192
org.apache.commons.math.stat.inference.ChiSquareTestImpl,117,0.192
org.apache.commons.math.distribution.TDistributionImpl,128,0.19
org.apache.commons.math.distribution.TDistributionImpl,131,0.19
org.apache.commons.math.distribution.TDistributionImpl,136,0.19
org.apache.commons.math.distribution.TDistributionImpl,143,0.19
org.apache.commons.math.distribution.TDistributionImpl,61,0.183
org.apache.commons.math.distribution.TDistributionImpl,62,0.183
org.apache.commons.math.distribution.TDistributionImpl,63,0.183
org.apache.commons.math.distribution.TDistributionImpl,64,0.183
org.apache.commons.math.distribution.TDistributionImpl,71,0.183
org.apache.commons.math.distribution.TDistributionImpl,72,0.183
org.apache.commons.math.distribution.PoissonDistributionImpl,211,0.183
org.apache.commons.math.distribution.PoissonDistributionImpl,214,0.183
org.apache.commons.math.distribution.PoissonDistributionImpl,217,0.183
org.apache.commons.math.special.Gamma,249,0.183
org.apache.commons.math.linear.BlockRealMatrix,1238,0.178
org.apache.commons.math.linear.BlockRealMatrix,1239,0.178
org.apache.commons.math.linear.BlockRealMatrix,1240,0.178
org.apache.commons.math.linear.BlockRealMatrix,1242,0.178
org.apache.commons.math.distribution.TDistributionImpl,81,0.174
org.apache.commons.math.distribution.TDistributionImpl,82,0.174
org.apache.commons.math.util.ContinuedFraction,46,0.168
org.apache.commons.math.util.ContinuedFraction,47,0.168
org.apache.commons.math.util.ContinuedFraction,128,0.168
org.apache.commons.math.util.ContinuedFraction,129,0.168
org.apache.commons.math.util.ContinuedFraction,130,0.168
org.apache.commons.math.util.ContinuedFraction,131,0.168
org.apache.commons.math.util.ContinuedFraction,132,0.168
org.apache.commons.math.util.ContinuedFraction,133,0.168
org.apache.commons.math.util.ContinuedFraction,134,0.168
org.apache.commons.math.util.ContinuedFraction,135,0.168
org.apache.commons.math.util.ContinuedFraction,136,0.168
org.apache.commons.math.util.ContinuedFraction,137,0.168
org.apache.commons.math.util.ContinuedFraction,138,0.168
org.apache.commons.math.util.ContinuedFraction,139,0.168
org.apache.commons.math.util.ContinuedFraction,140,0.168
org.apache.commons.math.util.ContinuedFraction,141,0.168
org.apache.commons.math.util.ContinuedFraction,142,0.168
org.apache.commons.math.util.ContinuedFraction,175,0.168
org.apache.commons.math.util.ContinuedFraction,182,0.168
org.apache.commons.math.util.ContinuedFraction,184,0.168
org.apache.commons.math.util.ContinuedFraction,189,0.168
org.apache.commons.math.util.ContinuedFraction,192,0.168
org.apache.commons.math.util.ContinuedFraction,193,0.168
org.apache.commons.math.util.ContinuedFraction,194,0.168
org.apache.commons.math.util.ContinuedFraction,195,0.168
org.apache.commons.math.util.ContinuedFraction,196,0.168
org.apache.commons.math.util.ContinuedFraction,197,0.168
org.apache.commons.math.util.ContinuedFraction,199,0.168
org.apache.commons.math.util.ContinuedFraction,205,0.168
org.apache.commons.math.special.Beta,135,0.162
org.apache.commons.math.special.Beta,136,0.162
org.apache.commons.math.special.Gamma,100,0.16
org.apache.commons.math.special.Gamma,102,0.16
org.apache.commons.math.special.Gamma,103,0.16
org.apache.commons.math.special.Gamma,104,0.16
org.apache.commons.math.special.Gamma,106,0.16
org.apache.commons.math.special.Gamma,108,0.16
org.apache.commons.math.special.Gamma,109,0.16
org.apache.commons.math.distribution.AbstractIntegerDistribution,146,0.16
org.apache.commons.math.special.Gamma,97,0.158
org.apache.commons.math.special.Gamma,113,0.158
org.apache.commons.math.distribution.PoissonDistributionImpl,63,0.154
org.apache.commons.math.distribution.PoissonDistributionImpl,68,0.154
org.apache.commons.math.distribution.PoissonDistributionImpl,78,0.154
org.apache.commons.math.distribution.PoissonDistributionImpl,79,0.154
org.apache.commons.math.distribution.NormalDistributionImpl,87,0.154
org.apache.commons.math.distribution.NormalDistributionImpl,88,0.154
org.apache.commons.math.distribution.PoissonDistributionImpl,134,0.154
org.apache.commons.math.distribution.PoissonDistributionImpl,135,0.154
org.apache.commons.math.distribution.PoissonDistributionImpl,136,0.154
org.apache.commons.math.distribution.PoissonDistributionImpl,169,0.154
org.apache.commons.math.distribution.PoissonDistributionImpl,173,0.154
org.apache.commons.math.distribution.PoissonDistributionImpl,174,0.154
org.apache.commons.math.distribution.PoissonDistributionImpl,175,0.154
org.apache.commons.math.distribution.PoissonDistributionImpl,176,0.154
org.apache.commons.math.distribution.PoissonDistributionImpl,177,0.154
org.apache.commons.math.random.RandomDataImpl,443,0.154
org.apache.commons.math.random.RandomDataImpl,447,0.154
org.apache.commons.math.distribution.TDistributionImpl,88,0.153
org.apache.commons.math.distribution.TDistributionImpl,93,0.153
org.apache.commons.math.distribution.TDistributionImpl,94,0.153
org.apache.commons.math.special.Beta,125,0.152
org.apache.commons.math.special.Beta,128,0.152
org.apache.commons.math.special.Beta,128,0.152
org.apache.commons.math.special.Beta,134,0.152
org.apache.commons.math.special.Beta,139,0.152
org.apache.commons.math.special.Beta,140,0.152
org.apache.commons.math.special.Beta,143,0.152
org.apache.commons.math.special.Beta,148,0.152
org.apache.commons.math.special.Beta,151,0.152
org.apache.commons.math.distribution.AbstractContinuousDistribution,47,0.149
org.apache.commons.math.distribution.AbstractContinuousDistribution,53,0.149
org.apache.commons.math.distribution.AbstractContinuousDistribution,54,0.149
org.apache.commons.math.stat.Frequency,178,0.149
org.apache.commons.math.stat.Frequency,179,0.149
org.apache.commons.math.special.Beta,195,0.149
org.apache.commons.math.distribution.ChiSquaredDistributionImpl,52,0.144
org.apache.commons.math.distribution.ChiSquaredDistributionImpl,53,0.144
org.apache.commons.math.distribution.ChiSquaredDistributionImpl,65,0.144
org.apache.commons.math.distribution.ChiSquaredDistributionImpl,66,0.144
org.apache.commons.math.distribution.ChiSquaredDistributionImpl,67,0.144
org.apache.commons.math.distribution.ChiSquaredDistributionImpl,68,0.144
org.apache.commons.math.distribution.ChiSquaredDistributionImpl,69,0.144
org.apache.commons.math.distribution.NormalDistributionImpl,105,0.144
org.apache.commons.math.distribution.NormalDistributionImpl,106,0.144
org.apache.commons.math.distribution.NormalDistributionImpl,131,0.144
org.apache.commons.math.distribution.NormalDistributionImpl,132,0.144
org.apache.commons.math.distribution.ChiSquaredDistributionImpl,255,0.144
org.apache.commons.math.distribution.ChiSquaredDistributionImpl,257,0.144
org.apache.commons.math.random.RandomDataImpl,493,0.144
org.apache.commons.math.random.RandomDataImpl,498,0.144
org.apache.commons.math.random.RandomDataImpl,501,0.144
org.apache.commons.math.random.RandomDataImpl,502,0.144
org.apache.commons.math.random.RandomDataImpl,506,0.144
org.apache.commons.math.special.Beta,54,0.142
org.apache.commons.math.linear.BlockRealMatrix,98,0.142
org.apache.commons.math.linear.BlockRealMatrix,99,0.142
org.apache.commons.math.linear.BlockRealMatrix,100,0.142
org.apache.commons.math.linear.BlockRealMatrix,103,0.142
org.apache.commons.math.linear.BlockRealMatrix,104,0.142
org.apache.commons.math.linear.BlockRealMatrix,107,0.142
org.apache.commons.math.linear.BlockRealMatrix,109,0.142
org.apache.commons.math.special.Beta,121,0.142
org.apache.commons.math.special.Beta,156,0.142
org.apache.commons.math.special.Beta,192,0.142
org.apache.commons.math.special.Beta,199,0.142
org.apache.commons.math.linear.BlockRealMatrix,267,0.142
org.apache.commons.math.linear.BlockRealMatrix,268,0.142
org.apache.commons.math.linear.BlockRealMatrix,270,0.142
org.apache.commons.math.linear.BlockRealMatrix,271,0.142
org.apache.commons.math.linear.BlockRealMatrix,272,0.142
org.apache.commons.math.linear.BlockRealMatrix,273,0.142
org.apache.commons.math.linear.BlockRealMatrix,274,0.142
org.apache.commons.math.linear.BlockRealMatrix,275,0.142
org.apache.commons.math.linear.BlockRealMatrix,276,0.142
org.apache.commons.math.linear.BlockRealMatrix,277,0.142
org.apache.commons.math.linear.BlockRealMatrix,278,0.142
org.apache.commons.math.linear.BlockRealMatrix,279,0.142
org.apache.commons.math.linear.BlockRealMatrix,280,0.142
org.apache.commons.math.linear.BlockRealMatrix,281,0.142
org.apache.commons.math.linear.BlockRealMatrix,285,0.142
org.apache.commons.math.distribution.AbstractDistribution,39,0.135
org.apache.commons.math.distribution.AbstractDistribution,40,0.135
org.apache.commons.math.distribution.ChiSquaredDistributionImpl,93,0.123
org.apache.commons.math.distribution.ChiSquaredDistributionImpl,94,0.123
org.apache.commons.math.stat.Frequency,267,0.123
org.apache.commons.math.distribution.ChiSquaredDistributionImpl,142,0.12
org.apache.commons.math.linear.BlockRealMatrix,126,0.116
org.apache.commons.math.linear.BlockRealMatrix,127,0.116
org.apache.commons.math.linear.BlockRealMatrix,206,0.116
org.apache.commons.math.linear.BlockRealMatrix,207,0.116
org.apache.commons.math.linear.BlockRealMatrix,208,0.116
org.apache.commons.math.linear.BlockRealMatrix,209,0.116
org.apache.commons.math.linear.BlockRealMatrix,212,0.116
org.apache.commons.math.linear.BlockRealMatrix,213,0.116
org.apache.commons.math.linear.BlockRealMatrix,214,0.116
org.apache.commons.math.linear.BlockRealMatrix,222,0.116
org.apache.commons.math.linear.BlockRealMatrix,223,0.116
org.apache.commons.math.linear.BlockRealMatrix,224,0.116
org.apache.commons.math.linear.BlockRealMatrix,225,0.116
org.apache.commons.math.linear.BlockRealMatrix,226,0.116
org.apache.commons.math.linear.BlockRealMatrix,227,0.116
org.apache.commons.math.linear.BlockRealMatrix,228,0.116
org.apache.commons.math.linear.BlockRealMatrix,229,0.116
org.apache.commons.math.linear.BlockRealMatrix,230,0.116
org.apache.commons.math.linear.BlockRealMatrix,231,0.116
org.apache.commons.math.linear.BlockRealMatrix,234,0.116
org.apache.commons.math.linear.BlockRealMatrix,235,0.116
org.apache.commons.math.linear.BlockRealMatrix,238,0.116
org.apache.commons.math.linear.BlockRealMatrix,239,0.116
org.apache.commons.math.linear.BlockRealMatrix,240,0.116
org.apache.commons.math.linear.BlockRealMatrix,241,0.116
org.apache.commons.math.linear.BlockRealMatrix,244,0.116
org.apache.commons.math.linear.BlockRealMatrix,249,0.116
org.apache.commons.math.linear.BlockRealMatrix,148,0.114
org.apache.commons.math.linear.BlockRealMatrix,149,0.114
org.apache.commons.math.linear.BlockRealMatrix,150,0.114
org.apache.commons.math.linear.BlockRealMatrix,153,0.114
org.apache.commons.math.linear.BlockRealMatrix,154,0.114
org.apache.commons.math.linear.BlockRealMatrix,156,0.114
org.apache.commons.math.linear.BlockRealMatrix,161,0.114
org.apache.commons.math.linear.BlockRealMatrix,164,0.114
org.apache.commons.math.linear.BlockRealMatrix,165,0.114
org.apache.commons.math.linear.BlockRealMatrix,166,0.114
org.apache.commons.math.linear.BlockRealMatrix,167,0.114
org.apache.commons.math.linear.BlockRealMatrix,168,0.114
org.apache.commons.math.linear.BlockRealMatrix,173,0.114
org.apache.commons.math.linear.BlockRealMatrix,179,0.114
org.apache.commons.math.distribution.GammaDistributionImpl,57,0.113
org.apache.commons.math.distribution.GammaDistributionImpl,58,0.113
org.apache.commons.math.distribution.GammaDistributionImpl,69,0.113
org.apache.commons.math.distribution.GammaDistributionImpl,70,0.113
org.apache.commons.math.distribution.GammaDistributionImpl,71,0.113
org.apache.commons.math.distribution.GammaDistributionImpl,72,0.113
org.apache.commons.math.distribution.GammaDistributionImpl,73,0.113
org.apache.commons.math.distribution.GammaDistributionImpl,179,0.113
org.apache.commons.math.distribution.GammaDistributionImpl,184,0.113
org.apache.commons.math.distribution.GammaDistributionImpl,185,0.113
org.apache.commons.math.linear.BlockRealMatrix,1675,0.11
org.apache.commons.math.distribution.NormalDistributionImpl,49,0.109
org.apache.commons.math.distribution.NormalDistributionImpl,52,0.109
org.apache.commons.math.distribution.NormalDistributionImpl,63,0.109
org.apache.commons.math.distribution.NormalDistributionImpl,64,0.109
org.apache.commons.math.distribution.NormalDistributionImpl,76,0.109
org.apache.commons.math.distribution.NormalDistributionImpl,77,0.109
org.apache.commons.math.distribution.NormalDistributionImpl,78,0.109
org.apache.commons.math.distribution.NormalDistributionImpl,79,0.109
org.apache.commons.math.distribution.NormalDistributionImpl,80,0.109
org.apache.commons.math.distribution.GammaDistributionImpl,95,0.109
org.apache.commons.math.distribution.GammaDistributionImpl,98,0.109
org.apache.commons.math.distribution.GammaDistributionImpl,101,0.109
org.apache.commons.math.distribution.NormalDistributionImpl,112,0.109
org.apache.commons.math.distribution.NormalDistributionImpl,113,0.109
org.apache.commons.math.distribution.NormalDistributionImpl,139,0.109
org.apache.commons.math.distribution.NormalDistributionImpl,144,0.109
org.apache.commons.math.distribution.NormalDistributionImpl,145,0.109
org.apache.commons.math.linear.BlockRealMatrix,1351,0.109
org.apache.commons.math.linear.BlockRealMatrix,1345,0.108
org.apache.commons.math.stat.Frequency,142,0.105
org.apache.commons.math.stat.Frequency,252,0.105
org.apache.commons.math.linear.BlockRealMatrix,1684,0.105
org.apache.commons.math.linear.MatrixUtils,544,0.105
org.apache.commons.math.linear.MatrixUtils,548,0.105
org.apache.commons.math.distribution.ChiSquaredDistributionImpl,100,0.104
org.apache.commons.math.distribution.ChiSquaredDistributionImpl,101,0.104
org.apache.commons.math.stat.Frequency,245,0.104
org.apache.commons.math.stat.Frequency,248,0.104
org.apache.commons.math.stat.Frequency,250,0.104
org.apache.commons.math.stat.Frequency,251,0.104
org.apache.commons.math.stat.Frequency,256,0.104
org.apache.commons.math.stat.Frequency,257,0.104
org.apache.commons.math.random.RandomDataImpl,101,0.102
org.apache.commons.math.random.RandomDataImpl,102,0.102
org.apache.commons.math.stat.Frequency,133,0.102
org.apache.commons.math.stat.Frequency,134,0.102
org.apache.commons.math.distribution.GammaDistributionImpl,137,0.102
org.apache.commons.math.distribution.GammaDistributionImpl,138,0.102
org.apache.commons.math.stat.Frequency,138,0.102
org.apache.commons.math.stat.Frequency,139,0.102
org.apache.commons.math.stat.Frequency,140,0.102
org.apache.commons.math.stat.Frequency,149,0.102
org.apache.commons.math.stat.Frequency,150,0.102
org.apache.commons.math.stat.Frequency,59,0.101
org.apache.commons.math.stat.Frequency,60,0.101
org.apache.commons.math.stat.Frequency,61,0.101
org.apache.commons.math.random.RandomDataImpl,93,0.101
org.apache.commons.math.random.RandomDataImpl,96,0.101
org.apache.commons.math.stat.inference.ChiSquareTestImpl,95,0.098
org.apache.commons.math.stat.inference.ChiSquareTestImpl,96,0.098
org.apache.commons.math.special.Gamma,127,0.098
org.apache.commons.math.special.Gamma,175,0.096
org.apache.commons.math.special.Gamma,176,0.096
org.apache.commons.math.special.Gamma,177,0.096
org.apache.commons.math.special.Gamma,178,0.096
org.apache.commons.math.special.Gamma,180,0.096
org.apache.commons.math.special.Gamma,181,0.096
org.apache.commons.math.special.Gamma,184,0.096
org.apache.commons.math.special.Gamma,186,0.096
org.apache.commons.math.special.Gamma,188,0.096
org.apache.commons.math.special.Gamma,191,0.096
org.apache.commons.math.stat.inference.ChiSquareTestImpl,66,0.094
org.apache.commons.math.stat.inference.ChiSquareTestImpl,71,0.094
org.apache.commons.math.stat.inference.ChiSquareTestImpl,75,0.094
org.apache.commons.math.stat.inference.ChiSquareTestImpl,76,0.094
org.apache.commons.math.stat.inference.ChiSquareTestImpl,77,0.094
org.apache.commons.math.stat.inference.ChiSquareTestImpl,78,0.094
org.apache.commons.math.stat.inference.ChiSquareTestImpl,79,0.094
org.apache.commons.math.stat.inference.ChiSquareTestImpl,80,0.094
org.apache.commons.math.stat.inference.ChiSquareTestImpl,81,0.094
org.apache.commons.math.stat.inference.ChiSquareTestImpl,83,0.094
org.apache.commons.math.stat.inference.ChiSquareTestImpl,84,0.094
org.apache.commons.math.stat.inference.ChiSquareTestImpl,85,0.094
org.apache.commons.math.stat.inference.ChiSquareTestImpl,89,0.094
org.apache.commons.math.stat.inference.ChiSquareTestImpl,90,0.094
org.apache.commons.math.stat.inference.ChiSquareTestImpl,91,0.094
org.apache.commons.math.stat.inference.ChiSquareTestImpl,99,0.094
org.apache.commons.math.stat.inference.ChiSquareTestImpl,373,0.094
org.apache.commons.math.stat.inference.ChiSquareTestImpl,374,0.094
org.apache.commons.math.stat.inference.ChiSquareTestImpl,380,0.094
org.apache.commons.math.special.Gamma,172,0.091
org.apache.commons.math.distribution.GammaDistributionImpl,146,0.09
org.apache.commons.math.distribution.GammaDistributionImpl,151,0.09
org.apache.commons.math.distribution.GammaDistributionImpl,152,0.09
org.apache.commons.math.random.RandomDataImpl,520,0.09
org.apache.commons.math.random.RandomDataImpl,521,0.09
org.apache.commons.math.distribution.AbstractIntegerDistribution,51,0.087
org.apache.commons.math.distribution.AbstractIntegerDistribution,52,0.087
org.apache.commons.math.stat.inference.ChiSquareTestImpl,389,0.087
org.apache.commons.math.stat.inference.ChiSquareTestImpl,390,0.087
org.apache.commons.math.stat.inference.ChiSquareTestImpl,396,0.087
org.apache.commons.math.special.Gamma,252,0.084
org.apache.commons.math.special.Gamma,252,0.084
org.apache.commons.math.special.Gamma,256,0.084
org.apache.commons.math.special.Gamma,261,0.084
org.apache.commons.math.special.Gamma,265,0.084
org.apache.commons.math.special.Gamma,266,0.084
org.apache.commons.math.special.Gamma,246,0.083
org.apache.commons.math.special.Gamma,169,0.082
org.apache.commons.math.special.Gamma,244,0.082
org.apache.commons.math.special.Gamma,167,0.081
org.apache.commons.math.special.Gamma,242,0.079
org.apache.commons.math.special.Gamma,269,0.079
org.apache.commons.math.random.RandomDataImpl,519,0.078
org.apache.commons.math.random.RandomDataImpl,523,0.078
org.apache.commons.math.special.Gamma,165,0.077
org.apache.commons.math.special.Gamma,195,0.077
org.apache.commons.math.random.JDKRandomGenerator,28,0.075
org.apache.commons.math.linear.AbstractRealMatrix,61,0.065
org.apache.commons.math.linear.AbstractRealMatrix,66,0.065
org.apache.commons.math.linear.AbstractRealMatrix,67,0.065
org.apache.commons.math.linear.AbstractRealMatrix,55,0.065
org.apache.commons.math.linear.AbstractRealMatrix,56,0.065
