com.google.gson.internal.bind.TypeAdapters,833,0.277
com.google.gson.stream.JsonReader,575,0.158
com.google.gson.internal.bind.TypeAdapters,647,0.141
com.google.gson.internal.bind.TypeAdapters,645,0.116
com.google.gson.JsonPrimitive,64,0.093
com.google.gson.JsonPrimitive,65,0.093
com.google.gson.JsonPrimitive,66,0.093
com.google.gson.JsonPrimitive,275,0.091
com.google.gson.JsonPrimitive,274,0.088
com.google.gson.stream.JsonReader,827,0.088
com.google.gson.stream.JsonReader,577,0.085
com.google.gson.stream.JsonReader,574,0.085
com.google.gson.JsonPrimitive,100,0.076
com.google.gson.JsonPrimitive,102,0.076
com.google.gson.stream.JsonReader,826,0.076
com.google.gson.JsonPrimitive,94,0.075
com.google.gson.JsonPrimitive,104,0.075
com.google.gson.JsonElement,33,0.07
com.google.gson.Gson,700,0.068
com.google.gson.Gson,701,0.068
com.google.gson.stream.JsonReader,454,0.068
com.google.gson.internal.Primitives,98,0.066
com.google.gson.internal.Primitives,100,0.066
com.google.gson.stream.JsonReader,1425,0.065
com.google.gson.stream.JsonReader,824,0.064
com.google.gson.stream.JsonReader,840,0.062
com.google.gson.stream.JsonReader,841,0.062
com.google.gson.stream.JsonReader,842,0.062
com.google.gson.stream.JsonReader,1022,0.062
com.google.gson.stream.JsonReader,1026,0.061
com.google.gson.Gson,728,0.061
com.google.gson.Gson,729,0.061
com.google.gson.stream.JsonReader,1012,0.061
com.google.gson.stream.JsonReader,1013,0.061
com.google.gson.stream.JsonReader,1014,0.061
com.google.gson.Gson,779,0.061
com.google.gson.Gson,780,0.061
com.google.gson.Gson,781,0.061
com.google.gson.stream.JsonReader,1015,0.061
com.google.gson.stream.JsonReader,1422,0.061
com.google.gson.Gson,786,0.061
com.google.gson.Gson,793,0.061
com.google.gson.Gson,794,0.061
com.google.gson.stream.JsonReader,1001,0.061
com.google.gson.stream.JsonReader,1002,0.061
com.google.gson.stream.JsonReader,1004,0.061
com.google.gson.stream.JsonReader,1005,0.061
com.google.gson.stream.JsonReader,1007,0.061
com.google.gson.stream.JsonReader,1008,0.061
com.google.gson.stream.JsonReader,1009,0.061
com.google.gson.stream.JsonReader,1011,0.061
com.google.gson.stream.JsonReader,822,0.06
com.google.gson.stream.JsonReader,817,0.06
com.google.gson.stream.JsonReader,818,0.06
com.google.gson.Gson,814,0.06
com.google.gson.Gson,815,0.06
com.google.gson.Gson,727,0.057
com.google.gson.Gson,724,0.057
com.google.gson.Gson,778,0.057
com.google.gson.stream.JsonReader,459,0.056
com.google.gson.stream.JsonReader,544,0.056
com.google.gson.stream.JsonReader,1417,0.056
com.google.gson.Gson,812,0.055
com.google.gson.Gson,813,0.055
com.google.gson.stream.JsonReader,542,0.055
com.google.gson.stream.JsonReader,543,0.055
com.google.gson.Gson,810,0.055
com.google.gson.Gson,811,0.055
com.google.gson.Gson,806,0.055
com.google.gson.Gson,807,0.055
com.google.gson.Gson,808,0.055
com.google.gson.Gson,831,0.055
com.google.gson.stream.JsonReader,1347,0.055
com.google.gson.stream.JsonReader,1413,0.055
com.google.gson.stream.JsonReader,541,0.055
com.google.gson.stream.JsonReader,1591,0.054
com.google.gson.stream.JsonReader,1589,0.053
com.google.gson.stream.JsonReader,1590,0.053
com.google.gson.stream.JsonReader,333,0.053
com.google.gson.stream.JsonReader,1314,0.053
com.google.gson.internal.,45,0.052
com.google.gson.internal.,48,0.052
com.google.gson.stream.JsonReader,429,0.05
com.google.gson.stream.JsonReader,432,0.05
com.google.gson.stream.JsonReader,538,0.049
com.google.gson.stream.JsonReader,1582,0.049
com.google.gson.stream.JsonReader,1583,0.049
com.google.gson.stream.JsonReader,1585,0.049
com.google.gson.stream.JsonReader,326,0.049
com.google.gson.stream.JsonReader,327,0.049
com.google.gson.stream.JsonReader,427,0.048
com.google.gson.stream.JsonReader,428,0.048
com.google.gson.Gson,177,0.047
com.google.gson.Gson,181,0.047
com.google.gson.stream.JsonReader,1397,0.045
com.google.gson.stream.JsonReader,1409,0.045
com.google.gson.stream.JsonReader,1410,0.045
com.google.gson.stream.JsonReader,553,0.045
com.google.gson.stream.JsonReader,554,0.045
com.google.gson.stream.JsonReader,1362,0.045
com.google.gson.stream.JsonReader,540,0.045
com.google.gson.stream.JsonReader,1301,0.045
com.google.gson.stream.JsonReader,1304,0.045
com.google.gson.stream.JsonReader,1310,0.045
com.google.gson.stream.JsonReader,1311,0.045
com.google.gson.stream.JsonReader,1349,0.045
com.google.gson.stream.JsonReader,1350,0.045
com.google.gson.stream.JsonReader,1353,0.045
com.google.gson.stream.JsonReader,1354,0.045
com.google.gson.stream.JsonReader,1358,0.045
com.google.gson.stream.JsonReader,537,0.045
com.google.gson.stream.JsonReader,1289,0.045
com.google.gson.stream.JsonReader,1290,0.045
com.google.gson.stream.JsonReader,1291,0.045
com.google.gson.stream.JsonReader,1295,0.045
com.google.gson.stream.JsonReader,1298,0.045
com.google.gson.stream.JsonReader,1300,0.045
com.google.gson.stream.JsonReader,1340,0.045
com.google.gson.stream.JsonReader,1341,0.045
com.google.gson.stream.JsonReader,1342,0.045
com.google.gson.stream.JsonReader,1344,0.045
com.google.gson.stream.JsonReader,1345,0.045
com.google.gson.stream.JsonReader,1346,0.045
com.google.gson.stream.JsonReader,466,0.045
com.google.gson.stream.JsonReader,467,0.045
com.google.gson.stream.JsonReader,469,0.045
com.google.gson.stream.JsonReader,482,0.045
com.google.gson.stream.JsonReader,520,0.045
com.google.gson.stream.JsonReader,536,0.045
com.google.gson.stream.JsonReader,293,0.045
com.google.gson.stream.JsonReader,294,0.045
com.google.gson.stream.JsonReader,230,0.045
com.google.gson.stream.JsonReader,238,0.045
com.google.gson.stream.JsonReader,239,0.045
com.google.gson.stream.JsonReader,240,0.045
com.google.gson.stream.JsonReader,242,0.045
com.google.gson.stream.JsonReader,243,0.045
com.google.gson.stream.JsonReader,245,0.045
com.google.gson.stream.JsonReader,269,0.045
com.google.gson.stream.JsonReader,270,0.045
com.google.gson.stream.JsonReader,272,0.045
com.google.gson.stream.JsonReader,283,0.045
com.google.gson.stream.JsonReader,284,0.045
com.google.gson.stream.JsonReader,289,0.045
com.google.gson.stream.JsonReader,290,0.045
com.google.gson.Gson,308,0.041
com.google.gson.internal.bind.JsonAdapterAnnotationTypeAdapterFactory,36,0.041
com.google.gson.internal.bind.JsonAdapterAnnotationTypeAdapterFactory,37,0.041
com.google.gson.internal.bind.JsonAdapterAnnotationTypeAdapterFactory,38,0.041
com.google.gson.internal.bind.CollectionTypeAdapterFactory,39,0.041
com.google.gson.internal.bind.CollectionTypeAdapterFactory,40,0.041
com.google.gson.internal.bind.CollectionTypeAdapterFactory,41,0.041
com.google.gson.internal.ConstructorConstructor,47,0.041
com.google.gson.internal.ConstructorConstructor,48,0.041
com.google.gson.internal.ConstructorConstructor,49,0.041
com.google.gson.internal.bind.ReflectiveTypeAdapterFactory,55,0.041
com.google.gson.internal.bind.ReflectiveTypeAdapterFactory,56,0.041
com.google.gson.internal.bind.ReflectiveTypeAdapterFactory,57,0.041
com.google.gson.internal.bind.ReflectiveTypeAdapterFactory,58,0.041
com.google.gson.internal.bind.ReflectiveTypeAdapterFactory,59,0.041
com.google.gson.internal.bind.MapTypeAdapterFactory,110,0.041
com.google.gson.internal.bind.MapTypeAdapterFactory,111,0.041
com.google.gson.Gson,112,0.041
com.google.gson.internal.bind.MapTypeAdapterFactory,112,0.041
com.google.gson.internal.bind.MapTypeAdapterFactory,113,0.041
com.google.gson.Gson,115,0.041
com.google.gson.Gson,126,0.041
com.google.gson.Gson,126,0.041
com.google.gson.Gson,133,0.041
com.google.gson.Gson,133,0.041
com.google.gson.Gson,188,0.041
com.google.gson.Gson,189,0.041
com.google.gson.Gson,190,0.041
com.google.gson.Gson,191,0.041
com.google.gson.Gson,192,0.041
com.google.gson.Gson,193,0.041
com.google.gson.Gson,195,0.041
com.google.gson.Gson,198,0.041
com.google.gson.Gson,199,0.041
com.google.gson.Gson,202,0.041
com.google.gson.Gson,205,0.041
com.google.gson.Gson,208,0.041
com.google.gson.Gson,209,0.041
com.google.gson.Gson,210,0.041
com.google.gson.Gson,211,0.041
com.google.gson.Gson,212,0.041
com.google.gson.Gson,213,0.041
com.google.gson.Gson,215,0.041
com.google.gson.Gson,217,0.041
com.google.gson.Gson,219,0.041
com.google.gson.Gson,220,0.041
com.google.gson.Gson,221,0.041
com.google.gson.Gson,222,0.041
com.google.gson.Gson,223,0.041
com.google.gson.Gson,224,0.041
com.google.gson.Gson,225,0.041
com.google.gson.Gson,226,0.041
com.google.gson.Gson,227,0.041
com.google.gson.Gson,228,0.041
com.google.gson.Gson,229,0.041
com.google.gson.Gson,230,0.041
com.google.gson.Gson,231,0.041
com.google.gson.Gson,232,0.041
com.google.gson.Gson,233,0.041
com.google.gson.Gson,234,0.041
com.google.gson.Gson,235,0.041
com.google.gson.Gson,236,0.041
com.google.gson.Gson,237,0.041
com.google.gson.Gson,240,0.041
com.google.gson.Gson,241,0.041
com.google.gson.Gson,242,0.041
com.google.gson.Gson,243,0.041
com.google.gson.Gson,244,0.041
com.google.gson.Gson,247,0.041
com.google.gson.Gson,248,0.041
com.google.gson.Gson,251,0.041
com.google.gson.Gson,254,0.041
com.google.gson.Gson,254,0.041
com.google.gson.Gson,275,0.041
com.google.gson.Gson,278,0.041
com.google.gson.Gson,278,0.041
com.google.gson.Gson,307,0.041
com.google.gson.internal.bind.TypeAdapters,779,0.041
com.google.gson.internal.bind.TypeAdapters,779,0.041
com.google.gson.internal.bind.TypeAdapters,792,0.041
com.google.gson.internal.bind.TypeAdapters,792,0.041
com.google.gson.reflect.TypeToken,94,0.04
com.google.gson.Gson,341,0.04
com.google.gson.Gson,342,0.04
com.google.gson.Gson,343,0.04
com.google.gson.Gson,344,0.04
com.google.gson.Gson,345,0.04
com.google.gson.Gson,346,0.04
com.google.gson.Gson,350,0.04
com.google.gson.Gson,351,0.04
com.google.gson.Gson,356,0.04
com.google.gson.Gson,357,0.04
com.google.gson.Gson,359,0.04
com.google.gson.Gson,360,0.04
com.google.gson.Gson,361,0.04
com.google.gson.Gson,362,0.04
com.google.gson.Gson,363,0.04
com.google.gson.Gson,364,0.04
com.google.gson.Gson,369,0.04
com.google.gson.Gson,371,0.04
com.google.gson.Gson,372,0.04
com.google.gson.internal.bind.TypeAdapters,829,0.04
com.google.gson.internal.bind.TypeAdapters,830,0.04
com.google.gson.Gson,882,0.04
com.google.gson.Gson,886,0.04
com.google.gson.Gson,889,0.04
com.google.gson.Gson,890,0.04
com.google.gson.internal.,122,0.04
com.google.gson.reflect.TypeToken,280,0.04
com.google.gson.Gson,336,0.04
com.google.gson.Gson,337,0.04
com.google.gson.reflect.TypeToken,296,0.04
com.google.gson.reflect.TypeToken,72,0.04
com.google.gson.reflect.TypeToken,73,0.04
com.google.gson.reflect.TypeToken,74,0.04
com.google.gson.reflect.TypeToken,75,0.04
com.google.gson.reflect.TypeToken,71,0.04
com.google.gson.internal.,120,0.04
com.google.gson.internal.,96,0.04
com.google.gson.internal.,97,0.04
com.google.gson.internal.,98,0.04
com.google.gson.TypeAdapter,119,0.04
com.google.gson.internal.,41,0.04
com.google.gson.internal.,38,0.04
