com.google.javascript.jscomp.CheckSideEffects,115,1
com.google.javascript.rhino.Token,187,1
com.google.javascript.jscomp.CompilerTestCase,371,1
com.google.javascript.jscomp.CompilerTestCase,445,1
com.google.javascript.jscomp.CompilerTestCase,841,1
com.google.javascript.jscomp.CheckSideEffects,102,0.577
com.google.javascript.jscomp.CheckSideEffects,103,0.577
com.google.javascript.jscomp.CheckSideEffects,111,0.577
com.google.javascript.jscomp.CheckSideEffects,112,0.577
com.google.javascript.jscomp.CheckSideEffects,113,0.577
com.google.javascript.jscomp.CheckSideEffects,114,0.577
com.google.javascript.jscomp.CheckSideEffects,116,0.577
com.google.javascript.jscomp.CheckSideEffects,117,0.577
com.google.javascript.jscomp.CheckSideEffects,141,0.577
com.google.javascript.jscomp.NodeUtil,3123,0.447
com.google.javascript.jscomp.NodeUtil,3124,0.447
com.google.javascript.jscomp.NodeUtil,3138,0.447
com.google.javascript.jscomp.CheckSideEffects,91,0.316
com.google.javascript.jscomp.CheckSideEffects,143,0.316
com.google.javascript.jscomp.CheckSideEffects,164,0.302
com.google.javascript.jscomp.CheckSideEffects,165,0.302
com.google.javascript.jscomp.CheckSideEffects,166,0.302
com.google.javascript.jscomp.CheckSideEffects,167,0.302
com.google.javascript.jscomp.CheckSideEffects,168,0.302
com.google.javascript.jscomp.CheckSideEffects,169,0.302
com.google.javascript.jscomp.CheckSideEffects,170,0.302
com.google.javascript.jscomp.CheckSideEffects,171,0.302
com.google.javascript.jscomp.CheckSideEffects,172,0.302
com.google.javascript.jscomp.CheckSideEffects,173,0.302
com.google.javascript.jscomp.CheckSideEffects,178,0.302
com.google.javascript.jscomp.CheckSideEffects,179,0.302
com.google.javascript.jscomp.CheckSideEffects,180,0.302
com.google.javascript.jscomp.CheckSideEffects,182,0.302
com.google.javascript.jscomp.CheckSideEffects,183,0.302
com.google.javascript.jscomp.CheckSideEffects,184,0.302
com.google.javascript.jscomp.CheckSideEffects,185,0.302
com.google.javascript.jscomp.CheckSideEffects,186,0.302
com.google.javascript.jscomp.CheckSideEffects,187,0.302
com.google.javascript.jscomp.CheckSideEffects,188,0.302
com.google.javascript.jscomp.NodeUtil,1170,0.196
com.google.javascript.jscomp.CheckSideEffects,142,0.192
com.google.javascript.jscomp.CheckSideEffects,136,0.186
com.google.javascript.jscomp.CheckSideEffects,139,0.186
com.google.javascript.jscomp.CheckSideEffects,140,0.186
com.google.javascript.jscomp.CheckSideEffects,147,0.186
com.google.javascript.jscomp.CheckSideEffects,151,0.186
com.google.javascript.jscomp.CheckSideEffects,152,0.186
com.google.javascript.jscomp.CheckSideEffects,134,0.174
com.google.javascript.rhino.JSDocInfoBuilder,779,0.167
com.google.javascript.rhino.JSDocInfoBuilder,780,0.167
com.google.javascript.rhino.JSDocInfoBuilder,781,0.167
com.google.javascript.rhino.JSDocInfoBuilder,782,0.167
com.google.javascript.rhino.JSDocInfo,373,0.164
com.google.javascript.rhino.JSDocInfo,374,0.164
com.google.javascript.rhino.JSDocInfo,499,0.156
com.google.javascript.rhino.Node,687,0.156
com.google.javascript.rhino.Node,690,0.156
com.google.javascript.rhino.Node,692,0.156
com.google.javascript.jscomp.NodeUtil,2139,0.152
com.google.javascript.jscomp.NodeUtil,1192,0.129
com.google.javascript.jscomp.CodeGenerator,175,0.122
com.google.javascript.jscomp.CodeGenerator,222,0.117
com.google.javascript.jscomp.CodeGenerator,223,0.117
com.google.javascript.jscomp.CodeGenerator,224,0.117
com.google.javascript.rhino.Node,186,0.115
com.google.javascript.rhino.Node,635,0.11
com.google.javascript.rhino.Node,636,0.11
com.google.javascript.jscomp.Compiler,2335,0.11
com.google.javascript.jscomp.Compiler,2336,0.11
com.google.javascript.jscomp.Compiler,2338,0.11
com.google.javascript.jscomp.SyntheticAst,37,0.108
com.google.javascript.jscomp.SyntheticAst,38,0.108
com.google.javascript.jscomp.SyntheticAst,39,0.108
com.google.javascript.jscomp.SyntheticAst,40,0.108
com.google.javascript.jscomp.SyntheticAst,41,0.108
com.google.javascript.jscomp.SyntheticAst,45,0.108
com.google.javascript.jscomp.SyntheticAst,50,0.108
com.google.javascript.jscomp.SyntheticAst,51,0.108
com.google.javascript.jscomp.SyntheticAst,52,0.108
com.google.javascript.jscomp.SyntheticAst,53,0.108
com.google.javascript.jscomp.SyntheticAst,57,0.108
com.google.javascript.jscomp.SyntheticAst,62,0.108
com.google.javascript.jscomp.Compiler,1027,0.108
com.google.javascript.jscomp.Compiler,1028,0.108
com.google.javascript.jscomp.Compiler,1031,0.108
com.google.javascript.jscomp.Compiler,1032,0.108
com.google.javascript.jscomp.Compiler,1033,0.108
com.google.javascript.jscomp.Compiler,1034,0.108
com.google.javascript.jscomp.Compiler,1035,0.108
com.google.javascript.jscomp.NodeUtil,882,0.106
com.google.javascript.jscomp.parsing.IRFactory,1242,0.103
com.google.javascript.jscomp.parsing.IRFactory,225,0.099
com.google.javascript.jscomp.parsing.IRFactory,226,0.099
com.google.javascript.rhino.Node,1966,0.099
com.google.javascript.rhino.Node,1967,0.099
com.google.javascript.jscomp.NodeTraversal,671,0.098
com.google.javascript.jscomp.CheckSideEffects,74,0.097
com.google.javascript.jscomp.CheckSideEffects,163,0.097
com.google.javascript.jscomp.CheckSideEffects,175,0.097
com.google.javascript.rhino.IR,301,0.097
com.google.javascript.rhino.IR,302,0.097
com.google.javascript.rhino.IR,306,0.097
com.google.javascript.jscomp.JSError,130,0.083
com.google.javascript.jscomp.CodeGenerator,816,0.082
com.google.javascript.jscomp.CodeGenerator,812,0.081
com.google.javascript.jscomp.CodeGenerator,818,0.081
com.google.javascript.jscomp.parsing.IRFactory,1159,0.079
com.google.javascript.jscomp.CodeConsumer,140,0.072
com.google.javascript.jscomp.CodeConsumer,141,0.072
com.google.javascript.jscomp.CodeConsumer,142,0.072
com.google.javascript.jscomp.CodeGenerator,887,0.069
com.google.javascript.jscomp.CodeGenerator,888,0.069
com.google.javascript.jscomp.CodeGenerator,889,0.069
com.google.javascript.jscomp.CodeGenerator,1195,0.069
com.google.javascript.jscomp.NodeUtil,880,0.067
com.google.javascript.jscomp.NodeUtil,881,0.067
com.google.javascript.jscomp.CodeGenerator,542,0.064
com.google.javascript.jscomp.CodeGenerator,543,0.064
com.google.javascript.jscomp.AstValidator,143,0.06
com.google.javascript.jscomp.AstValidator,144,0.06
com.google.javascript.jscomp.NodeUtil,929,0.06
com.google.javascript.jscomp.parsing.IRFactory,228,0.059
com.google.javascript.jscomp.parsing.IRFactory,229,0.059
com.google.javascript.jscomp.parsing.IRFactory,230,0.059
com.google.javascript.jscomp.parsing.IRFactory,231,0.059
com.google.javascript.jscomp.parsing.IRFactory,232,0.059
com.google.javascript.jscomp.CodeGenerator,835,0.057
com.google.javascript.jscomp.CodeGenerator,524,0.057
com.google.javascript.jscomp.CodeGenerator,525,0.057
com.google.javascript.jscomp.CodeGenerator,527,0.057
com.google.javascript.jscomp.CodeGenerator,531,0.057
com.google.javascript.jscomp.CodeGenerator,532,0.057
com.google.javascript.jscomp.CodeGenerator,533,0.057
com.google.javascript.jscomp.CodeGenerator,535,0.057
com.google.javascript.jscomp.CodeGenerator,546,0.057
com.google.javascript.jscomp.CodeGenerator,862,0.057
com.google.javascript.jscomp.CodeGenerator,879,0.057
com.google.javascript.jscomp.CodeGenerator,825,0.056
com.google.javascript.jscomp.CodeGenerator,826,0.056
com.google.javascript.jscomp.CodeGenerator,827,0.056
com.google.javascript.jscomp.CodeGenerator,1146,0.056
com.google.javascript.jscomp.CodeGenerator,1147,0.056
com.google.javascript.jscomp.CodeGenerator,1152,0.056
com.google.javascript.jscomp.CodeGenerator,1153,0.056
com.google.javascript.jscomp.AstValidator,119,0.056
com.google.javascript.jscomp.AstValidator,120,0.056
com.google.javascript.jscomp.AstValidator,466,0.056
com.google.javascript.jscomp.AstValidator,467,0.056
com.google.javascript.jscomp.AstValidator,470,0.056
com.google.javascript.jscomp.AstValidator,462,0.056
com.google.javascript.jscomp.AstValidator,463,0.056
com.google.javascript.jscomp.AstValidator,464,0.056
com.google.javascript.jscomp.AstValidator,465,0.056
com.google.javascript.jscomp.CodeGenerator,441,0.054
com.google.javascript.jscomp.CodeGenerator,442,0.054
com.google.javascript.jscomp.parsing.IRFactory,224,0.054
com.google.javascript.jscomp.CheckSideEffects,123,0.053
com.google.javascript.jscomp.CheckSideEffects,126,0.053
com.google.javascript.jscomp.CodeGenerator,839,0.052
com.google.javascript.jscomp.SuppressDocWarningsGuard,70,0.052
com.google.javascript.jscomp.SuppressDocWarningsGuard,71,0.052
com.google.javascript.jscomp.CodeGenerator,821,0.052
com.google.javascript.jscomp.CodeGenerator,1135,0.052
com.google.javascript.jscomp.CodeGenerator,1137,0.052
com.google.javascript.jscomp.CodeGenerator,1138,0.052
com.google.javascript.jscomp.CheckSideEffects,51,0.052
com.google.javascript.jscomp.CheckSideEffects,58,0.052
com.google.javascript.jscomp.CheckSideEffects,59,0.052
com.google.javascript.jscomp.CheckSideEffects,60,0.052
com.google.javascript.jscomp.CheckSideEffects,61,0.052
com.google.javascript.jscomp.CheckSideEffects,62,0.052
com.google.javascript.jscomp.CheckSideEffects,66,0.052
com.google.javascript.jscomp.CheckSideEffects,73,0.052
com.google.javascript.jscomp.CheckSideEffects,76,0.052
com.google.javascript.jscomp.CheckSideEffects,89,0.052
com.google.javascript.jscomp.CheckSideEffects,94,0.052
com.google.javascript.jscomp.CheckSideEffects,95,0.052
com.google.javascript.jscomp.CheckSideEffects,101,0.052
com.google.javascript.jscomp.CheckSideEffects,122,0.052
com.google.javascript.jscomp.CheckSideEffects,130,0.052
com.google.javascript.jscomp.CheckSideEffects,131,0.052
com.google.javascript.jscomp.CheckSideEffects,132,0.052
com.google.javascript.jscomp.CheckSideEffects,155,0.052
com.google.javascript.jscomp.AstValidator,794,0.052
com.google.javascript.jscomp.CodeGenerator,844,0.052
com.google.javascript.jscomp.CodeGenerator,847,0.052
com.google.javascript.jscomp.CodeGenerator,851,0.052
com.google.javascript.jscomp.CodeGenerator,855,0.052
com.google.javascript.jscomp.CodeConsumer,301,0.049
com.google.javascript.jscomp.NodeUtil,876,0.048
com.google.javascript.jscomp.NodeUtil,3116,0.048
com.google.javascript.jscomp.NodeUtil,924,0.048
com.google.javascript.jscomp.NodeUtil,3112,0.048
com.google.javascript.jscomp.NodeUtil,3113,0.048
com.google.javascript.jscomp.NodeUtil,872,0.047
com.google.javascript.jscomp.NodeUtil,742,0.047
com.google.javascript.jscomp.NodeUtil,867,0.047
com.google.javascript.jscomp.CodeGenerator,810,0.046
com.google.javascript.jscomp.CodeGenerator,811,0.046
com.google.javascript.jscomp.CodeGenerator,1132,0.046
com.google.javascript.jscomp.CodeGenerator,1133,0.046
com.google.javascript.jscomp.CodeGenerator,1134,0.046
com.google.javascript.jscomp.CodeGenerator,1141,0.046
com.google.javascript.jscomp.AstValidator,793,0.046
com.google.javascript.jscomp.CodeGenerator,801,0.046
com.google.javascript.jscomp.CodeGenerator,803,0.046
com.google.javascript.jscomp.CodeGenerator,809,0.046
com.google.javascript.jscomp.CodeGenerator,910,0.046
com.google.javascript.jscomp.CodeGenerator,911,0.046
com.google.javascript.jscomp.NodeUtil,879,0.046
com.google.javascript.rhino.Node,671,0.045
com.google.javascript.rhino.Node,672,0.045
com.google.javascript.rhino.Node,673,0.045
com.google.javascript.rhino.Node,674,0.045
com.google.javascript.rhino.Node,677,0.045
com.google.javascript.rhino.Node,678,0.045
com.google.javascript.rhino.Node,694,0.045
com.google.javascript.jscomp.NodeUtil,841,0.045
com.google.javascript.jscomp.AstValidator,811,0.045
com.google.javascript.rhino.Node,590,0.043
com.google.javascript.rhino.Node,591,0.043
com.google.javascript.rhino.Node,594,0.043
com.google.javascript.jscomp.CodeGenerator,638,0.042
com.google.javascript.jscomp.CodeGenerator,640,0.042
com.google.javascript.jscomp.CodeGenerator,641,0.042
com.google.javascript.jscomp.NodeUtil,1009,0.042
com.google.javascript.jscomp.NodeUtil,1010,0.042
com.google.javascript.jscomp.CodeGenerator,972,0.042
com.google.javascript.jscomp.parsing.TypeSafeDispatcher,240,0.042
com.google.javascript.jscomp.parsing.IRFactory,712,0.042
com.google.javascript.jscomp.parsing.IRFactory,713,0.042
com.google.javascript.jscomp.parsing.IRFactory,714,0.042
com.google.javascript.jscomp.parsing.IRFactory,715,0.042
com.google.javascript.jscomp.parsing.IRFactory,718,0.042
com.google.javascript.jscomp.CodeGenerator,958,0.041
com.google.javascript.jscomp.CodeGenerator,959,0.041
com.google.javascript.jscomp.CodeGenerator,960,0.041
com.google.javascript.jscomp.CodeGenerator,961,0.041
com.google.javascript.jscomp.CodeGenerator,963,0.041
com.google.javascript.jscomp.CodeGenerator,987,0.041
com.google.javascript.jscomp.CodeGenerator,988,0.041
com.google.javascript.jscomp.CodeGenerator,989,0.041
com.google.javascript.jscomp.CodeGenerator,953,0.041
com.google.javascript.jscomp.CodeGenerator,954,0.041
com.google.javascript.jscomp.CodeGenerator,955,0.041
com.google.javascript.jscomp.CodeGenerator,965,0.041
com.google.javascript.jscomp.CodeGenerator,968,0.041
com.google.javascript.jscomp.CodeGenerator,971,0.041
com.google.javascript.jscomp.CodeGenerator,980,0.041
com.google.javascript.jscomp.CodeGenerator,992,0.041
com.google.javascript.jscomp.CodeGenerator,1026,0.041
com.google.javascript.jscomp.CodeGenerator,1027,0.041
com.google.javascript.jscomp.CodeGenerator,1079,0.041
com.google.javascript.jscomp.CodeGenerator,1090,0.041
com.google.javascript.jscomp.CodeGenerator,1091,0.041
com.google.javascript.jscomp.CodeConsumer,124,0.041
com.google.javascript.jscomp.CodeConsumer,125,0.041
com.google.javascript.jscomp.CodeConsumer,126,0.041
com.google.javascript.jscomp.NodeUtil,928,0.041
com.google.javascript.rhino.Node,2235,0.041
com.google.javascript.jscomp.CodeGenerator,1023,0.041
com.google.javascript.jscomp.CodeGenerator,1024,0.041
com.google.javascript.jscomp.CodeGenerator,1025,0.041
com.google.javascript.jscomp.CodeGenerator,1101,0.041
com.google.javascript.jscomp.CodeGenerator,1102,0.041
com.google.javascript.jscomp.AstValidator,202,0.04
com.google.javascript.jscomp.AstValidator,203,0.04
com.google.javascript.jscomp.SuppressDocWarningsGuard,66,0.04
com.google.javascript.jscomp.NodeUtil,745,0.04
com.google.javascript.jscomp.CodeGenerator,171,0.039
com.google.javascript.jscomp.CodeGenerator,172,0.039
com.google.javascript.jscomp.CodeGenerator,177,0.039
com.google.javascript.jscomp.CodeGenerator,178,0.039
com.google.javascript.rhino.Node,1345,0.039
com.google.javascript.rhino.Node,1357,0.039
com.google.javascript.rhino.Node,1358,0.039
com.google.javascript.rhino.Node,1359,0.039
com.google.javascript.rhino.Node,1363,0.039
com.google.javascript.rhino.Node,1363,0.039
com.google.javascript.rhino.Node,1366,0.039
com.google.javascript.rhino.Node,1371,0.039
com.google.javascript.rhino.Node,1372,0.039
com.google.javascript.rhino.Node,1373,0.039
com.google.javascript.rhino.Node,1374,0.039
com.google.javascript.rhino.Node,727,0.038
com.google.javascript.rhino.Node,728,0.038
com.google.javascript.jscomp.AstValidator,227,0.037
com.google.javascript.jscomp.AstValidator,228,0.037
com.google.javascript.jscomp.AstValidator,128,0.037
com.google.javascript.jscomp.AstValidator,129,0.037
com.google.javascript.jscomp.AstValidator,479,0.037
com.google.javascript.jscomp.AstValidator,480,0.037
com.google.javascript.jscomp.AstValidator,481,0.037
com.google.javascript.jscomp.AstValidator,484,0.037
com.google.javascript.jscomp.NodeUtil,875,0.037
com.google.javascript.jscomp.AstValidator,637,0.037
com.google.javascript.jscomp.AstValidator,638,0.037
com.google.javascript.jscomp.AstValidator,641,0.037
com.google.javascript.jscomp.AstValidator,644,0.037
com.google.javascript.jscomp.AstValidator,645,0.037
com.google.javascript.jscomp.NodeUtil,814,0.036
com.google.javascript.jscomp.NodeUtil,1005,0.036
com.google.javascript.jscomp.NodeUtil,1008,0.036
com.google.javascript.jscomp.NodeUtil,1013,0.036
com.google.javascript.jscomp.NodeUtil,1049,0.036
com.google.javascript.jscomp.NodeUtil,933,0.036
com.google.javascript.jscomp.NodeUtil,996,0.036
com.google.javascript.jscomp.NodeUtil,1001,0.036
com.google.javascript.jscomp.parsing.IRFactory,572,0.035
com.google.javascript.jscomp.parsing.IRFactory,573,0.035
com.google.javascript.rhino.Node,2110,0.035
com.google.javascript.rhino.Node,2126,0.035
com.google.javascript.rhino.Node,2023,0.035
com.google.javascript.rhino.IR,319,0.034
com.google.javascript.jscomp.NodeUtil,927,0.034
com.google.javascript.rhino.IR,156,0.034
com.google.javascript.rhino.IR,157,0.034
com.google.javascript.jscomp.parsing.TypeSafeDispatcher,244,0.034
com.google.javascript.jscomp.parsing.IRFactory,862,0.034
com.google.javascript.jscomp.parsing.IRFactory,863,0.034
com.google.javascript.jscomp.parsing.IRFactory,864,0.034
com.google.javascript.jscomp.parsing.TypeSafeDispatcher,199,0.034
com.google.javascript.jscomp.parsing.IRFactory,222,0.034
com.google.javascript.jscomp.parsing.IRFactory,223,0.034
com.google.javascript.jscomp.parsing.IRFactory,235,0.034
com.google.javascript.jscomp.AstValidator,748,0.034
com.google.javascript.jscomp.AstValidator,749,0.034
com.google.javascript.jscomp.AstValidator,750,0.034
com.google.javascript.jscomp.AstValidator,751,0.034
com.google.javascript.jscomp.NodeUtil,712,0.034
com.google.javascript.rhino.Node,533,0.033
com.google.javascript.rhino.Node,534,0.033
com.google.javascript.rhino.Node,1775,0.033
com.google.javascript.jscomp.NodeTraversal,401,0.033
com.google.javascript.rhino.Node,1768,0.032
com.google.javascript.rhino.Node,1769,0.032
com.google.javascript.rhino.Node,1770,0.032
com.google.javascript.rhino.Node,1771,0.032
com.google.javascript.rhino.Node,725,0.031
com.google.javascript.jscomp.AstValidator,596,0.031
com.google.javascript.jscomp.AstValidator,597,0.031
com.google.javascript.rhino.Token,181,0.03
com.google.javascript.jscomp.NodeUtil,781,0.03
com.google.javascript.rhino.Node,731,0.03
com.google.javascript.jscomp.NodeUtil,794,0.03
com.google.javascript.rhino.Node,811,0.029
com.google.javascript.rhino.Node,1739,0.029
com.google.javascript.jscomp.parsing.TypeSafeDispatcher,146,0.029
com.google.javascript.jscomp.BasicErrorManager,49,0.029
com.google.javascript.jscomp.BasicErrorManager,50,0.029
com.google.javascript.jscomp.parsing.TypeSafeDispatcher,260,0.028
com.google.javascript.jscomp.parsing.IRFactory,912,0.028
com.google.javascript.jscomp.parsing.IRFactory,913,0.028
com.google.javascript.jscomp.parsing.IRFactory,914,0.028
com.google.javascript.jscomp.parsing.IRFactory,936,0.028
com.google.javascript.rhino.Node,714,0.027
com.google.javascript.rhino.Node,716,0.027
com.google.javascript.rhino.Node,720,0.027
com.google.javascript.rhino.Node,722,0.027
com.google.javascript.rhino.Node,723,0.027
com.google.javascript.rhino.Node,724,0.027
com.google.javascript.rhino.Node,730,0.027
com.google.javascript.rhino.Node,732,0.027
com.google.javascript.rhino.Node,733,0.027
com.google.javascript.rhino.Node,734,0.027
com.google.javascript.jscomp.parsing.IRFactory,1348,0.027
com.google.javascript.jscomp.BasicErrorManager,108,0.027
com.google.javascript.jscomp.AstValidator,368,0.026
com.google.javascript.jscomp.SuppressDocWarningsGuard,68,0.026
com.google.javascript.jscomp.BasicErrorManager,107,0.026
com.google.javascript.jscomp.BasicErrorManager,110,0.026
com.google.javascript.rhino.IR,443,0.026
com.google.javascript.jscomp.BasicErrorManager,148,0.026
com.google.javascript.jscomp.BasicErrorManager,149,0.026
com.google.javascript.jscomp.SuppressDocWarningsGuard,55,0.026
com.google.javascript.jscomp.SuppressDocWarningsGuard,56,0.026
com.google.javascript.jscomp.SuppressDocWarningsGuard,57,0.026
com.google.javascript.jscomp.SuppressDocWarningsGuard,58,0.026
com.google.javascript.jscomp.SuppressDocWarningsGuard,59,0.026
com.google.javascript.jscomp.SuppressDocWarningsGuard,65,0.026
com.google.javascript.jscomp.SuppressDocWarningsGuard,67,0.026
com.google.javascript.jscomp.SuppressDocWarningsGuard,69,0.026
com.google.javascript.jscomp.SuppressDocWarningsGuard,76,0.026
com.google.javascript.jscomp.Compiler,2039,0.026
com.google.javascript.jscomp.Compiler,2042,0.026
com.google.javascript.jscomp.BasicErrorManager,46,0.026
com.google.javascript.jscomp.BasicErrorManager,47,0.026
com.google.javascript.jscomp.BasicErrorManager,53,0.026
com.google.javascript.jscomp.BasicErrorManager,172,0.026
com.google.javascript.jscomp.BasicErrorManager,174,0.026
com.google.javascript.jscomp.BasicErrorManager,178,0.026
com.google.javascript.jscomp.BasicErrorManager,162,0.026
com.google.javascript.jscomp.BasicErrorManager,164,0.026
com.google.javascript.jscomp.BasicErrorManager,168,0.026
com.google.javascript.jscomp.BasicErrorManager,169,0.026
com.google.javascript.jscomp.BasicErrorManager,170,0.026
com.google.javascript.jscomp.BasicErrorManager,158,0.026
com.google.javascript.jscomp.BasicErrorManager,159,0.026
com.google.javascript.jscomp.BasicErrorManager,160,0.026
com.google.javascript.jscomp.BasicErrorManager,152,0.026
com.google.javascript.rhino.Node,598,0.026
com.google.javascript.rhino.Node,599,0.026
com.google.javascript.rhino.Node,600,0.026
com.google.javascript.rhino.Node,601,0.026
com.google.javascript.rhino.Node,602,0.026
com.google.javascript.rhino.Node,603,0.026
com.google.javascript.rhino.Node,606,0.026
com.google.javascript.jscomp.BasicErrorManager,145,0.026
com.google.javascript.jscomp.BasicErrorManager,146,0.026
com.google.javascript.jscomp.BasicErrorManager,147,0.026
com.google.javascript.jscomp.JSError,204,0.026
com.google.javascript.rhino.Node,513,0.026
com.google.javascript.jscomp.BasicErrorManager,140,0.026
com.google.javascript.jscomp.BasicErrorManager,186,0.026
com.google.javascript.jscomp.BasicErrorManager,187,0.026
com.google.javascript.jscomp.BasicErrorManager,188,0.026
com.google.javascript.jscomp.BasicErrorManager,189,0.026
com.google.javascript.jscomp.BasicErrorManager,131,0.026
com.google.javascript.jscomp.CodeGenerator,379,0.026
com.google.javascript.jscomp.CodeConsumer,170,0.026
com.google.javascript.jscomp.Compiler,2030,0.025
com.google.javascript.jscomp.Compiler,2031,0.025
com.google.javascript.jscomp.Compiler,2032,0.025
com.google.javascript.jscomp.Compiler,2033,0.025
com.google.javascript.jscomp.Compiler,2038,0.025
com.google.javascript.jscomp.Compiler,2044,0.025
com.google.javascript.jscomp.JSError,232,0.025
com.google.javascript.rhino.Node,1733,0.025
com.google.javascript.rhino.Node,1732,0.025
com.google.javascript.rhino.Node,1736,0.025
com.google.javascript.rhino.Node,1744,0.025
com.google.javascript.jscomp.parsing.TypeSafeDispatcher,256,0.025
com.google.javascript.jscomp.parsing.IRFactory,898,0.025
com.google.javascript.jscomp.parsing.IRFactory,899,0.025
com.google.javascript.jscomp.parsing.IRFactory,902,0.025
com.google.javascript.rhino.Node,1512,0.025
com.google.javascript.jscomp.NodeUtil,2159,0.025
com.google.javascript.jscomp.NodeUtil,1182,0.025
com.google.javascript.rhino.Node,183,0.024
com.google.javascript.rhino.Node,179,0.024
com.google.javascript.rhino.Node,180,0.024
com.google.javascript.rhino.Node,181,0.024
com.google.javascript.jscomp.CodeGenerator,227,0.024
com.google.javascript.jscomp.CodeGenerator,228,0.024
com.google.javascript.jscomp.CodeGenerator,229,0.024
com.google.javascript.jscomp.ComposeWarningsGuard,121,0.024
com.google.javascript.jscomp.CodeConsumer,252,0.024
com.google.javascript.jscomp.CodeConsumer,253,0.024
com.google.javascript.jscomp.CodeConsumer,254,0.024
com.google.javascript.jscomp.CodeConsumer,255,0.024
com.google.javascript.jscomp.CodeConsumer,261,0.024
com.google.javascript.jscomp.CodeConsumer,264,0.024
com.google.javascript.jscomp.CodeConsumer,265,0.024
com.google.javascript.jscomp.CodeConsumer,270,0.024
com.google.javascript.jscomp.CodeConsumer,273,0.024
com.google.javascript.jscomp.CodeConsumer,251,0.024
com.google.javascript.jscomp.CodeConsumer,243,0.024
com.google.javascript.jscomp.CodeConsumer,244,0.024
com.google.javascript.jscomp.CodeConsumer,245,0.024
com.google.javascript.jscomp.CodeConsumer,249,0.024
com.google.javascript.jscomp.CodeConsumer,276,0.024
com.google.javascript.jscomp.CodeConsumer,283,0.024
com.google.javascript.rhino.Node,177,0.024
com.google.javascript.rhino.Node,178,0.024
com.google.javascript.jscomp.DiagnosticGroupWarningsGuard,40,0.024
com.google.javascript.jscomp.DiagnosticGroup,103,0.024
com.google.javascript.jscomp.JSError,169,0.024
com.google.javascript.jscomp.SuppressDocWarningsGuard,92,0.024
com.google.javascript.jscomp.ComposeWarningsGuard,120,0.024
com.google.javascript.jscomp.SuppressDocWarningsGuard,53,0.024
com.google.javascript.jscomp.SuppressDocWarningsGuard,54,0.024
com.google.javascript.jscomp.ComposeWarningsGuard,112,0.024
com.google.javascript.jscomp.ComposeWarningsGuard,113,0.024
com.google.javascript.jscomp.ComposeWarningsGuard,114,0.024
com.google.javascript.jscomp.JSError,144,0.023
com.google.javascript.jscomp.JSError,145,0.023
com.google.javascript.jscomp.JSError,146,0.023
com.google.javascript.jscomp.JSError,147,0.023
com.google.javascript.jscomp.JSError,148,0.023
com.google.javascript.jscomp.JSError,149,0.023
com.google.javascript.jscomp.JSError,150,0.023
com.google.javascript.jscomp.JSError,151,0.023
com.google.javascript.jscomp.JSError,152,0.023
com.google.javascript.jscomp.JSError,153,0.023
com.google.javascript.jscomp.CodeConsumer,193,0.023
com.google.javascript.rhino.Node,1551,0.023
com.google.javascript.jscomp.AstValidator,231,0.023
com.google.javascript.jscomp.AstValidator,232,0.023
com.google.javascript.jscomp.AstValidator,648,0.023
com.google.javascript.jscomp.AstValidator,649,0.023
com.google.javascript.jscomp.AstValidator,652,0.023
com.google.javascript.jscomp.AstValidator,655,0.023
com.google.javascript.jscomp.AstValidator,656,0.023
com.google.javascript.jscomp.CodePrinter,477,0.023
com.google.javascript.jscomp.CodePrinter,478,0.023
com.google.javascript.jscomp.CodePrinter,479,0.023
com.google.javascript.jscomp.AstValidator,279,0.023
com.google.javascript.jscomp.CodeConsumer,279,0.023
com.google.javascript.jscomp.CodeConsumer,280,0.023
com.google.javascript.jscomp.CodeGenerator,516,0.023
com.google.javascript.jscomp.CodeGenerator,510,0.023
com.google.javascript.jscomp.CodeGenerator,518,0.023
com.google.javascript.jscomp.CodeGenerator,519,0.023
com.google.javascript.jscomp.CodeGenerator,520,0.023
com.google.javascript.jscomp.CodeGenerator,521,0.023
com.google.javascript.jscomp.CodeGenerator,788,0.023
com.google.javascript.jscomp.NodeUtil,1458,0.023
com.google.javascript.rhino.Node,1540,0.023
com.google.javascript.jscomp.CodeGenerator,204,0.023
com.google.javascript.jscomp.CodeGenerator,207,0.023
com.google.javascript.jscomp.CodeGenerator,98,0.023
com.google.javascript.jscomp.CodeGenerator,102,0.023
com.google.javascript.jscomp.CodeGenerator,106,0.023
com.google.javascript.jscomp.CodeGenerator,111,0.023
com.google.javascript.jscomp.CodeGenerator,116,0.023
com.google.javascript.jscomp.CodeGenerator,122,0.023
com.google.javascript.jscomp.CodeGenerator,124,0.023
com.google.javascript.jscomp.CodeGenerator,196,0.023
com.google.javascript.jscomp.CodeGenerator,197,0.023
com.google.javascript.jscomp.CodeGenerator,198,0.023
com.google.javascript.jscomp.CodeGenerator,199,0.023
com.google.javascript.jscomp.CodeGenerator,744,0.023
com.google.javascript.jscomp.CodeGenerator,745,0.023
com.google.javascript.jscomp.CodeGenerator,749,0.023
com.google.javascript.jscomp.CodeGenerator,751,0.023
com.google.javascript.jscomp.CodeGenerator,753,0.023
com.google.javascript.jscomp.CodeGenerator,754,0.023
com.google.javascript.jscomp.CodeGenerator,755,0.023
com.google.javascript.jscomp.CodeGenerator,756,0.023
com.google.javascript.jscomp.CodeGenerator,757,0.023
com.google.javascript.rhino.Node,167,0.022
com.google.javascript.rhino.Node,2291,0.022
com.google.javascript.jscomp.parsing.IRFactory,617,0.022
com.google.javascript.jscomp.parsing.IRFactory,618,0.022
com.google.javascript.jscomp.CodeConsumer,168,0.022
com.google.javascript.jscomp.CodeConsumer,169,0.022
com.google.javascript.jscomp.CodeConsumer,172,0.022
com.google.javascript.jscomp.CodeGenerator,288,0.022
com.google.javascript.jscomp.CodeGenerator,291,0.022
com.google.javascript.jscomp.CodeGenerator,292,0.022
com.google.javascript.jscomp.CodeGenerator,293,0.022
com.google.javascript.jscomp.CodeGenerator,297,0.022
com.google.javascript.jscomp.CodeGenerator,298,0.022
com.google.javascript.jscomp.CodeGenerator,300,0.022
com.google.javascript.jscomp.CodeGenerator,301,0.022
com.google.javascript.jscomp.CodeGenerator,302,0.022
com.google.javascript.jscomp.CodeGenerator,304,0.022
com.google.javascript.rhino.Node,1526,0.022
com.google.javascript.rhino.Node,1534,0.022
com.google.javascript.rhino.Node,1535,0.022
com.google.javascript.rhino.Node,1536,0.022
com.google.javascript.jscomp.CodeGenerator,216,0.022
com.google.javascript.jscomp.CodeGenerator,217,0.022
com.google.javascript.jscomp.CodeGenerator,218,0.022
com.google.javascript.jscomp.CodeGenerator,219,0.022
com.google.javascript.jscomp.CodeConsumer,308,0.021
com.google.javascript.jscomp.CodeConsumer,77,0.021
com.google.javascript.jscomp.CodeConsumer,78,0.021
com.google.javascript.jscomp.CodeConsumer,81,0.021
com.google.javascript.jscomp.CodeConsumer,82,0.021
com.google.javascript.jscomp.CodeGenerator,375,0.021
com.google.javascript.jscomp.AstValidator,259,0.021
com.google.javascript.jscomp.AstValidator,260,0.021
com.google.javascript.jscomp.AstValidator,373,0.021
com.google.javascript.jscomp.AstValidator,374,0.021
com.google.javascript.jscomp.AstValidator,375,0.021
com.google.javascript.jscomp.AstValidator,376,0.021
com.google.javascript.jscomp.AstValidator,378,0.021
com.google.javascript.jscomp.CodeGenerator,361,0.021
com.google.javascript.jscomp.CodeGenerator,389,0.021
com.google.javascript.jscomp.AstValidator,101,0.021
com.google.javascript.jscomp.AstValidator,102,0.021
com.google.javascript.jscomp.AstValidator,350,0.021
com.google.javascript.jscomp.AstValidator,351,0.021
com.google.javascript.jscomp.AstValidator,352,0.021
com.google.javascript.jscomp.AstValidator,353,0.021
com.google.javascript.jscomp.AstValidator,354,0.021
com.google.javascript.jscomp.AstValidator,355,0.021
com.google.javascript.jscomp.CodeConsumer,101,0.021
com.google.javascript.jscomp.CodeConsumer,105,0.021
com.google.javascript.jscomp.CodeConsumer,107,0.021
com.google.javascript.jscomp.CodeConsumer,108,0.021
com.google.javascript.jscomp.CodeConsumer,109,0.021
com.google.javascript.jscomp.CodeConsumer,116,0.021
com.google.javascript.jscomp.CodeConsumer,117,0.021
com.google.javascript.jscomp.CodeConsumer,120,0.021
com.google.javascript.jscomp.CodeConsumer,121,0.021
com.google.javascript.jscomp.CodeGenerator,181,0.021
com.google.javascript.jscomp.CodeGenerator,182,0.021
com.google.javascript.jscomp.CodeGenerator,183,0.021
com.google.javascript.jscomp.PrepareAst,171,0.021
com.google.javascript.jscomp.AstValidator,218,0.021
com.google.javascript.jscomp.AstValidator,219,0.021
com.google.javascript.jscomp.AstValidator,600,0.021
com.google.javascript.jscomp.AstValidator,601,0.021
com.google.javascript.jscomp.AstValidator,602,0.021
com.google.javascript.jscomp.AstValidator,603,0.021
com.google.javascript.jscomp.AstValidator,606,0.021
com.google.javascript.jscomp.AstValidator,610,0.021
com.google.javascript.jscomp.AstValidator,611,0.021
com.google.javascript.jscomp.Compiler,2180,0.021
com.google.javascript.jscomp.CodeConsumer,155,0.021
com.google.javascript.jscomp.CodeConsumer,156,0.021
com.google.javascript.jscomp.CodeConsumer,157,0.021
com.google.javascript.jscomp.CodeConsumer,158,0.021
com.google.javascript.jscomp.CodeChangeHandler,40,0.02
com.google.javascript.jscomp.CodeChangeHandler,41,0.02
com.google.javascript.jscomp.Compiler,1947,0.02
com.google.javascript.jscomp.Compiler,1948,0.02
com.google.javascript.jscomp.Compiler,1949,0.02
com.google.javascript.jscomp.Compiler,1950,0.02
com.google.javascript.jscomp.AstValidator,398,0.02
com.google.javascript.rhino.Node,2239,0.02
com.google.javascript.jscomp.CodeGenerator,906,0.019
com.google.javascript.jscomp.CodeGenerator,907,0.019
com.google.javascript.jscomp.CodeGenerator,908,0.019
com.google.javascript.rhino.Node,1597,0.019
com.google.javascript.jscomp.CodeGenerator,896,0.019
com.google.javascript.jscomp.CodeGenerator,897,0.019
com.google.javascript.jscomp.CodeConsumer,236,0.019
com.google.javascript.jscomp.CodeConsumer,207,0.019
com.google.javascript.jscomp.CodeConsumer,208,0.019
com.google.javascript.jscomp.NodeTraversal,426,0.019
com.google.javascript.jscomp.CodeConsumer,224,0.019
com.google.javascript.jscomp.CodeConsumer,211,0.019
com.google.javascript.jscomp.CodeConsumer,213,0.019
com.google.javascript.jscomp.CodeConsumer,214,0.019
com.google.javascript.jscomp.CodeConsumer,216,0.019
com.google.javascript.jscomp.CodeConsumer,220,0.019
com.google.javascript.jscomp.CodeConsumer,230,0.019
com.google.javascript.jscomp.CodeConsumer,235,0.019
com.google.javascript.jscomp.CodeConsumer,238,0.019
com.google.javascript.jscomp.CodeGenerator,1184,0.019
com.google.javascript.rhino.Node,1589,0.019
com.google.javascript.jscomp.parsing.IRFactory,382,0.019
com.google.javascript.jscomp.CodePrinter,465,0.019
com.google.javascript.jscomp.CodePrinter,475,0.019
com.google.javascript.jscomp.CodePrinter,476,0.019
com.google.javascript.jscomp.CodePrinter,482,0.019
com.google.javascript.jscomp.CodePrinter,483,0.019
com.google.javascript.jscomp.CodeGenerator,604,0.019
com.google.javascript.jscomp.CodeGenerator,605,0.019
com.google.javascript.jscomp.CodeGenerator,606,0.019
com.google.javascript.jscomp.CodeGenerator,607,0.019
com.google.javascript.jscomp.parsing.TypeSafeDispatcher,250,0.019
com.google.javascript.jscomp.parsing.IRFactory,801,0.019
com.google.javascript.jscomp.parsing.IRFactory,1356,0.019
com.google.javascript.jscomp.AstValidator,366,0.019
com.google.javascript.jscomp.AstValidator,367,0.019
com.google.javascript.jscomp.AstValidator,370,0.019
com.google.javascript.jscomp.CodeConsumer,95,0.019
com.google.javascript.jscomp.AstValidator,122,0.018
com.google.javascript.jscomp.AstValidator,123,0.018
com.google.javascript.jscomp.AstValidator,389,0.018
com.google.javascript.jscomp.AstValidator,390,0.018
com.google.javascript.jscomp.AstValidator,391,0.018
com.google.javascript.jscomp.AstValidator,394,0.018
com.google.javascript.jscomp.AstValidator,395,0.018
com.google.javascript.jscomp.AstValidator,396,0.018
com.google.javascript.jscomp.AstValidator,397,0.018
com.google.javascript.jscomp.AstValidator,401,0.018
com.google.javascript.rhino.IR,451,0.018
com.google.javascript.rhino.Node,156,0.018
com.google.javascript.rhino.Node,157,0.018
com.google.javascript.rhino.Node,158,0.018
com.google.javascript.rhino.Node,505,0.018
com.google.javascript.jscomp.AstValidator,277,0.018
com.google.javascript.jscomp.AstValidator,278,0.018
com.google.javascript.jscomp.AstValidator,281,0.018
com.google.javascript.jscomp.NodeUtil,1460,0.018
com.google.javascript.jscomp.NodeUtil,1445,0.018
com.google.javascript.jscomp.AstValidator,809,0.018
com.google.javascript.jscomp.GoogleCodingConvention,125,0.018
com.google.javascript.jscomp.GoogleCodingConvention,130,0.018
com.google.javascript.jscomp.LineNumberCheck,72,0.018
com.google.javascript.jscomp.LineNumberCheck,52,0.018
com.google.javascript.jscomp.LineNumberCheck,54,0.018
com.google.javascript.jscomp.LineNumberCheck,55,0.018
com.google.javascript.jscomp.AstValidator,807,0.018
com.google.javascript.jscomp.AstValidator,808,0.018
com.google.javascript.jscomp.AstValidator,813,0.018
com.google.javascript.jscomp.AstValidator,818,0.018
com.google.javascript.jscomp.LineNumberCheck,62,0.018
com.google.javascript.jscomp.LineNumberCheck,70,0.018
com.google.javascript.rhino.JSDocInfo,422,0.018
com.google.javascript.rhino.JSDocInfo,423,0.018
com.google.javascript.rhino.JSDocInfo,427,0.018
com.google.javascript.jscomp.PrepareAst,66,0.018
com.google.javascript.rhino.Node,1549,0.018
com.google.javascript.jscomp.parsing.IRFactory,395,0.018
com.google.javascript.jscomp.parsing.IRFactory,396,0.018
com.google.javascript.jscomp.AstValidator,125,0.017
com.google.javascript.jscomp.AstValidator,126,0.017
com.google.javascript.jscomp.AstValidator,473,0.017
com.google.javascript.jscomp.AstValidator,474,0.017
com.google.javascript.jscomp.AstValidator,475,0.017
com.google.javascript.jscomp.AstValidator,476,0.017
com.google.javascript.rhino.Node,1550,0.017
com.google.javascript.jscomp.LineNumberCheck,38,0.017
com.google.javascript.jscomp.LineNumberCheck,40,0.017
com.google.javascript.jscomp.LineNumberCheck,41,0.017
com.google.javascript.jscomp.LineNumberCheck,42,0.017
com.google.javascript.jscomp.LineNumberCheck,61,0.017
com.google.javascript.jscomp.LineNumberCheck,64,0.017
com.google.javascript.jscomp.LineNumberCheck,69,0.017
com.google.javascript.jscomp.LineNumberCheck,71,0.017
com.google.javascript.jscomp.LineNumberCheck,80,0.017
com.google.javascript.jscomp.CodePrinter,491,0.017
com.google.javascript.jscomp.CodePrinter,506,0.017
com.google.javascript.rhino.Node,1547,0.017
com.google.javascript.rhino.Node,1548,0.017
com.google.javascript.rhino.Node,1491,0.017
com.google.javascript.jscomp.CodeGenerator,905,0.017
com.google.javascript.jscomp.CodeGenerator,914,0.017
com.google.javascript.jscomp.PrepareAst,141,0.017
com.google.javascript.jscomp.PrepareAst,142,0.017
com.google.javascript.jscomp.PrepareAst,165,0.017
com.google.javascript.jscomp.PrepareAst,169,0.017
com.google.javascript.jscomp.PrepareAst,170,0.017
com.google.javascript.jscomp.PrepareAst,176,0.017
com.google.javascript.jscomp.PrepareAst,180,0.017
com.google.javascript.jscomp.CodeGenerator,194,0.017
com.google.javascript.jscomp.parsing.TypeSafeDispatcher,186,0.017
com.google.javascript.jscomp.parsing.IRFactory,1205,0.017
com.google.javascript.rhino.Node,1625,0.017
com.google.javascript.rhino.Node,1626,0.017
com.google.javascript.rhino.Node,1627,0.017
com.google.javascript.jscomp.AstValidator,778,0.017
com.google.javascript.rhino.Node,704,0.017
com.google.javascript.rhino.Node,1880,0.017
com.google.javascript.rhino.Node,1881,0.017
com.google.javascript.jscomp.AstValidator,235,0.017
com.google.javascript.jscomp.AstValidator,236,0.017
com.google.javascript.jscomp.AstValidator,68,0.017
com.google.javascript.jscomp.AstValidator,69,0.017
com.google.javascript.jscomp.AstValidator,70,0.017
com.google.javascript.jscomp.AstValidator,71,0.017
com.google.javascript.jscomp.AstValidator,72,0.017
com.google.javascript.jscomp.AstValidator,73,0.017
com.google.javascript.jscomp.CodeGenerator,884,0.017
com.google.javascript.jscomp.CodeGenerator,891,0.017
com.google.javascript.jscomp.CodeGenerator,893,0.017
com.google.javascript.jscomp.NodeUtil,1169,0.017
com.google.javascript.jscomp.NodeUtil,1235,0.017
com.google.javascript.rhino.Node,556,0.017
com.google.javascript.rhino.Node,557,0.017
com.google.javascript.rhino.Node,563,0.017
com.google.javascript.rhino.Node,569,0.017
com.google.javascript.rhino.Node,570,0.017
com.google.javascript.rhino.Node,567,0.017
com.google.javascript.rhino.Node,568,0.017
com.google.javascript.rhino.Node,572,0.017
com.google.javascript.jscomp.AstValidator,792,0.017
com.google.javascript.jscomp.CodeGenerator,193,0.017
com.google.javascript.jscomp.CodeConsumer,135,0.017
com.google.javascript.jscomp.CodeConsumer,136,0.017
com.google.javascript.jscomp.CodeConsumer,143,0.017
com.google.javascript.jscomp.CodeConsumer,144,0.017
com.google.javascript.jscomp.AstValidator,790,0.017
com.google.javascript.jscomp.AstValidator,791,0.017
com.google.javascript.jscomp.AstValidator,799,0.017
com.google.javascript.jscomp.AstValidator,804,0.017
com.google.javascript.jscomp.CodeConsumer,62,0.017
com.google.javascript.jscomp.CodeConsumer,63,0.017
com.google.javascript.jscomp.CodeGenerator,74,0.017
com.google.javascript.jscomp.CodeGenerator,75,0.017
com.google.javascript.jscomp.CodeGenerator,78,0.017
com.google.javascript.jscomp.CodeGenerator,79,0.017
com.google.javascript.jscomp.CodeGenerator,1107,0.017
com.google.javascript.jscomp.CodeGenerator,1108,0.017
com.google.javascript.jscomp.NodeUtil,2411,0.017
com.google.javascript.jscomp.NodeUtil,2412,0.017
com.google.javascript.rhino.Node,700,0.017
com.google.javascript.rhino.Node,701,0.017
com.google.javascript.rhino.Node,705,0.017
com.google.javascript.rhino.Node,706,0.017
com.google.javascript.rhino.Node,707,0.017
com.google.javascript.rhino.Node,708,0.017
com.google.javascript.jscomp.NodeUtil,2416,0.017
com.google.javascript.jscomp.NodeUtil,2408,0.017
com.google.javascript.jscomp.NodeUtil,2409,0.017
com.google.javascript.jscomp.NodeUtil,2410,0.017
com.google.javascript.jscomp.Compiler,1746,0.017
com.google.javascript.jscomp.Compiler,1747,0.017
com.google.javascript.jscomp.PrepareAst,231,0.017
com.google.javascript.jscomp.PrepareAst,232,0.017
com.google.javascript.jscomp.PrepareAst,233,0.017
com.google.javascript.jscomp.PrepareAst,236,0.017
com.google.javascript.jscomp.PrepareAst,240,0.017
com.google.javascript.jscomp.CodePrinter,510,0.017
com.google.javascript.jscomp.CodePrinter,511,0.017
com.google.javascript.rhino.Node,1714,0.017
com.google.javascript.jscomp.CodePrinter,444,0.017
com.google.javascript.jscomp.CodePrinter,445,0.017
com.google.javascript.jscomp.CodePrinter,446,0.017
com.google.javascript.jscomp.CodeConsumer,139,0.017
com.google.javascript.jscomp.CodeConsumer,146,0.017
com.google.javascript.jscomp.parsing.IRFactory,684,0.017
com.google.javascript.jscomp.parsing.IRFactory,679,0.017
com.google.javascript.jscomp.parsing.IRFactory,683,0.017
com.google.javascript.jscomp.parsing.IRFactory,694,0.017
com.google.javascript.jscomp.CodeGenerator,385,0.017
com.google.javascript.rhino.Node,235,0.017
com.google.javascript.jscomp.AstValidator,338,0.017
com.google.javascript.jscomp.AstValidator,339,0.017
com.google.javascript.jscomp.AstValidator,340,0.017
com.google.javascript.jscomp.AstValidator,341,0.017
com.google.javascript.rhino.Node,553,0.017
com.google.javascript.rhino.Node,1711,0.017
com.google.javascript.rhino.Node,1712,0.017
com.google.javascript.rhino.Node,1713,0.017
com.google.javascript.rhino.Node,1716,0.017
com.google.javascript.rhino.Node,1717,0.017
com.google.javascript.rhino.Node,1719,0.017
com.google.javascript.jscomp.CodeConsumer,194,0.017
com.google.javascript.jscomp.CodePrinter,207,0.017
com.google.javascript.jscomp.CodeConsumer,154,0.017
com.google.javascript.jscomp.CodeConsumer,160,0.017
com.google.javascript.jscomp.CodeConsumer,161,0.017
com.google.javascript.jscomp.CodeConsumer,182,0.017
com.google.javascript.jscomp.CodeConsumer,184,0.017
com.google.javascript.jscomp.CodeConsumer,188,0.017
com.google.javascript.jscomp.CodeConsumer,189,0.017
com.google.javascript.jscomp.CodeConsumer,203,0.017
com.google.javascript.jscomp.CodeConsumer,204,0.017
com.google.javascript.jscomp.CodeConsumer,287,0.017
com.google.javascript.jscomp.CodePrinter,632,0.017
com.google.javascript.jscomp.CodePrinter,633,0.017
com.google.javascript.jscomp.CodePrinter,634,0.017
com.google.javascript.jscomp.CodePrinter,642,0.017
com.google.javascript.jscomp.CodePrinter,643,0.017
com.google.javascript.jscomp.CompilerOptions,1400,0.017
com.google.javascript.jscomp.Compiler,1754,0.017
com.google.javascript.jscomp.Compiler,1755,0.017
com.google.javascript.jscomp.Compiler,1756,0.017
com.google.javascript.jscomp.Compiler,1757,0.017
com.google.javascript.jscomp.Compiler,1758,0.017
com.google.javascript.jscomp.Compiler,1759,0.017
com.google.javascript.jscomp.Compiler,1760,0.017
com.google.javascript.jscomp.Compiler,1762,0.017
com.google.javascript.jscomp.Compiler,1764,0.017
com.google.javascript.jscomp.Compiler,1766,0.017
com.google.javascript.jscomp.Compiler,1768,0.017
com.google.javascript.jscomp.CodePrinter,593,0.017
com.google.javascript.jscomp.CodePrinter,594,0.017
com.google.javascript.jscomp.CodePrinter,650,0.017
com.google.javascript.jscomp.CodePrinter,651,0.017
com.google.javascript.jscomp.CodeChangeHandler,48,0.017
com.google.javascript.jscomp.CodeChangeHandler,49,0.017
com.google.javascript.rhino.Node,1453,0.017
com.google.javascript.rhino.Node,1454,0.017
com.google.javascript.rhino.Node,1457,0.017
com.google.javascript.rhino.Node,1458,0.017
com.google.javascript.rhino.Node,1436,0.017
com.google.javascript.rhino.Node,1428,0.017
com.google.javascript.rhino.Node,1429,0.017
com.google.javascript.rhino.Node,1462,0.017
com.google.javascript.rhino.Node,1449,0.017
com.google.javascript.rhino.Node,1451,0.017
com.google.javascript.rhino.Node,1452,0.017
com.google.javascript.rhino.Node,1445,0.017
com.google.javascript.rhino.Node,1709,0.017
com.google.javascript.rhino.Node,1710,0.017
com.google.javascript.rhino.Node,1721,0.017
com.google.javascript.rhino.Node,1692,0.017
com.google.javascript.rhino.Node,1695,0.017
com.google.javascript.rhino.Node,1696,0.017
com.google.javascript.rhino.Node,1697,0.017
com.google.javascript.rhino.Node,1698,0.017
com.google.javascript.rhino.Node,1701,0.017
com.google.javascript.rhino.Node,1702,0.017
com.google.javascript.jscomp.CodePrinter,624,0.017
com.google.javascript.jscomp.CodePrinter,625,0.017
com.google.javascript.rhino.Node,1539,0.017
com.google.javascript.rhino.Node,1545,0.017
com.google.javascript.rhino.Node,1556,0.017
com.google.javascript.rhino.Node,1525,0.017
com.google.javascript.rhino.Node,1519,0.017
com.google.javascript.rhino.Node,1515,0.017
com.google.javascript.rhino.Node,1509,0.017
com.google.javascript.jscomp.AstValidator,155,0.017
com.google.javascript.jscomp.CodePrinter,613,0.017
com.google.javascript.jscomp.CodePrinter,614,0.017
com.google.javascript.jscomp.AstValidator,325,0.017
com.google.javascript.jscomp.AstValidator,326,0.017
com.google.javascript.jscomp.AstValidator,329,0.017
com.google.javascript.jscomp.AstValidator,332,0.017
com.google.javascript.jscomp.AstValidator,335,0.017
com.google.javascript.jscomp.CodePrinter,582,0.017
com.google.javascript.jscomp.CodePrinter,583,0.017
com.google.javascript.jscomp.AstValidator,76,0.017
com.google.javascript.jscomp.AstValidator,77,0.017
com.google.javascript.jscomp.AstValidator,78,0.017
com.google.javascript.jscomp.AstValidator,79,0.017
com.google.javascript.jscomp.AstValidator,81,0.017
com.google.javascript.jscomp.AstValidator,292,0.017
com.google.javascript.jscomp.AstValidator,295,0.017
com.google.javascript.jscomp.CodeConsumer,312,0.017
com.google.javascript.jscomp.CodePrinter,417,0.017
com.google.javascript.jscomp.CodePrinter,418,0.017
com.google.javascript.jscomp.CodePrinter,419,0.017
com.google.javascript.jscomp.CodePrinter,420,0.017
com.google.javascript.jscomp.CodePrinter,434,0.017
com.google.javascript.jscomp.CodePrinter,435,0.017
com.google.javascript.jscomp.CodePrinter,436,0.017
com.google.javascript.jscomp.CodePrinter,437,0.017
com.google.javascript.jscomp.CodePrinter,515,0.017
com.google.javascript.jscomp.CodePrinter,516,0.017
com.google.javascript.jscomp.CodePrinter,517,0.017
com.google.javascript.jscomp.AstValidator,776,0.016
com.google.javascript.jscomp.AstValidator,780,0.016
com.google.javascript.jscomp.AstValidator,47,0.016
com.google.javascript.jscomp.AstValidator,48,0.016
com.google.javascript.jscomp.AstValidator,48,0.016
com.google.javascript.jscomp.AstValidator,55,0.016
com.google.javascript.jscomp.AstValidator,88,0.016
com.google.javascript.jscomp.AstValidator,777,0.016
com.google.javascript.jscomp.AstValidator,93,0.016
com.google.javascript.jscomp.AstValidator,774,0.016
com.google.javascript.jscomp.AstValidator,775,0.016
com.google.javascript.jscomp.AstValidator,782,0.016
com.google.javascript.jscomp.AstValidator,787,0.016
com.google.javascript.jscomp.AstValidator,84,0.016
com.google.javascript.jscomp.AstValidator,85,0.016
com.google.javascript.jscomp.AstValidator,86,0.016
com.google.javascript.jscomp.AstValidator,87,0.016
com.google.javascript.jscomp.AstValidator,90,0.016
com.google.javascript.jscomp.AstValidator,298,0.016
com.google.javascript.jscomp.AstValidator,299,0.016
com.google.javascript.jscomp.AstValidator,302,0.016
com.google.javascript.jscomp.AstValidator,305,0.016
com.google.javascript.jscomp.AstValidator,306,0.016
com.google.javascript.jscomp.AstValidator,309,0.016
com.google.javascript.jscomp.AstValidator,766,0.016
com.google.javascript.jscomp.AstValidator,771,0.016
com.google.javascript.jscomp.CodeGenerator,371,0.016
com.google.javascript.jscomp.CodeGenerator,374,0.016
com.google.javascript.jscomp.CodeGenerator,378,0.016
com.google.javascript.jscomp.CodeGenerator,384,0.016
com.google.javascript.jscomp.CodePrinter,573,0.016
com.google.javascript.jscomp.CodePrinter,574,0.016
com.google.javascript.jscomp.CodeGenerator,356,0.016
com.google.javascript.jscomp.CodeGenerator,359,0.016
com.google.javascript.jscomp.CodeGenerator,360,0.016
com.google.javascript.jscomp.CodeGenerator,364,0.016
com.google.javascript.jscomp.CodeGenerator,370,0.016
com.google.javascript.jscomp.CodeGenerator,388,0.016
com.google.javascript.jscomp.CodeConsumer,29,0.016
com.google.javascript.jscomp.CodeConsumer,30,0.016
com.google.javascript.jscomp.CodeConsumer,31,0.016
com.google.javascript.jscomp.CodeConsumer,32,0.016
com.google.javascript.jscomp.CodeGenerator,38,0.016
com.google.javascript.jscomp.CodeGenerator,49,0.016
com.google.javascript.jscomp.CodeGenerator,50,0.016
com.google.javascript.jscomp.CodeGenerator,51,0.016
com.google.javascript.jscomp.CodePrinter,52,0.016
com.google.javascript.jscomp.CodeConsumer,53,0.016
com.google.javascript.jscomp.CodePrinter,54,0.016
com.google.javascript.jscomp.CodePrinter,55,0.016
com.google.javascript.jscomp.CodeGenerator,56,0.016
com.google.javascript.jscomp.CodeGenerator,60,0.016
com.google.javascript.jscomp.CodePrinter,60,0.016
com.google.javascript.jscomp.CodePrinter,61,0.016
com.google.javascript.jscomp.CodePrinter,62,0.016
com.google.javascript.jscomp.CodePrinter,64,0.016
com.google.javascript.jscomp.CodePrinter,65,0.016
com.google.javascript.jscomp.CodePrinter,66,0.016
com.google.javascript.jscomp.CodePrinter,67,0.016
com.google.javascript.jscomp.CodePrinter,68,0.016
com.google.javascript.jscomp.CodeGenerator,82,0.016
com.google.javascript.jscomp.CodeGenerator,83,0.016
com.google.javascript.jscomp.CodeGenerator,86,0.016
com.google.javascript.jscomp.CodeGenerator,90,0.016
com.google.javascript.jscomp.CodeGenerator,91,0.016
com.google.javascript.jscomp.CodePrinter,91,0.016
com.google.javascript.jscomp.CodeGenerator,92,0.016
com.google.javascript.jscomp.CodePrinter,92,0.016
com.google.javascript.jscomp.CodeGenerator,93,0.016
com.google.javascript.jscomp.CodePrinter,93,0.016
com.google.javascript.jscomp.CodeGenerator,94,0.016
com.google.javascript.jscomp.CodeGenerator,97,0.016
com.google.javascript.jscomp.CodePrinter,106,0.016
com.google.javascript.jscomp.CodePrinter,114,0.016
com.google.javascript.jscomp.CodePrinter,121,0.016
com.google.javascript.jscomp.CodeGenerator,127,0.016
com.google.javascript.jscomp.CodeGenerator,129,0.016
com.google.javascript.jscomp.CodePrinter,202,0.016
com.google.javascript.jscomp.CodePrinter,547,0.016
com.google.javascript.jscomp.CodePrinter,548,0.016
com.google.javascript.jscomp.CodePrinter,549,0.016
com.google.javascript.jscomp.CodePrinter,550,0.016
com.google.javascript.jscomp.CodePrinter,551,0.016
com.google.javascript.jscomp.CodePrinter,552,0.016
com.google.javascript.jscomp.CodePrinter,553,0.016
com.google.javascript.jscomp.CodePrinter,557,0.016
com.google.javascript.jscomp.CodePrinter,564,0.016
com.google.javascript.jscomp.CodePrinter,565,0.016
com.google.javascript.jscomp.CodePrinter,566,0.016
com.google.javascript.jscomp.CodePrinter,658,0.016
com.google.javascript.jscomp.CodePrinter,663,0.016
