org.apache.commons.jxpath.JXPathTestCase,63,1
org.apache.commons.jxpath.ri.compiler.CoreOperationRelationalExpression,64,1
org.apache.commons.jxpath.ri.compiler.CoreOperationRelationalExpression,67,1
org.apache.commons.jxpath.ri.compiler.CoreOperationRelationalExpression,77,1
org.apache.commons.jxpath.ri.compiler.CoreOperationRelationalExpression,107,1
org.apache.commons.jxpath.ri.compiler.CoreOperationRelationalExpression,108,1
org.apache.commons.jxpath.ri.compiler.CoreOperationRelationalExpression,109,1
org.apache.commons.jxpath.ri.compiler.CoreOperationRelationalExpression,111,1
org.apache.commons.jxpath.ri.compiler.CoreOperationRelationalExpression,112,1
org.apache.commons.jxpath.ri.compiler.CoreOperationRelationalExpression,116,1
org.apache.commons.jxpath.ri.compiler.CoreOperationAnd,37,0.707
org.apache.commons.jxpath.ri.compiler.CoreOperationRelationalExpression,61,0.707
org.apache.commons.jxpath.ri.compiler.CoreOperationRelationalExpression,97,0.707
org.apache.commons.jxpath.ri.compiler.CoreOperationRelationalExpression,98,0.707
org.apache.commons.jxpath.ri.compiler.CoreOperationRelationalExpression,99,0.707
org.apache.commons.jxpath.ri.compiler.CoreOperationRelationalExpression,102,0.707
org.apache.commons.jxpath.ri.compiler.CoreOperationRelationalExpression,103,0.707
org.apache.commons.jxpath.ri.model.VariablePointer,270,0.707
org.apache.commons.jxpath.ri.model.VariablePointer,274,0.707
org.apache.commons.jxpath.ri.model.VariablePointer,278,0.707
org.apache.commons.jxpath.ri.model.VariablePointer,279,0.707
org.apache.commons.jxpath.ri.model.VariablePointer,264,0.577
org.apache.commons.jxpath.ri.JXPathContextReferenceImpl,370,0.577
org.apache.commons.jxpath.ri.JXPathContextReferenceImpl,371,0.577
org.apache.commons.jxpath.ri.JXPathContextReferenceImpl,375,0.577
org.apache.commons.jxpath.ri.JXPathContextReferenceImpl,376,0.577
org.apache.commons.jxpath.ri.JXPathContextReferenceImpl,377,0.577
org.apache.commons.jxpath.ri.JXPathContextReferenceImpl,386,0.577
org.apache.commons.jxpath.ri.JXPathContextReferenceImpl,388,0.577
org.apache.commons.jxpath.ri.compiler.CoreOperationAnd,35,0.5
org.apache.commons.jxpath.ri.compiler.CoreOperationAnd,36,0.5
org.apache.commons.jxpath.ri.compiler.CoreOperationCompare,62,0.5
org.apache.commons.jxpath.ri.compiler.CoreOperationCompare,86,0.5
org.apache.commons.jxpath.ri.compiler.CoreOperationCompare,108,0.5
org.apache.commons.jxpath.ri.compiler.CoreOperationCompare,109,0.5
org.apache.commons.jxpath.ri.compiler.CoreOperationCompare,110,0.5
org.apache.commons.jxpath.ri.compiler.CoreOperationCompare,112,0.5
org.apache.commons.jxpath.ri.compiler.CoreOperationCompare,113,0.5
org.apache.commons.jxpath.ri.compiler.CoreOperationCompare,114,0.5
org.apache.commons.jxpath.ri.compiler.CoreOperationCompare,123,0.447
org.apache.commons.jxpath.ri.compiler.CoreOperationAnd,31,0.408
org.apache.commons.jxpath.ri.compiler.CoreOperationAnd,32,0.408
org.apache.commons.jxpath.ri.compiler.CoreOperationCompare,70,0.408
org.apache.commons.jxpath.ri.compiler.TreeCompiler,113,0.408
org.apache.commons.jxpath.ri.compiler.CoreOperationCompare,122,0.408
org.apache.commons.jxpath.ri.parser.XPathParserTokenManager,555,0.408
org.apache.commons.jxpath.ri.parser.XPathParser,1337,0.408
org.apache.commons.jxpath.ri.parser.XPathParser,1342,0.408
org.apache.commons.jxpath.ri.parser.XPathParser,1343,0.408
org.apache.commons.jxpath.ri.parser.XPathParser,1344,0.408
org.apache.commons.jxpath.ri.parser.XPathParser,1345,0.408
org.apache.commons.jxpath.ri.parser.XPathParser,1346,0.408
org.apache.commons.jxpath.ri.parser.XPathParser,1348,0.408
org.apache.commons.jxpath.ri.parser.XPathParser,1351,0.408
org.apache.commons.jxpath.ri.compiler.CoreOperationLessThanOrEqual,29,0.378
org.apache.commons.jxpath.ri.compiler.CoreOperationLessThanOrEqual,30,0.378
org.apache.commons.jxpath.ri.model.beans.NullPointer,34,0.378
org.apache.commons.jxpath.ri.model.beans.NullPointer,35,0.378
org.apache.commons.jxpath.ri.model.beans.NullPointer,36,0.378
org.apache.commons.jxpath.util.BasicTypeConverter,59,0.378
org.apache.commons.jxpath.ri.model.NodePointer,64,0.378
org.apache.commons.jxpath.ri.model.NodePointer,65,0.378
org.apache.commons.jxpath.ri.compiler.TreeCompiler,69,0.378
org.apache.commons.jxpath.ri.parser.XPathParserTokenManager,501,0.378
org.apache.commons.jxpath.ri.parser.XPathParser,1423,0.378
org.apache.commons.jxpath.ri.parser.XPathParser,1424,0.378
org.apache.commons.jxpath.ri.parser.XPathParser,1425,0.378
org.apache.commons.jxpath.ri.parser.XPathParser,1426,0.378
org.apache.commons.jxpath.ri.compiler.CoreOperationGreaterThan,28,0.354
org.apache.commons.jxpath.ri.compiler.CoreOperationGreaterThan,29,0.354
org.apache.commons.jxpath.ri.compiler.CoreOperationGreaterThanOrEqual,29,0.354
org.apache.commons.jxpath.ri.compiler.CoreOperationGreaterThanOrEqual,30,0.354
org.apache.commons.jxpath.ri.compiler.CoreOperationRelationalExpression,42,0.354
org.apache.commons.jxpath.ri.compiler.CoreOperationRelationalExpression,57,0.354
org.apache.commons.jxpath.ri.compiler.CoreOperationRelationalExpression,58,0.354
org.apache.commons.jxpath.ri.compiler.CoreOperationRelationalExpression,60,0.354
org.apache.commons.jxpath.ri.compiler.CoreOperationRelationalExpression,63,0.354
org.apache.commons.jxpath.ri.compiler.CoreOperationRelationalExpression,66,0.354
org.apache.commons.jxpath.ri.compiler.CoreOperationRelationalExpression,69,0.354
org.apache.commons.jxpath.ri.compiler.CoreOperationRelationalExpression,72,0.354
org.apache.commons.jxpath.ri.compiler.CoreOperationRelationalExpression,75,0.354
org.apache.commons.jxpath.ri.compiler.TreeCompiler,75,0.354
org.apache.commons.jxpath.ri.compiler.CoreOperationRelationalExpression,76,0.354
org.apache.commons.jxpath.ri.compiler.TreeCompiler,81,0.354
org.apache.commons.jxpath.ri.compiler.CoreOperationRelationalExpression,87,0.354
org.apache.commons.jxpath.ri.compiler.CoreOperationRelationalExpression,90,0.354
org.apache.commons.jxpath.ri.compiler.CoreOperationRelationalExpression,93,0.354
org.apache.commons.jxpath.ri.parser.XPathParserTokenManager,502,0.354
org.apache.commons.jxpath.ri.parser.XPathParserTokenManager,503,0.354
org.apache.commons.jxpath.ri.parser.XPathParser,1418,0.354
org.apache.commons.jxpath.ri.parser.XPathParser,1419,0.354
org.apache.commons.jxpath.ri.parser.XPathParser,1420,0.354
org.apache.commons.jxpath.ri.parser.XPathParser,1421,0.354
org.apache.commons.jxpath.ri.parser.XPathParser,1428,0.354
org.apache.commons.jxpath.ri.parser.XPathParser,1429,0.354
org.apache.commons.jxpath.ri.parser.XPathParser,1430,0.354
org.apache.commons.jxpath.ri.parser.XPathParser,1431,0.354
org.apache.commons.jxpath.ri.compiler.CoreOperationLessThan,28,0.333
org.apache.commons.jxpath.ri.compiler.CoreOperationLessThan,29,0.333
org.apache.commons.jxpath.ri.compiler.TreeCompiler,65,0.333
org.apache.commons.jxpath.ri.parser.XPathParserTokenManager,500,0.333
org.apache.commons.jxpath.ri.parser.XPathParser,1413,0.333
org.apache.commons.jxpath.ri.parser.XPathParser,1414,0.333
org.apache.commons.jxpath.ri.parser.XPathParser,1415,0.333
org.apache.commons.jxpath.ri.parser.XPathParser,1416,0.333
org.apache.commons.jxpath.ri.InfoSetUtil,115,0.302
org.apache.commons.jxpath.ri.InfoSetUtil,116,0.302
org.apache.commons.jxpath.ri.parser.XPathParserTokenManager,431,0.302
org.apache.commons.jxpath.ri.parser.XPathParserTokenManager,432,0.302
org.apache.commons.jxpath.ri.parser.XPathParserTokenManager,436,0.302
org.apache.commons.jxpath.ri.parser.XPathParserTokenManager,437,0.302
org.apache.commons.jxpath.ri.compiler.CoreOperationRelationalExpression,38,0.289
org.apache.commons.jxpath.ri.compiler.CoreOperationRelationalExpression,39,0.289
org.apache.commons.jxpath.ri.compiler.TreeCompiler,182,0.289
org.apache.commons.jxpath.ri.parser.XPathParserTokenManager,498,0.289
org.apache.commons.jxpath.ri.parser.XPathParser,1406,0.289
org.apache.commons.jxpath.ri.parser.XPathParser,1411,0.289
org.apache.commons.jxpath.ri.InfoSetUtil,101,0.267
org.apache.commons.jxpath.ri.InfoSetUtil,104,0.267
org.apache.commons.jxpath.ri.parser.XPathParserTokenManager,554,0.229
org.apache.commons.jxpath.ri.parser.XPathParserTokenManager,570,0.224
org.apache.commons.jxpath.util.BasicTypeConverter,52,0.213
org.apache.commons.jxpath.util.BasicTypeConverter,55,0.213
org.apache.commons.jxpath.util.BasicTypeConverter,56,0.213
org.apache.commons.jxpath.util.BasicTypeConverter,58,0.213
org.apache.commons.jxpath.util.TypeUtils,61,0.213
org.apache.commons.jxpath.ri.model.VariablePointer,131,0.204
org.apache.commons.jxpath.ri.model.VariablePointer,132,0.204
org.apache.commons.jxpath.ri.model.VariablePointer,133,0.204
org.apache.commons.jxpath.ri.model.VariablePointer,106,0.196
org.apache.commons.jxpath.ri.model.VariablePointer,107,0.196
org.apache.commons.jxpath.ri.model.VariablePointer,108,0.196
org.apache.commons.jxpath.ri.QName,58,0.167
org.apache.commons.jxpath.ri.compiler.VariableReference,53,0.16
org.apache.commons.jxpath.ri.parser.XPathParser,316,0.16
org.apache.commons.jxpath.ri.parser.XPathParser,320,0.16
org.apache.commons.jxpath.ri.compiler.VariableReference,32,0.158
org.apache.commons.jxpath.ri.compiler.VariableReference,33,0.158
org.apache.commons.jxpath.ri.compiler.VariableReference,34,0.158
org.apache.commons.jxpath.ri.compiler.TreeCompiler,101,0.158
org.apache.commons.jxpath.ri.parser.XPathParser,308,0.158
org.apache.commons.jxpath.ri.parser.XPathParser,309,0.158
org.apache.commons.jxpath.ri.parser.XPathParser,310,0.158
org.apache.commons.jxpath.ri.parser.XPathParser,319,0.158
org.apache.commons.jxpath.ri.parser.XPathParserTokenManager,409,0.158
org.apache.commons.jxpath.ri.parser.XPathParserTokenManager,445,0.158
org.apache.commons.jxpath.ri.parser.XPathParser,929,0.158
org.apache.commons.jxpath.ri.parser.XPathParser,930,0.158
org.apache.commons.jxpath.ri.parser.XPathParser,1666,0.158
org.apache.commons.jxpath.ri.parser.XPathParser,1667,0.158
org.apache.commons.jxpath.ri.parser.XPathParser,1668,0.158
org.apache.commons.jxpath.ri.parser.XPathParser,3198,0.158
org.apache.commons.jxpath.ri.parser.XPathParser,3258,0.158
org.apache.commons.jxpath.ri.parser.XPathParser,3259,0.158
org.apache.commons.jxpath.ri.parser.XPathParser,3261,0.158
org.apache.commons.jxpath.ri.parser.XPathParser,3262,0.158
org.apache.commons.jxpath.ri.parser.XPathParser,3264,0.158
org.apache.commons.jxpath.ri.parser.XPathParser,3277,0.158
org.apache.commons.jxpath.ri.parser.XPathParser,3278,0.158
org.apache.commons.jxpath.ri.parser.XPathParser,3279,0.158
org.apache.commons.jxpath.ri.parser.XPathParser,3280,0.158
org.apache.commons.jxpath.ri.parser.XPathParser,3373,0.158
org.apache.commons.jxpath.ri.parser.XPathParser,3374,0.158
org.apache.commons.jxpath.ri.parser.XPathParser,3438,0.158
org.apache.commons.jxpath.ri.QName,65,0.156
org.apache.commons.jxpath.ri.QName,68,0.156
org.apache.commons.jxpath.ri.compiler.CoreOperationEqual,29,0.147
org.apache.commons.jxpath.ri.compiler.CoreOperationEqual,30,0.147
org.apache.commons.jxpath.ri.compiler.TreeCompiler,87,0.147
org.apache.commons.jxpath.ri.compiler.TreeCompiler,181,0.147
org.apache.commons.jxpath.ri.parser.XPathParserTokenManager,434,0.147
org.apache.commons.jxpath.ri.parser.XPathParser,1374,0.147
org.apache.commons.jxpath.ri.parser.XPathParser,1375,0.147
org.apache.commons.jxpath.ri.parser.XPathParser,1376,0.147
org.apache.commons.jxpath.ri.parser.XPathParser,1377,0.147
org.apache.commons.jxpath.ri.parser.XPathParser,3603,0.147
org.apache.commons.jxpath.ri.parser.XPathParser,3604,0.147
org.apache.commons.jxpath.ri.parser.XPathParser,3605,0.147
org.apache.commons.jxpath.ri.parser.XPathParser,3606,0.147
org.apache.commons.jxpath.ri.parser.XPathParser,3607,0.147
org.apache.commons.jxpath.ri.parser.XPathParser,3608,0.147
org.apache.commons.jxpath.ri.compiler.CoreOperationCompare,39,0.144
org.apache.commons.jxpath.ri.compiler.CoreOperationCompare,40,0.144
org.apache.commons.jxpath.ri.parser.XPathParser,1367,0.144
org.apache.commons.jxpath.ri.parser.XPathParser,1372,0.144
org.apache.commons.jxpath.ri.compiler.CoreOperationCompare,101,0.143
org.apache.commons.jxpath.ri.model.VariablePointer,82,0.141
org.apache.commons.jxpath.ri.model.VariablePointer,83,0.141
org.apache.commons.jxpath.ri.model.VariablePointer,114,0.141
org.apache.commons.jxpath.ri.model.VariablePointer,115,0.141
org.apache.commons.jxpath.ri.model.VariablePointer,127,0.141
org.apache.commons.jxpath.BasicVariables,57,0.14
org.apache.commons.jxpath.BasicVariables,58,0.14
org.apache.commons.jxpath.ri.model.VariablePointer,65,0.14
org.apache.commons.jxpath.ri.model.VariablePointer,68,0.14
org.apache.commons.jxpath.ri.compiler.CoreOperationCompare,98,0.14
org.apache.commons.jxpath.ri.compiler.CoreOperationCompare,99,0.14
org.apache.commons.jxpath.ri.compiler.CoreOperationCompare,100,0.14
org.apache.commons.jxpath.ri.model.VariablePointer,111,0.14
org.apache.commons.jxpath.ri.model.VariablePointer,112,0.14
org.apache.commons.jxpath.ri.model.VariablePointer,113,0.14
org.apache.commons.jxpath.ri.model.VariablePointer,44,0.139
org.apache.commons.jxpath.ri.model.VariablePointer,45,0.139
org.apache.commons.jxpath.ri.model.VariablePointer,46,0.139
org.apache.commons.jxpath.ri.model.VariablePointer,47,0.139
org.apache.commons.jxpath.ri.model.VariablePointer,48,0.139
org.apache.commons.jxpath.ri.JXPathContextReferenceImpl,628,0.139
org.apache.commons.jxpath.ri.JXPathContextReferenceImpl,634,0.139
org.apache.commons.jxpath.BasicVariables,43,0.137
org.apache.commons.jxpath.ri.compiler.VariableReference,60,0.137
org.apache.commons.jxpath.ri.axes.RootContext,110,0.137
org.apache.commons.jxpath.ri.model.NodePointer,217,0.137
org.apache.commons.jxpath.ri.JXPathContextReferenceImpl,622,0.137
org.apache.commons.jxpath.ri.JXPathContextReferenceImpl,623,0.137
org.apache.commons.jxpath.ri.JXPathContextReferenceImpl,624,0.137
org.apache.commons.jxpath.ri.JXPathContextReferenceImpl,625,0.137
org.apache.commons.jxpath.ri.JXPathContextReferenceImpl,626,0.137
org.apache.commons.jxpath.ri.JXPathContextReferenceImpl,627,0.137
org.apache.commons.jxpath.ri.JXPathContextReferenceImpl,633,0.137
org.apache.commons.jxpath.ri.parser.XPathParserTokenManager,1832,0.137
org.apache.commons.jxpath.ri.compiler.CoreOperationEqual,33,0.135
org.apache.commons.jxpath.ri.InfoSetUtil,130,0.134
org.apache.commons.jxpath.ri.InfoSetUtil,134,0.134
org.apache.commons.jxpath.ri.InfoSetUtil,135,0.134
org.apache.commons.jxpath.ri.compiler.CoreOperationCompare,58,0.132
org.apache.commons.jxpath.ri.compiler.CoreOperationCompare,59,0.132
org.apache.commons.jxpath.ri.compiler.CoreOperationCompare,61,0.132
org.apache.commons.jxpath.ri.compiler.CoreOperationCompare,65,0.132
org.apache.commons.jxpath.ri.compiler.CoreOperationCompare,69,0.132
org.apache.commons.jxpath.ri.compiler.CoreOperationCompare,73,0.132
org.apache.commons.jxpath.ri.compiler.CoreOperationCompare,77,0.132
org.apache.commons.jxpath.ri.compiler.CoreOperationCompare,81,0.132
org.apache.commons.jxpath.ri.compiler.CoreOperationCompare,85,0.132
org.apache.commons.jxpath.ri.compiler.CoreOperationCompare,121,0.132
org.apache.commons.jxpath.ri.parser.XPathParserTokenManager,520,0.132
org.apache.commons.jxpath.ri.QName,62,0.131
org.apache.commons.jxpath.ri.parser.XPathParserTokenManager,24,0.129
org.apache.commons.jxpath.ri.parser.XPathParserTokenManager,26,0.129
org.apache.commons.jxpath.ri.parser.XPathParserTokenManager,28,0.129
org.apache.commons.jxpath.ri.parser.XPathParserTokenManager,29,0.129
org.apache.commons.jxpath.ri.parser.XPathParserTokenManager,30,0.129
org.apache.commons.jxpath.ri.parser.XPathParserTokenManager,398,0.129
org.apache.commons.jxpath.ri.parser.XPathParserTokenManager,400,0.129
org.apache.commons.jxpath.ri.parser.XPathParserTokenManager,601,0.129
org.apache.commons.jxpath.ri.parser.XPathParserTokenManager,396,0.127
org.apache.commons.jxpath.ri.parser.XPathParserTokenManager,397,0.127
org.apache.commons.jxpath.ri.parser.XPathParserTokenManager,399,0.127
org.apache.commons.jxpath.util.BasicTypeConverter,173,0.123
org.apache.commons.jxpath.ri.compiler.CoreOperation,31,0.122
org.apache.commons.jxpath.ri.compiler.CoreOperation,32,0.122
org.apache.commons.jxpath.ri.parser.XPathParserTokenManager,463,0.122
org.apache.commons.jxpath.util.TypeUtils,79,0.115
org.apache.commons.jxpath.util.BasicTypeConverter,160,0.115
org.apache.commons.jxpath.util.BasicTypeConverter,169,0.115
org.apache.commons.jxpath.util.BasicTypeConverter,170,0.115
org.apache.commons.jxpath.util.BasicTypeConverter,172,0.115
org.apache.commons.jxpath.util.TypeUtils,69,0.11
org.apache.commons.jxpath.util.BasicTypeConverter,156,0.109
org.apache.commons.jxpath.ri.EvalContext,102,0.103
org.apache.commons.jxpath.ri.EvalContext,103,0.103
org.apache.commons.jxpath.ri.EvalContext,105,0.103
org.apache.commons.jxpath.ri.EvalContext,116,0.103
org.apache.commons.jxpath.ri.EvalContext,122,0.103
org.apache.commons.jxpath.ri.EvalContext,125,0.103
org.apache.commons.jxpath.ri.EvalContext,128,0.103
org.apache.commons.jxpath.ri.EvalContext,129,0.103
org.apache.commons.jxpath.ri.EvalContext,143,0.103
org.apache.commons.jxpath.ri.EvalContext,144,0.103
org.apache.commons.jxpath.ri.EvalContext,136,0.102
org.apache.commons.jxpath.ri.EvalContext,137,0.102
org.apache.commons.jxpath.ri.EvalContext,141,0.102
org.apache.commons.jxpath.ri.EvalContext,142,0.102
org.apache.commons.jxpath.ri.EvalContext,148,0.102
org.apache.commons.jxpath.ri.EvalContext,149,0.102
org.apache.commons.jxpath.ri.compiler.Operation,27,0.102
org.apache.commons.jxpath.ri.compiler.Operation,28,0.102
org.apache.commons.jxpath.ri.compiler.Operation,29,0.102
org.apache.commons.jxpath.ri.parser.XPathParserTokenManager,506,0.1
org.apache.commons.jxpath.ri.EvalContext,89,0.096
org.apache.commons.jxpath.ri.EvalContext,78,0.094
org.apache.commons.jxpath.ri.EvalContext,112,0.092
org.apache.commons.jxpath.util.ValueUtils,144,0.092
org.apache.commons.jxpath.ri.axes.InitialContext,69,0.092
org.apache.commons.jxpath.ri.axes.InitialContext,76,0.092
org.apache.commons.jxpath.ri.EvalContext,96,0.092
org.apache.commons.jxpath.ri.EvalContext,99,0.092
org.apache.commons.jxpath.ri.parser.XPathParserTokenManager,534,0.092
org.apache.commons.jxpath.ri.InfoSetUtil,98,0.091
org.apache.commons.jxpath.ri.InfoSetUtil,99,0.091
org.apache.commons.jxpath.util.ValueUtils,282,0.089
org.apache.commons.jxpath.ri.compiler.TreeCompiler,163,0.088
org.apache.commons.jxpath.ri.parser.XPathParserTokenManager,600,0.085
org.apache.commons.jxpath.ri.parser.XPathParserTokenManager,22,0.085
org.apache.commons.jxpath.util.ValueUtils,141,0.085
org.apache.commons.jxpath.ri.parser.XPathParserTokenManager,540,0.084
org.apache.commons.jxpath.ri.parser.XPathParserTokenManager,544,0.084
org.apache.commons.jxpath.ri.parser.XPathParserTokenManager,545,0.084
org.apache.commons.jxpath.util.ValueUtils,276,0.083
org.apache.commons.jxpath.ri.parser.XPathParser,1288,0.083
org.apache.commons.jxpath.ri.parser.XPathParserTokenManager,1503,0.082
org.apache.commons.jxpath.ri.parser.XPathParserTokenManager,1502,0.082
org.apache.commons.jxpath.BasicVariables,27,0.082
org.apache.commons.jxpath.BasicVariables,32,0.082
org.apache.commons.jxpath.BasicVariables,73,0.082
org.apache.commons.jxpath.BasicVariables,74,0.082
org.apache.commons.jxpath.JXPathContext,480,0.082
org.apache.commons.jxpath.JXPathContext,481,0.082
org.apache.commons.jxpath.JXPathContext,483,0.082
org.apache.commons.jxpath.ri.parser.XPathParser,926,0.081
org.apache.commons.jxpath.ri.parser.XPathParser,927,0.081
org.apache.commons.jxpath.ri.parser.XPathParser,998,0.081
org.apache.commons.jxpath.ri.parser.XPathParser,1176,0.081
org.apache.commons.jxpath.ri.parser.XPathParser,1252,0.081
org.apache.commons.jxpath.ri.parser.XPathParser,1253,0.081
org.apache.commons.jxpath.ri.parser.XPathParser,1254,0.081
org.apache.commons.jxpath.ri.parser.XPathParser,1255,0.081
org.apache.commons.jxpath.ri.parser.XPathParser,1258,0.081
org.apache.commons.jxpath.ri.parser.XPathParser,1263,0.081
org.apache.commons.jxpath.ri.parser.XPathParser,1264,0.081
org.apache.commons.jxpath.ri.parser.XPathParser,1272,0.081
org.apache.commons.jxpath.ri.parser.XPathParser,1278,0.081
org.apache.commons.jxpath.ri.parser.XPathParser,1279,0.081
org.apache.commons.jxpath.ri.parser.XPathParser,1284,0.081
org.apache.commons.jxpath.ri.parser.XPathParser,2998,0.081
org.apache.commons.jxpath.ri.parser.XPathParser,2999,0.081
org.apache.commons.jxpath.ri.parser.XPathParser,3439,0.081
org.apache.commons.jxpath.ri.axes.InitialContext,59,0.081
org.apache.commons.jxpath.ri.axes.InitialContext,63,0.081
org.apache.commons.jxpath.ri.axes.InitialContext,64,0.081
org.apache.commons.jxpath.ri.axes.InitialContext,65,0.081
org.apache.commons.jxpath.ri.axes.InitialContext,66,0.081
org.apache.commons.jxpath.ri.axes.InitialContext,67,0.081
org.apache.commons.jxpath.ri.axes.InitialContext,75,0.081
org.apache.commons.jxpath.ri.axes.InitialContext,78,0.081
org.apache.commons.jxpath.ri.axes.InitialContext,79,0.081
org.apache.commons.jxpath.ri.EvalContext,259,0.08
org.apache.commons.jxpath.ri.EvalContext,260,0.08
org.apache.commons.jxpath.ri.parser.XPathParser,2018,0.079
org.apache.commons.jxpath.ri.parser.XPathParser,2019,0.079
org.apache.commons.jxpath.ri.parser.XPathParser,2046,0.079
org.apache.commons.jxpath.ri.parser.XPathParser,2047,0.079
org.apache.commons.jxpath.ri.parser.XPathParser,2399,0.079
org.apache.commons.jxpath.ri.parser.XPathParser,2400,0.079
org.apache.commons.jxpath.ri.parser.XPathParser,2551,0.079
org.apache.commons.jxpath.ri.parser.XPathParserTokenManager,17,0.079
org.apache.commons.jxpath.ri.model.NodePointer,215,0.079
org.apache.commons.jxpath.ri.model.NodePointer,216,0.079
org.apache.commons.jxpath.ri.model.NodePointer,220,0.079
org.apache.commons.jxpath.ri.parser.XPathParserTokenManager,15,0.079
org.apache.commons.jxpath.ri.parser.XPathParser,2552,0.078
org.apache.commons.jxpath.ri.parser.XPathParserTokenManager,1521,0.077
org.apache.commons.jxpath.ri.parser.XPathParserTokenManager,1523,0.077
org.apache.commons.jxpath.ri.parser.XPathParserTokenManager,1524,0.077
org.apache.commons.jxpath.ri.parser.XPathParserTokenManager,1525,0.077
org.apache.commons.jxpath.ri.parser.XPathParserTokenManager,1526,0.077
org.apache.commons.jxpath.ri.parser.XPathParser,36,0.077
org.apache.commons.jxpath.ri.parser.XPathParser,37,0.077
org.apache.commons.jxpath.ri.parser.XPathParser,150,0.077
org.apache.commons.jxpath.ri.parser.XPathParser,152,0.077
org.apache.commons.jxpath.ri.parser.XPathParser,153,0.077
org.apache.commons.jxpath.ri.parser.XPathParser,171,0.077
org.apache.commons.jxpath.ri.parser.XPathParserTokenManager,390,0.077
org.apache.commons.jxpath.ri.parser.XPathParserTokenManager,391,0.077
org.apache.commons.jxpath.ri.parser.XPathParserTokenManager,392,0.077
org.apache.commons.jxpath.ri.model.beans.BeanPointerFactory,55,0.076
org.apache.commons.jxpath.ri.model.beans.BeanPointerFactory,59,0.076
org.apache.commons.jxpath.ri.model.beans.BeanPointerFactory,60,0.076
org.apache.commons.jxpath.ri.model.beans.BeanPointer,61,0.076
org.apache.commons.jxpath.ri.model.beans.BeanPointer,62,0.076
org.apache.commons.jxpath.ri.model.beans.BeanPointer,63,0.076
org.apache.commons.jxpath.ri.model.beans.BeanPointer,64,0.076
org.apache.commons.jxpath.ri.model.beans.BeanPointer,65,0.076
org.apache.commons.jxpath.ri.model.dynamic.DynamicPointerFactory,75,0.076
org.apache.commons.jxpath.ri.parser.XPathParserTokenManager,386,0.076
org.apache.commons.jxpath.ri.parser.XPathParser,30,0.076
org.apache.commons.jxpath.ri.compiler.TreeCompiler,39,0.076
org.apache.commons.jxpath.ri.parser.XPathParser,145,0.076
org.apache.commons.jxpath.JXPathContext,592,0.076
org.apache.commons.jxpath.JXPathContext,593,0.076
org.apache.commons.jxpath.JXPathContext,594,0.076
org.apache.commons.jxpath.ri.parser.XPathParserTokenManager,538,0.075
org.apache.commons.jxpath.ri.parser.XPathParserTokenManager,12,0.075
org.apache.commons.jxpath.ri.parser.XPathParser,2017,0.075
org.apache.commons.jxpath.ri.parser.XPathParser,2032,0.075
org.apache.commons.jxpath.ri.parser.XPathParser,2033,0.075
org.apache.commons.jxpath.ri.parser.XPathParser,2398,0.075
org.apache.commons.jxpath.ri.parser.XPathParser,2447,0.075
org.apache.commons.jxpath.ri.parser.XPathParser,2448,0.075
org.apache.commons.jxpath.ri.parser.XPathParserTokenManager,1512,0.075
org.apache.commons.jxpath.ri.parser.XPathParserTokenManager,1514,0.075
org.apache.commons.jxpath.ri.parser.XPathParserTokenManager,1517,0.075
org.apache.commons.jxpath.ri.parser.XPathParserTokenManager,1535,0.075
org.apache.commons.jxpath.ri.parser.XPathParserTokenManager,1536,0.075
org.apache.commons.jxpath.ri.model.dynamic.DynamicPointerFactory,68,0.075
org.apache.commons.jxpath.ri.model.dynamic.DynamicPointerFactory,69,0.075
org.apache.commons.jxpath.ri.parser.XPathParser,3624,0.075
org.apache.commons.jxpath.ri.compiler.TreeCompiler,159,0.074
org.apache.commons.jxpath.ri.compiler.TreeCompiler,160,0.074
org.apache.commons.jxpath.ri.compiler.TreeCompiler,161,0.074
org.apache.commons.jxpath.ri.compiler.TreeCompiler,162,0.074
org.apache.commons.jxpath.ri.compiler.TreeCompiler,166,0.074
org.apache.commons.jxpath.ri.axes.RootContext,58,0.074
org.apache.commons.jxpath.ri.EvalContext,249,0.074
org.apache.commons.jxpath.ri.EvalContext,250,0.074
org.apache.commons.jxpath.ri.EvalContext,252,0.074
org.apache.commons.jxpath.ri.parser.XPathParserTokenManager,1430,0.074
org.apache.commons.jxpath.ri.parser.XPathParserTokenManager,1433,0.074
org.apache.commons.jxpath.ri.parser.XPathParserTokenManager,1510,0.074
org.apache.commons.jxpath.ri.parser.XPathParserTokenManager,1511,0.074
org.apache.commons.jxpath.ri.model.dynabeans.DynaBeanPointerFactory,52,0.074
org.apache.commons.jxpath.ri.model.dynamic.DynamicPointerFactory,64,0.074
org.apache.commons.jxpath.util.ValueUtils,270,0.074
org.apache.commons.jxpath.ri.model.container.ContainerPointerFactory,53,0.074
org.apache.commons.jxpath.ri.model.jdom.JDOMPointerFactory,62,0.074
org.apache.commons.jxpath.ri.parser.SimpleCharStream,179,0.074
org.apache.commons.jxpath.ri.parser.SimpleCharStream,181,0.074
org.apache.commons.jxpath.ri.parser.SimpleCharStream,184,0.074
org.apache.commons.jxpath.ri.parser.XPathParserTokenManager,1841,0.074
org.apache.commons.jxpath.ri.model.jdom.JDOMPointerFactory,59,0.074
org.apache.commons.jxpath.util.ValueUtils,267,0.074
org.apache.commons.jxpath.util.ValueUtils,268,0.074
org.apache.commons.jxpath.util.ValueUtils,269,0.074
org.apache.commons.jxpath.util.ValueUtils,296,0.074
org.apache.commons.jxpath.ri.parser.XPathParserTokenManager,482,0.074
org.apache.commons.jxpath.ri.parser.XPathParserTokenManager,486,0.074
org.apache.commons.jxpath.ri.parser.XPathParserTokenManager,487,0.074
org.apache.commons.jxpath.ri.parser.XPathParserTokenManager,1582,0.074
org.apache.commons.jxpath.ri.model.beans.BeanPointer,79,0.073
org.apache.commons.jxpath.ri.parser.XPathParserTokenManager,1583,0.073
org.apache.commons.jxpath.ri.parser.XPathParserTokenManager,1265,0.072
org.apache.commons.jxpath.ri.parser.XPathParserTokenManager,1267,0.072
org.apache.commons.jxpath.ri.parser.XPathParserTokenManager,1268,0.072
org.apache.commons.jxpath.ri.parser.XPathParserTokenManager,1270,0.072
org.apache.commons.jxpath.ri.parser.XPathParserTokenManager,1419,0.072
org.apache.commons.jxpath.ri.parser.XPathParserTokenManager,1420,0.072
org.apache.commons.jxpath.ri.parser.XPathParserTokenManager,1421,0.072
org.apache.commons.jxpath.ri.parser.XPathParserTokenManager,1422,0.072
org.apache.commons.jxpath.ri.parser.XPathParserTokenManager,1423,0.072
org.apache.commons.jxpath.ri.parser.XPathParserTokenManager,1426,0.072
org.apache.commons.jxpath.ri.parser.XPathParserTokenManager,1428,0.072
org.apache.commons.jxpath.ri.parser.XPathParserTokenManager,1574,0.072
org.apache.commons.jxpath.ri.parser.XPathParserTokenManager,1576,0.072
org.apache.commons.jxpath.ri.parser.XPathParserTokenManager,1577,0.072
org.apache.commons.jxpath.ri.parser.XPathParserTokenManager,1578,0.072
org.apache.commons.jxpath.ri.parser.XPathParserTokenManager,1580,0.072
org.apache.commons.jxpath.ri.parser.XPathParserTokenManager,1581,0.072
org.apache.commons.jxpath.ri.parser.XPathParserTokenManager,1584,0.072
org.apache.commons.jxpath.ri.parser.SimpleCharStream,323,0.072
org.apache.commons.jxpath.ri.parser.SimpleCharStream,324,0.072
org.apache.commons.jxpath.ri.JXPathContextReferenceImpl,201,0.072
org.apache.commons.jxpath.ri.JXPathContextReferenceImpl,228,0.072
org.apache.commons.jxpath.ri.JXPathContextReferenceImpl,230,0.072
org.apache.commons.jxpath.ri.JXPathContextReferenceImpl,232,0.072
org.apache.commons.jxpath.ri.JXPathContextReferenceImpl,242,0.072
org.apache.commons.jxpath.ri.JXPathContextReferenceImpl,247,0.072
org.apache.commons.jxpath.ri.JXPathContextReferenceImpl,249,0.072
org.apache.commons.jxpath.ri.parser.Token,8,0.072
org.apache.commons.jxpath.ri.parser.XPathParser,11,0.072
org.apache.commons.jxpath.ri.parser.XPathParser,12,0.072
org.apache.commons.jxpath.ri.compiler.Expression,40,0.072
org.apache.commons.jxpath.ri.Parser,44,0.072
org.apache.commons.jxpath.ri.Parser,45,0.072
org.apache.commons.jxpath.ri.Parser,46,0.072
org.apache.commons.jxpath.ri.compiler.Expression,46,0.072
org.apache.commons.jxpath.ri.Parser,48,0.072
org.apache.commons.jxpath.ri.Parser,49,0.072
org.apache.commons.jxpath.ri.Parser,68,0.072
org.apache.commons.jxpath.ri.Parser,69,0.072
org.apache.commons.jxpath.ri.parser.Token,75,0.072
org.apache.commons.jxpath.ri.parser.Token,77,0.072
org.apache.commons.jxpath.ri.parser.SimpleCharStream,83,0.072
org.apache.commons.jxpath.ri.parser.SimpleCharStream,107,0.072
org.apache.commons.jxpath.ri.parser.SimpleCharStream,110,0.072
org.apache.commons.jxpath.ri.parser.SimpleCharStream,111,0.072
org.apache.commons.jxpath.ri.parser.SimpleCharStream,114,0.072
org.apache.commons.jxpath.ri.parser.SimpleCharStream,115,0.072
org.apache.commons.jxpath.ri.parser.SimpleCharStream,117,0.072
org.apache.commons.jxpath.ri.parser.SimpleCharStream,118,0.072
org.apache.commons.jxpath.ri.parser.SimpleCharStream,119,0.072
org.apache.commons.jxpath.ri.parser.SimpleCharStream,120,0.072
org.apache.commons.jxpath.ri.parser.SimpleCharStream,121,0.072
org.apache.commons.jxpath.ri.parser.SimpleCharStream,122,0.072
org.apache.commons.jxpath.ri.parser.SimpleCharStream,128,0.072
org.apache.commons.jxpath.ri.parser.SimpleCharStream,129,0.072
org.apache.commons.jxpath.ri.parser.SimpleCharStream,130,0.072
org.apache.commons.jxpath.ri.compiler.Expression,131,0.072
org.apache.commons.jxpath.ri.parser.SimpleCharStream,132,0.072
org.apache.commons.jxpath.ri.parser.SimpleCharStream,137,0.072
org.apache.commons.jxpath.ri.parser.SimpleCharStream,139,0.072
org.apache.commons.jxpath.ri.parser.SimpleCharStream,144,0.072
org.apache.commons.jxpath.ri.parser.SimpleCharStream,155,0.072
org.apache.commons.jxpath.ri.parser.SimpleCharStream,171,0.072
org.apache.commons.jxpath.ri.parser.SimpleCharStream,172,0.072
org.apache.commons.jxpath.ri.parser.SimpleCharStream,173,0.072
org.apache.commons.jxpath.ri.parser.SimpleCharStream,177,0.072
org.apache.commons.jxpath.ri.parser.SimpleCharStream,187,0.072
org.apache.commons.jxpath.ri.parser.SimpleCharStream,188,0.072
org.apache.commons.jxpath.ri.parser.SimpleCharStream,190,0.072
org.apache.commons.jxpath.ri.parser.SimpleCharStream,192,0.072
org.apache.commons.jxpath.ri.parser.SimpleCharStream,193,0.072
org.apache.commons.jxpath.ri.parser.SimpleCharStream,215,0.072
org.apache.commons.jxpath.ri.parser.SimpleCharStream,219,0.072
org.apache.commons.jxpath.ri.parser.SimpleCharStream,223,0.072
org.apache.commons.jxpath.ri.parser.SimpleCharStream,227,0.072
org.apache.commons.jxpath.ri.parser.SimpleCharStream,232,0.072
org.apache.commons.jxpath.ri.parser.SimpleCharStream,233,0.072
org.apache.commons.jxpath.ri.parser.SimpleCharStream,235,0.072
org.apache.commons.jxpath.ri.parser.SimpleCharStream,263,0.072
org.apache.commons.jxpath.ri.parser.SimpleCharStream,264,0.072
org.apache.commons.jxpath.ri.parser.SimpleCharStream,265,0.072
org.apache.commons.jxpath.ri.parser.SimpleCharStream,267,0.072
org.apache.commons.jxpath.ri.parser.SimpleCharStream,274,0.072
org.apache.commons.jxpath.ri.parser.SimpleCharStream,275,0.072
org.apache.commons.jxpath.ri.parser.SimpleCharStream,276,0.072
org.apache.commons.jxpath.ri.parser.SimpleCharStream,277,0.072
org.apache.commons.jxpath.ri.parser.SimpleCharStream,282,0.072
org.apache.commons.jxpath.ri.parser.SimpleCharStream,283,0.072
org.apache.commons.jxpath.ri.parser.XPathParser,360,0.072
org.apache.commons.jxpath.ri.parser.XPathParser,361,0.072
org.apache.commons.jxpath.ri.parser.XPathParser,362,0.072
org.apache.commons.jxpath.ri.parser.XPathParserTokenManager,404,0.072
org.apache.commons.jxpath.ri.parser.XPathParser,919,0.072
org.apache.commons.jxpath.ri.parser.XPathParser,920,0.072
org.apache.commons.jxpath.ri.parser.XPathParser,1144,0.072
org.apache.commons.jxpath.ri.parser.XPathParser,1145,0.072
org.apache.commons.jxpath.ri.parser.XPathParser,1148,0.072
org.apache.commons.jxpath.ri.parser.XPathParser,1153,0.072
org.apache.commons.jxpath.ri.parser.XPathParser,1154,0.072
org.apache.commons.jxpath.ri.parser.XPathParser,1164,0.072
org.apache.commons.jxpath.ri.parser.XPathParser,1167,0.072
org.apache.commons.jxpath.ri.parser.XPathParser,1173,0.072
org.apache.commons.jxpath.ri.parser.XPathParser,1175,0.072
org.apache.commons.jxpath.ri.parser.XPathParser,1245,0.072
org.apache.commons.jxpath.ri.parser.XPathParser,1300,0.072
org.apache.commons.jxpath.ri.parser.XPathParser,1301,0.072
org.apache.commons.jxpath.ri.parser.XPathParser,1304,0.072
org.apache.commons.jxpath.ri.parser.XPathParser,1309,0.072
org.apache.commons.jxpath.ri.parser.XPathParser,1310,0.072
org.apache.commons.jxpath.ri.parser.XPathParser,1320,0.072
org.apache.commons.jxpath.ri.parser.XPathParser,1323,0.072
org.apache.commons.jxpath.ri.parser.XPathParser,1330,0.072
org.apache.commons.jxpath.ri.parser.XPathParser,1331,0.072
org.apache.commons.jxpath.ri.parser.XPathParser,1334,0.072
org.apache.commons.jxpath.ri.parser.XPathParser,1339,0.072
org.apache.commons.jxpath.ri.parser.XPathParser,1340,0.072
org.apache.commons.jxpath.ri.parser.XPathParser,1350,0.072
org.apache.commons.jxpath.ri.parser.XPathParser,1353,0.072
org.apache.commons.jxpath.ri.parser.XPathParser,1360,0.072
org.apache.commons.jxpath.ri.parser.XPathParser,1363,0.072
org.apache.commons.jxpath.ri.parser.XPathParser,1369,0.072
org.apache.commons.jxpath.ri.parser.XPathParser,1370,0.072
org.apache.commons.jxpath.ri.parser.XPathParser,1389,0.072
org.apache.commons.jxpath.ri.parser.XPathParser,1397,0.072
org.apache.commons.jxpath.ri.parser.XPathParser,1400,0.072
org.apache.commons.jxpath.ri.parser.XPathParser,1408,0.072
org.apache.commons.jxpath.ri.parser.XPathParser,1409,0.072
org.apache.commons.jxpath.ri.parser.XPathParser,1438,0.072
org.apache.commons.jxpath.ri.parser.XPathParser,1449,0.072
org.apache.commons.jxpath.ri.parser.XPathParser,1450,0.072
org.apache.commons.jxpath.ri.parser.XPathParser,1453,0.072
org.apache.commons.jxpath.ri.parser.XPathParser,1458,0.072
org.apache.commons.jxpath.ri.parser.XPathParser,1459,0.072
org.apache.commons.jxpath.ri.parser.XPathParser,1469,0.072
org.apache.commons.jxpath.ri.parser.XPathParser,1472,0.072
org.apache.commons.jxpath.ri.parser.XPathParser,1477,0.072
org.apache.commons.jxpath.ri.parser.XPathParser,1478,0.072
org.apache.commons.jxpath.ri.parser.XPathParser,1481,0.072
org.apache.commons.jxpath.ri.parser.XPathParser,1486,0.072
org.apache.commons.jxpath.ri.parser.XPathParser,1487,0.072
org.apache.commons.jxpath.ri.parser.XPathParser,1493,0.072
org.apache.commons.jxpath.ri.parser.XPathParser,1501,0.072
org.apache.commons.jxpath.ri.parser.XPathParser,1504,0.072
org.apache.commons.jxpath.ri.parser.XPathParser,1511,0.072
org.apache.commons.jxpath.ri.parser.XPathParser,1512,0.072
org.apache.commons.jxpath.ri.parser.XPathParser,1536,0.072
org.apache.commons.jxpath.ri.parser.XPathParser,1543,0.072
org.apache.commons.jxpath.ri.parser.XPathParser,1606,0.072
org.apache.commons.jxpath.ri.parser.XPathParser,1607,0.072
org.apache.commons.jxpath.ri.parser.XPathParser,1618,0.072
org.apache.commons.jxpath.ri.parser.XPathParserTokenManager,1764,0.072
org.apache.commons.jxpath.ri.parser.XPathParserTokenManager,1765,0.072
org.apache.commons.jxpath.ri.parser.XPathParserTokenManager,1766,0.072
org.apache.commons.jxpath.ri.parser.XPathParserTokenManager,1767,0.072
org.apache.commons.jxpath.ri.parser.XPathParserTokenManager,1768,0.072
org.apache.commons.jxpath.ri.parser.XPathParserTokenManager,1772,0.072
org.apache.commons.jxpath.ri.parser.XPathParserTokenManager,1773,0.072
org.apache.commons.jxpath.ri.parser.XPathParserTokenManager,1774,0.072
org.apache.commons.jxpath.ri.parser.XPathParserTokenManager,1775,0.072
org.apache.commons.jxpath.ri.parser.XPathParserTokenManager,1791,0.072
org.apache.commons.jxpath.ri.parser.XPathParserTokenManager,1792,0.072
org.apache.commons.jxpath.ri.parser.XPathParserTokenManager,1793,0.072
org.apache.commons.jxpath.ri.parser.XPathParserTokenManager,1794,0.072
org.apache.commons.jxpath.ri.parser.XPathParserTokenManager,1795,0.072
org.apache.commons.jxpath.ri.parser.XPathParserTokenManager,1796,0.072
org.apache.commons.jxpath.ri.parser.XPathParserTokenManager,1797,0.072
org.apache.commons.jxpath.ri.parser.XPathParserTokenManager,1798,0.072
org.apache.commons.jxpath.ri.parser.XPathParserTokenManager,1799,0.072
org.apache.commons.jxpath.ri.parser.XPathParserTokenManager,1812,0.072
org.apache.commons.jxpath.ri.parser.XPathParserTokenManager,1814,0.072
org.apache.commons.jxpath.ri.parser.XPathParserTokenManager,1821,0.072
org.apache.commons.jxpath.ri.parser.XPathParserTokenManager,1823,0.072
org.apache.commons.jxpath.ri.parser.XPathParserTokenManager,1825,0.072
org.apache.commons.jxpath.ri.parser.XPathParserTokenManager,1826,0.072
org.apache.commons.jxpath.ri.parser.XPathParserTokenManager,1827,0.072
org.apache.commons.jxpath.ri.parser.XPathParserTokenManager,1828,0.072
org.apache.commons.jxpath.ri.parser.XPathParserTokenManager,1830,0.072
org.apache.commons.jxpath.ri.parser.XPathParserTokenManager,1831,0.072
org.apache.commons.jxpath.ri.parser.XPathParserTokenManager,1834,0.072
org.apache.commons.jxpath.ri.parser.XPathParserTokenManager,1835,0.072
org.apache.commons.jxpath.ri.parser.XPathParserTokenManager,1836,0.072
org.apache.commons.jxpath.ri.parser.XPathParserTokenManager,1837,0.072
org.apache.commons.jxpath.ri.parser.XPathParserTokenManager,1838,0.072
org.apache.commons.jxpath.ri.parser.XPathParserTokenManager,1840,0.072
org.apache.commons.jxpath.ri.parser.XPathParserTokenManager,1842,0.072
org.apache.commons.jxpath.ri.parser.XPathParserTokenManager,1844,0.072
org.apache.commons.jxpath.ri.parser.XPathParserTokenManager,1845,0.072
org.apache.commons.jxpath.ri.parser.XPathParser,1861,0.072
org.apache.commons.jxpath.ri.parser.XPathParser,1862,0.072
org.apache.commons.jxpath.ri.parser.XPathParser,1863,0.072
org.apache.commons.jxpath.ri.parser.XPathParser,1864,0.072
org.apache.commons.jxpath.ri.parser.XPathParser,2997,0.072
org.apache.commons.jxpath.ri.parser.XPathParser,3276,0.072
org.apache.commons.jxpath.ri.parser.XPathParser,3372,0.072
org.apache.commons.jxpath.ri.parser.XPathParser,3421,0.072
org.apache.commons.jxpath.ri.parser.XPathParser,3422,0.072
org.apache.commons.jxpath.ri.parser.XPathParser,3569,0.072
org.apache.commons.jxpath.ri.parser.XPathParser,3570,0.072
org.apache.commons.jxpath.ri.parser.XPathParser,3571,0.072
org.apache.commons.jxpath.ri.parser.XPathParser,3572,0.072
org.apache.commons.jxpath.ri.parser.XPathParser,3573,0.072
org.apache.commons.jxpath.ri.parser.XPathParser,3574,0.072
org.apache.commons.jxpath.ri.parser.XPathParser,3575,0.072
org.apache.commons.jxpath.ri.parser.XPathParser,3576,0.072
org.apache.commons.jxpath.ri.parser.XPathParser,3597,0.072
org.apache.commons.jxpath.ri.parser.XPathParser,3598,0.072
org.apache.commons.jxpath.ri.parser.XPathParser,3599,0.072
org.apache.commons.jxpath.ri.parser.XPathParser,3600,0.072
org.apache.commons.jxpath.ri.parser.XPathParser,3601,0.072
org.apache.commons.jxpath.ri.parser.XPathParser,3602,0.072
org.apache.commons.jxpath.ri.parser.XPathParser,3612,0.072
org.apache.commons.jxpath.ri.parser.XPathParser,3621,0.072
org.apache.commons.jxpath.ri.parser.XPathParser,3622,0.072
org.apache.commons.jxpath.ri.parser.XPathParser,3623,0.072
org.apache.commons.jxpath.ri.parser.XPathParser,3626,0.072
org.apache.commons.jxpath.ri.parser.XPathParser,3631,0.072
org.apache.commons.jxpath.ri.parser.XPathParser,3636,0.072
org.apache.commons.jxpath.ri.parser.XPathParser,3760,0.072
org.apache.commons.jxpath.ri.parser.XPathParser,3761,0.072
org.apache.commons.jxpath.ri.parser.XPathParser,3765,0.072
org.apache.commons.jxpath.ri.parser.XPathParser,3766,0.072
org.apache.commons.jxpath.ri.parser.XPathParser,3768,0.072
org.apache.commons.jxpath.ri.model.beans.PropertyOwnerPointer,78,0.071
org.apache.commons.jxpath.ri.model.beans.PropertyOwnerPointer,79,0.071
org.apache.commons.jxpath.ri.model.beans.PropertyOwnerPointer,92,0.071
org.apache.commons.jxpath.ri.model.beans.PropertyOwnerPointer,93,0.071
org.apache.commons.jxpath.ri.model.beans.PropertyOwnerPointer,96,0.071
org.apache.commons.jxpath.util.ValueUtils,134,0.069
org.apache.commons.jxpath.util.ValueUtils,137,0.069
org.apache.commons.jxpath.util.ValueUtils,138,0.069
org.apache.commons.jxpath.JXPathBasicBeanInfo,71,0.069
org.apache.commons.jxpath.JXPathIntrospector,102,0.068
org.apache.commons.jxpath.JXPathIntrospector,103,0.068
org.apache.commons.jxpath.JXPathIntrospector,113,0.068
org.apache.commons.jxpath.ri.QName,54,0.068
org.apache.commons.jxpath.ri.model.beans.PropertyOwnerPointer,74,0.067
org.apache.commons.jxpath.ri.model.beans.PropertyOwnerPointer,75,0.067
org.apache.commons.jxpath.ri.model.jdom.JDOMPointerFactory,56,0.067
org.apache.commons.jxpath.ri.model.beans.PropertyOwnerPointer,90,0.066
org.apache.commons.jxpath.ri.model.NodePointer,193,0.066
org.apache.commons.jxpath.ri.model.NodePointer,194,0.066
org.apache.commons.jxpath.ri.axes.InitialContext,51,0.066
org.apache.commons.jxpath.ri.JXPathContextReferenceImpl,362,0.063
org.apache.commons.jxpath.ri.JXPathContextReferenceImpl,324,0.063
org.apache.commons.jxpath.ri.JXPathContextReferenceImpl,325,0.063
org.apache.commons.jxpath.ri.JXPathContextReferenceImpl,334,0.063
org.apache.commons.jxpath.ri.JXPathContextReferenceImpl,342,0.063
org.apache.commons.jxpath.ri.model.beans.CollectionPointerFactory,53,0.06
org.apache.commons.jxpath.ri.model.dom.DOMPointerFactory,53,0.06
org.apache.commons.jxpath.ri.model.NodePointer,90,0.06
org.apache.commons.jxpath.ri.model.NodePointer,92,0.06
org.apache.commons.jxpath.ri.model.NodePointer,93,0.06
org.apache.commons.jxpath.ri.model.NodePointer,95,0.06
org.apache.commons.jxpath.ri.model.NodePointer,96,0.06
org.apache.commons.jxpath.ri.model.NodePointer,300,0.06
org.apache.commons.jxpath.ri.model.NodePointer,108,0.059
org.apache.commons.jxpath.ri.model.NodePointer,109,0.059
org.apache.commons.jxpath.ri.model.NodePointer,110,0.059
org.apache.commons.jxpath.ri.model.NodePointer,241,0.059
org.apache.commons.jxpath.ri.model.NodePointer,242,0.059
org.apache.commons.jxpath.ri.model.NodePointer,252,0.059
org.apache.commons.jxpath.ri.axes.InitialContext,32,0.059
org.apache.commons.jxpath.ri.axes.InitialContext,37,0.059
org.apache.commons.jxpath.ri.axes.RootContext,37,0.059
org.apache.commons.jxpath.ri.axes.InitialContext,38,0.059
org.apache.commons.jxpath.ri.axes.InitialContext,40,0.059
org.apache.commons.jxpath.ri.axes.InitialContext,41,0.059
org.apache.commons.jxpath.ri.axes.InitialContext,44,0.059
org.apache.commons.jxpath.ri.axes.RootContext,45,0.059
org.apache.commons.jxpath.ri.axes.RootContext,46,0.059
org.apache.commons.jxpath.ri.axes.RootContext,47,0.059
org.apache.commons.jxpath.ri.axes.RootContext,48,0.059
org.apache.commons.jxpath.ri.EvalContext,49,0.059
org.apache.commons.jxpath.ri.axes.RootContext,49,0.059
org.apache.commons.jxpath.ri.EvalContext,50,0.059
org.apache.commons.jxpath.ri.EvalContext,51,0.059
org.apache.commons.jxpath.ri.axes.RootContext,51,0.059
org.apache.commons.jxpath.ri.EvalContext,52,0.059
org.apache.commons.jxpath.ri.EvalContext,55,0.059
org.apache.commons.jxpath.ri.EvalContext,56,0.059
org.apache.commons.jxpath.ri.EvalContext,57,0.059
org.apache.commons.jxpath.ri.axes.RootContext,66,0.059
org.apache.commons.jxpath.ri.model.NodePointer,125,0.059
org.apache.commons.jxpath.ri.model.NodePointer,126,0.059
org.apache.commons.jxpath.ri.NamespaceResolver,153,0.059
org.apache.commons.jxpath.ri.NamespaceResolver,154,0.059
org.apache.commons.jxpath.ri.NamespaceResolver,157,0.059
org.apache.commons.jxpath.ri.JXPathContextReferenceImpl,604,0.059
org.apache.commons.jxpath.ri.JXPathContextReferenceImpl,612,0.059
org.apache.commons.jxpath.ri.JXPathContextReferenceImpl,695,0.059
org.apache.commons.jxpath.ri.JXPathContextReferenceImpl,696,0.059
org.apache.commons.jxpath.JXPathContext,405,0.059
org.apache.commons.jxpath.ri.model.NodePointer,189,0.059
org.apache.commons.jxpath.ri.model.NodePointer,615,0.059
org.apache.commons.jxpath.ri.model.NodePointer,616,0.059
org.apache.commons.jxpath.ri.model.NodePointer,619,0.059
org.apache.commons.jxpath.util.ValueUtils,51,0.058
org.apache.commons.jxpath.util.ValueUtils,54,0.058
org.apache.commons.jxpath.util.ValueUtils,55,0.058
org.apache.commons.jxpath.util.ValueUtils,58,0.058
org.apache.commons.jxpath.util.ValueUtils,61,0.058
org.apache.commons.jxpath.ri.JXPathContextReferenceImpl,192,0.058
org.apache.commons.jxpath.util.ValueUtils,486,0.058
org.apache.commons.jxpath.util.ValueUtils,489,0.058
org.apache.commons.jxpath.ri.NamespaceResolver,35,0.058
org.apache.commons.jxpath.ri.JXPathContextFactoryReferenceImpl,39,0.058
org.apache.commons.jxpath.ri.model.NodePointer,47,0.058
org.apache.commons.jxpath.ri.model.NodePointer,49,0.058
org.apache.commons.jxpath.ri.NamespaceResolver,51,0.058
org.apache.commons.jxpath.ri.NamespaceResolver,52,0.058
org.apache.commons.jxpath.ri.NamespaceResolver,53,0.058
org.apache.commons.jxpath.ri.model.NodePointer,62,0.058
org.apache.commons.jxpath.ri.model.NodePointer,63,0.058
org.apache.commons.jxpath.ri.NamespaceResolver,74,0.058
org.apache.commons.jxpath.ri.NamespaceResolver,75,0.058
org.apache.commons.jxpath.ri.model.NodePointer,112,0.058
org.apache.commons.jxpath.ri.model.NodePointer,113,0.058
org.apache.commons.jxpath.ri.model.NodePointer,114,0.058
org.apache.commons.jxpath.ri.model.NodePointer,115,0.058
org.apache.commons.jxpath.ri.JXPathContextReferenceImpl,124,0.058
org.apache.commons.jxpath.ri.JXPathContextReferenceImpl,125,0.058
org.apache.commons.jxpath.ri.JXPathContextReferenceImpl,132,0.058
org.apache.commons.jxpath.ri.JXPathContextReferenceImpl,134,0.058
org.apache.commons.jxpath.ri.JXPathContextReferenceImpl,135,0.058
org.apache.commons.jxpath.ri.JXPathContextReferenceImpl,136,0.058
org.apache.commons.jxpath.ri.JXPathContextReferenceImpl,138,0.058
org.apache.commons.jxpath.ri.JXPathContextReferenceImpl,147,0.058
org.apache.commons.jxpath.ri.JXPathContextReferenceImpl,152,0.058
org.apache.commons.jxpath.ri.JXPathContextReferenceImpl,155,0.058
org.apache.commons.jxpath.ri.JXPathContextReferenceImpl,156,0.058
org.apache.commons.jxpath.ri.JXPathContextReferenceImpl,159,0.058
org.apache.commons.jxpath.ri.JXPathContextReferenceImpl,160,0.058
org.apache.commons.jxpath.ri.JXPathContextReferenceImpl,162,0.058
org.apache.commons.jxpath.ri.JXPathContextReferenceImpl,165,0.058
org.apache.commons.jxpath.ri.JXPathContextReferenceImpl,177,0.058
org.apache.commons.jxpath.JXPathContext,389,0.058
org.apache.commons.jxpath.JXPathContext,390,0.058
org.apache.commons.jxpath.JXPathContext,424,0.058
org.apache.commons.jxpath.JXPathContext,427,0.058
org.apache.commons.jxpath.JXPathContext,434,0.058
org.apache.commons.jxpath.JXPathContext,435,0.058
org.apache.commons.jxpath.JXPathContext,436,0.058
org.apache.commons.jxpath.JXPathContext,437,0.058
org.apache.commons.jxpath.JXPathContext,545,0.058
org.apache.commons.jxpath.JXPathContext,546,0.058
org.apache.commons.jxpath.JXPathContext,549,0.058
org.apache.commons.jxpath.JXPathContext,551,0.058
org.apache.commons.jxpath.ri.QName,39,0.057
org.apache.commons.jxpath.ri.QName,40,0.057
org.apache.commons.jxpath.ri.QName,41,0.057
org.apache.commons.jxpath.ri.QName,42,0.057
org.apache.commons.jxpath.ri.QName,43,0.057
org.apache.commons.jxpath.ri.JXPathContextReferenceImpl,211,0.056
org.apache.commons.jxpath.ri.JXPathContextReferenceImpl,213,0.056
org.apache.commons.jxpath.ri.JXPathContextReferenceImpl,214,0.056
org.apache.commons.jxpath.ri.JXPathContextReferenceImpl,215,0.056
org.apache.commons.jxpath.ri.JXPathContextReferenceImpl,222,0.056
org.apache.commons.jxpath.ri.JXPathContextReferenceImpl,224,0.056
