org.joda.time.TestParseISO,324,0.722
org.joda.time.format.DateTimeFormatter,693,0.653
org.joda.time.format.DateTimeFormatter,694,0.653
org.joda.time.format.DateTimeFormatter,698,0.653
org.joda.time.format.DateTimeFormatter,699,0.653
org.joda.time.format.DateTimeFormatter,700,0.653
org.joda.time.format.DateTimeFormatter,701,0.653
org.joda.time.format.DateTimeFormatter,703,0.653
org.joda.time.format.DateTimeFormatter,705,0.653
org.joda.time.format.DateTimeFormatter,706,0.653
org.joda.time.format.DateTimeFormatter,707,0.653
org.joda.time.format.DateTimeFormatter,712,0.653
org.joda.time.format.DateTimeFormatter,713,0.653
org.joda.time.base.BaseDateTime,329,0.601
org.joda.time.base.BaseDateTime,330,0.601
org.joda.time.MutableDateTime,518,0.601
org.joda.time.MutableDateTime,519,0.601
org.joda.time.TestParseISO,301,0.59
org.joda.time.TestParseISO,367,0.59
org.joda.time.format.DateTimeFormatterBuilder,2120,0.59
org.joda.time.format.DateTimeFormatterBuilder,2121,0.59
org.joda.time.format.DateTimeFormatterBuilder,2122,0.59
org.joda.time.format.DateTimeFormatterBuilder,2124,0.59
org.joda.time.format.DateTimeFormatterBuilder,2125,0.59
org.joda.time.format.DateTimeFormatterBuilder,2128,0.59
org.joda.time.format.DateTimeFormatterBuilder,2129,0.59
org.joda.time.format.DateTimeFormatterBuilder,2130,0.59
org.joda.time.format.ISODateTimeFormat,568,0.573
org.joda.time.format.ISODateTimeFormat,577,0.573
org.joda.time.tz.DateTimeZoneBuilder,1600,0.561
org.joda.time.tz.DateTimeZoneBuilder,1597,0.556
org.joda.time.tz.DateTimeZoneBuilder,1598,0.556
org.joda.time.tz.DateTimeZoneBuilder,1599,0.556
org.joda.time.tz.DateTimeZoneBuilder,1603,0.528
org.joda.time.TestParseISO,366,0.511
org.joda.time.TestParseISO,390,0.511
org.joda.time.format.DateTimeParserBucket,370,0.454
org.joda.time.format.DateTimeParserBucket,371,0.454
org.joda.time.format.DateTimeParserBucket,372,0.454
org.joda.time.MutableDateTime,1178,0.408
org.joda.time.format.DateTimeFormatterBuilder,1270,0.4
org.joda.time.format.DateTimeFormatterBuilder,1273,0.4
org.joda.time.MutableDateTime,410,0.377
org.joda.time.base.BaseDateTime,317,0.369
org.joda.time.base.BaseDateTime,318,0.369
org.joda.time.MutableDateTime,408,0.369
org.joda.time.MutableDateTime,428,0.369
org.joda.time.MutableDateTime,429,0.369
org.joda.time.format.DateTimeFormatterBuilder,1276,0.361
org.joda.time.MutableDateTime,278,0.358
org.joda.time.MutableDateTime,279,0.358
org.joda.time.field.PreciseDurationDateTimeField,129,0.356
org.joda.time.format.FormatUtils,69,0.344
org.joda.time.format.DateTimeFormatterBuilder,1932,0.34
org.joda.time.format.DateTimeFormatterBuilder,1933,0.34
org.joda.time.format.DateTimeFormatterBuilder,1936,0.34
org.joda.time.format.DateTimeFormatterBuilder,1937,0.34
org.joda.time.format.DateTimeFormatterBuilder,1939,0.34
org.joda.time.format.DateTimeFormatterBuilder,1940,0.34
org.joda.time.format.DateTimeFormatterBuilder,1941,0.34
org.joda.time.format.DateTimeFormatterBuilder,1942,0.34
org.joda.time.format.DateTimeFormatterBuilder,1949,0.34
org.joda.time.format.DateTimeFormatterBuilder,1975,0.34
org.joda.time.format.DateTimeFormatterBuilder,1908,0.336
org.joda.time.format.DateTimeFormatterBuilder,1909,0.336
org.joda.time.format.DateTimeFormatterBuilder,1910,0.336
org.joda.time.format.DateTimeFormatterBuilder,1912,0.336
org.joda.time.format.DateTimeFormatterBuilder,1913,0.336
org.joda.time.format.DateTimeFormatterBuilder,1918,0.336
org.joda.time.format.DateTimeFormatterBuilder,1919,0.336
org.joda.time.format.DateTimeFormatterBuilder,1920,0.336
org.joda.time.format.DateTimeFormatterBuilder,1930,0.336
org.joda.time.format.DateTimeFormatterBuilder,1961,0.336
org.joda.time.format.DateTimeFormatterBuilder,1963,0.336
org.joda.time.format.DateTimeFormatterBuilder,1965,0.336
org.joda.time.format.DateTimeFormatterBuilder,1986,0.336
org.joda.time.format.DateTimeFormatterBuilder,1987,0.336
org.joda.time.format.DateTimeFormatterBuilder,1993,0.336
org.joda.time.base.AbstractDateTime,88,0.332
org.joda.time.format.DateTimeFormatterBuilder,1296,0.326
org.joda.time.format.DateTimeParserBucket,289,0.291
org.joda.time.format.DateTimeParserBucket,290,0.291
org.joda.time.format.DateTimeParserBucket,291,0.291
org.joda.time.format.DateTimeParserBucket,292,0.291
org.joda.time.format.DateTimeParserBucket,431,0.291
org.joda.time.format.DateTimeParserBucket,434,0.291
org.joda.time.format.DateTimeParserBucket,435,0.291
org.joda.time.format.DateTimeParserBucket,436,0.291
org.joda.time.format.DateTimeParserBucket,437,0.291
org.joda.time.format.DateTimeParserBucket,444,0.291
org.joda.time.format.DateTimeParserBucket,445,0.291
org.joda.time.format.DateTimeFormatterBuilder,2703,0.291
org.joda.time.format.DateTimeFormatterBuilder,2704,0.291
org.joda.time.format.DateTimeFormatterBuilder,2705,0.291
org.joda.time.format.DateTimeFormatterBuilder,2710,0.291
org.joda.time.format.DateTimeParserBucket,274,0.289
org.joda.time.format.DateTimeParserBucket,275,0.289
org.joda.time.format.DateTimeParserBucket,277,0.289
org.joda.time.format.DateTimeParserBucket,423,0.289
org.joda.time.format.DateTimeParserBucket,424,0.289
org.joda.time.format.DateTimeParserBucket,425,0.289
org.joda.time.format.DateTimeParserBucket,426,0.289
org.joda.time.format.DateTimeParserBucket,427,0.289
org.joda.time.format.DateTimeParserBucket,428,0.289
org.joda.time.format.DateTimeFormatterBuilder,2668,0.289
org.joda.time.format.DateTimeFormatterBuilder,2669,0.289
org.joda.time.format.DateTimeFormatterBuilder,2671,0.289
org.joda.time.format.DateTimeFormatterBuilder,2672,0.289
org.joda.time.format.DateTimeFormatterBuilder,2674,0.289
org.joda.time.format.DateTimeFormatterBuilder,2675,0.289
org.joda.time.format.DateTimeFormatterBuilder,2677,0.289
org.joda.time.format.DateTimeFormatterBuilder,2679,0.289
org.joda.time.format.DateTimeFormatterBuilder,2680,0.289
org.joda.time.format.DateTimeFormatterBuilder,2681,0.289
org.joda.time.format.DateTimeFormatterBuilder,2689,0.289
org.joda.time.format.DateTimeFormatterBuilder,2690,0.289
org.joda.time.chrono.ISOYearOfEraDateTimeField,50,0.286
org.joda.time.chrono.ISOYearOfEraDateTimeField,51,0.286
org.joda.time.format.DateTimeFormatterBuilder,2091,0.277
org.joda.time.field.DividedDateTimeField,112,0.265
org.joda.time.field.DividedDateTimeField,113,0.265
org.joda.time.field.DividedDateTimeField,114,0.265
org.joda.time.format.ISODateTimeFormat,650,0.258
org.joda.time.format.ISODateTimeFormat,657,0.258
org.joda.time.format.DateTimeFormatterBuilder,1307,0.255
org.joda.time.format.DateTimeFormatterBuilder,1319,0.255
org.joda.time.format.DateTimeFormatterBuilder,2115,0.252
org.joda.time.format.DateTimeFormatterBuilder,2116,0.252
org.joda.time.format.DateTimeFormatterBuilder,2109,0.252
org.joda.time.format.DateTimeParserBucket,382,0.248
org.joda.time.format.DateTimeParserBucket,332,0.248
org.joda.time.format.DateTimeParserBucket,333,0.248
org.joda.time.format.DateTimeParserBucket,334,0.248
org.joda.time.format.DateTimeParserBucket,338,0.248
org.joda.time.format.DateTimeParserBucket,339,0.248
org.joda.time.format.DateTimeParserBucket,350,0.248
org.joda.time.format.DateTimeParserBucket,352,0.248
org.joda.time.format.DateTimeParserBucket,355,0.248
org.joda.time.format.DateTimeParserBucket,365,0.248
org.joda.time.format.DateTimeParserBucket,367,0.248
org.joda.time.format.DateTimeParserBucket,404,0.248
org.joda.time.format.DateTimeParserBucket,407,0.248
org.joda.time.format.DateTimeParserBucket,415,0.248
org.joda.time.format.DateTimeFormatterBuilder,2090,0.247
org.joda.time.format.DateTimeFormatterBuilder,2097,0.247
org.joda.time.format.DateTimeFormatterBuilder,2098,0.247
org.joda.time.format.DateTimeFormatterBuilder,2099,0.247
org.joda.time.format.DateTimeFormatterBuilder,2102,0.247
org.joda.time.format.DateTimeFormatterBuilder,2103,0.247
org.joda.time.format.DateTimeFormatterBuilder,2107,0.247
org.joda.time.format.DateTimeFormatterBuilder,2108,0.247
org.joda.time.format.DateTimeFormatterBuilder,2111,0.247
org.joda.time.format.DateTimeFormatterBuilder,2112,0.247
org.joda.time.format.DateTimeFormatterBuilder,2684,0.239
org.joda.time.format.DateTimeFormatterBuilder,1263,0.238
org.joda.time.format.DateTimeFormatterBuilder,1265,0.238
org.joda.time.format.DateTimeFormatterBuilder,1266,0.238
org.joda.time.format.DateTimeFormatterBuilder,1267,0.238
org.joda.time.format.DateTimeFormatterBuilder,1268,0.238
org.joda.time.format.DateTimeFormatterBuilder,1269,0.238
org.joda.time.format.DateTimeFormatterBuilder,1295,0.238
org.joda.time.format.DateTimeFormatterBuilder,2584,0.238
org.joda.time.format.DateTimeFormatterBuilder,2585,0.238
org.joda.time.format.DateTimeFormatterBuilder,2589,0.238
org.joda.time.format.DateTimeFormatterBuilder,2590,0.238
org.joda.time.format.DateTimeFormatterBuilder,2591,0.238
org.joda.time.format.DateTimeFormatterBuilder,2593,0.238
org.joda.time.format.ISODateTimeFormat,936,0.237
org.joda.time.format.ISODateTimeFormat,942,0.237
org.joda.time.format.DateTimeFormatterBuilder,1280,0.236
org.joda.time.format.DateTimeParserBucket,71,0.233
org.joda.time.format.DateTimeParserBucket,118,0.233
org.joda.time.format.DateTimeParserBucket,119,0.233
org.joda.time.format.DateTimeParserBucket,120,0.233
org.joda.time.format.DateTimeParserBucket,121,0.233
org.joda.time.format.DateTimeParserBucket,122,0.233
org.joda.time.format.DateTimeParserBucket,123,0.233
org.joda.time.format.DateTimeParserBucket,124,0.233
org.joda.time.format.DateTimeParserBucket,125,0.233
org.joda.time.format.DateTimeParserBucket,126,0.233
org.joda.time.format.DateTimeParserBucket,162,0.233
org.joda.time.format.DateTimeParserBucket,163,0.233
org.joda.time.format.DateTimeParserBucket,164,0.233
org.joda.time.format.DateTimeParserBucket,165,0.233
org.joda.time.format.DateTimeFormatter,900,0.233
org.joda.time.format.DateTimeFormatter,901,0.233
org.joda.time.format.DateTimeFormatter,904,0.233
org.joda.time.format.DateTimeFormatterBuilder,1846,0.231
org.joda.time.format.DateTimeFormatterBuilder,1849,0.231
org.joda.time.format.DateTimeFormatterBuilder,1850,0.231
org.joda.time.format.DateTimeFormatterBuilder,2083,0.23
org.joda.time.format.DateTimeFormatterBuilder,2086,0.23
org.joda.time.format.DateTimeFormatterBuilder,1879,0.226
org.joda.time.format.DateTimeFormatterBuilder,1880,0.226
org.joda.time.format.DateTimeFormatterBuilder,1884,0.226
org.joda.time.format.DateTimeFormatterBuilder,1892,0.226
org.joda.time.format.DateTimeFormatterBuilder,1894,0.226
org.joda.time.field.PreciseDurationDateTimeField,126,0.221
org.joda.time.format.DateTimeFormatterBuilder,2683,0.219
org.joda.time.format.DateTimeFormatterBuilder,2517,0.217
org.joda.time.format.FormatUtils,68,0.214
org.joda.time.format.FormatUtils,74,0.214
org.joda.time.format.FormatUtils,75,0.214
org.joda.time.format.FormatUtils,77,0.214
org.joda.time.format.FormatUtils,78,0.214
org.joda.time.format.DateTimeFormatterBuilder,1151,0.214
org.joda.time.format.DateTimeFormatterBuilder,1152,0.214
org.joda.time.format.DateTimeFormatterBuilder,1408,0.213
org.joda.time.format.DateTimeFormatterBuilder,1409,0.213
org.joda.time.format.DateTimeFormatterBuilder,1412,0.213
org.joda.time.format.DateTimeFormatterBuilder,1413,0.213
org.joda.time.format.DateTimeFormatterBuilder,2510,0.213
org.joda.time.format.DateTimeFormatterBuilder,2511,0.213
org.joda.time.format.DateTimeFormatterBuilder,2515,0.213
org.joda.time.format.DateTimeFormatterBuilder,2520,0.213
org.joda.time.format.DateTimeFormatterBuilder,2521,0.213
org.joda.time.format.DateTimeFormatterBuilder,2522,0.213
org.joda.time.format.DateTimeFormatterBuilder,2524,0.213
org.joda.time.format.DateTimeFormatter,580,0.212
org.joda.time.format.DateTimeFormatter,581,0.212
org.joda.time.format.DateTimeFormatter,582,0.212
org.joda.time.format.DateTimeFormatter,457,0.212
org.joda.time.format.DateTimeFormatter,458,0.212
org.joda.time.format.DateTimeFormatter,459,0.212
org.joda.time.format.DateTimeFormatter,460,0.212
org.joda.time.format.FormatUtils,64,0.211
org.joda.time.format.DateTimeFormatter,616,0.21
org.joda.time.format.DateTimeFormatter,617,0.21
org.joda.time.format.DateTimeFormatter,620,0.21
org.joda.time.format.DateTimeFormatter,621,0.21
org.joda.time.format.DateTimeFormatter,622,0.21
org.joda.time.format.DateTimeFormatter,623,0.21
org.joda.time.format.DateTimeFormatter,629,0.21
org.joda.time.format.DateTimeFormatter,630,0.21
org.joda.time.format.FormatUtils,63,0.21
org.joda.time.format.FormatUtils,66,0.21
org.joda.time.TestParseISO,308,0.209
org.joda.time.TestParseISO,391,0.209
org.joda.time.DateTimeFieldType,522,0.209
org.joda.time.base.BaseDateTime,195,0.205
org.joda.time.base.BaseDateTime,197,0.205
org.joda.time.format.FormatUtils,50,0.194
org.joda.time.format.FormatUtils,62,0.194
org.joda.time.format.FormatUtils,92,0.194
org.joda.time.format.DateTimeFormatterBuilder,2504,0.192
org.joda.time.chrono.AssembledChronology,176,0.19
org.joda.time.format.FormatUtils,67,0.189
org.joda.time.format.DateTimeFormatter,655,0.187
org.joda.time.format.DateTimeFormatter,656,0.187
org.joda.time.format.DateTimeFormatter,659,0.187
org.joda.time.DateTimeUtils,167,0.183
org.joda.time.DateTimeUtils,168,0.183
org.joda.time.DateTimeUtils,171,0.183
org.joda.time.field.PreciseDurationField,63,0.181
org.joda.time.format.DateTimeFormatterBuilder,1279,0.181
org.joda.time.format.DateTimeFormatterBuilder,1286,0.181
org.joda.time.format.DateTimeFormatterBuilder,1287,0.181
org.joda.time.tz.CachedDateTimeZone,127,0.18
org.joda.time.tz.DateTimeZoneBuilder,1587,0.18
org.joda.time.tz.DateTimeZoneBuilder,1588,0.18
org.joda.time.tz.DateTimeZoneBuilder,1589,0.18
org.joda.time.tz.DateTimeZoneBuilder,1595,0.18
org.joda.time.tz.DateTimeZoneBuilder,1596,0.18
org.joda.time.DateTimeUtils,164,0.179
org.joda.time.DateTimeZone,901,0.178
org.joda.time.DateTimeZone,902,0.178
org.joda.time.DateTimeZone,903,0.178
org.joda.time.DateTimeZone,904,0.178
org.joda.time.DateTimeZone,905,0.178
org.joda.time.DateTimeUtils,149,0.177
org.joda.time.format.DateTimeFormatterBuilder,1173,0.175
org.joda.time.format.FormatUtils,51,0.173
org.joda.time.format.FormatUtils,52,0.173
org.joda.time.format.FormatUtils,53,0.173
org.joda.time.DateTimeUtils,146,0.173
org.joda.time.format.DateTimeFormatterBuilder,1289,0.172
org.joda.time.chrono.BasicGJChronology,140,0.17
org.joda.time.chrono.ZonedChronology,119,0.17
org.joda.time.chrono.ZonedChronology,147,0.17
org.joda.time.chrono.ZonedChronology,139,0.169
org.joda.time.chrono.ZonedChronology,140,0.169
org.joda.time.chrono.ZonedChronology,141,0.169
org.joda.time.chrono.ZonedChronology,142,0.169
org.joda.time.chrono.BasicGJChronology,121,0.167
org.joda.time.DateTimeFieldType,524,0.166
org.joda.time.format.DateTimeFormatter,915,0.165
org.joda.time.format.DateTimeFormatter,916,0.165
org.joda.time.format.DateTimeFormatter,919,0.165
org.joda.time.format.DateTimeFormatter,922,0.165
org.joda.time.DateTimeZone,900,0.162
org.joda.time.DateTimeZone,910,0.161
org.joda.time.DateTimeFieldType,498,0.161
org.joda.time.DateTimeZone,882,0.161
org.joda.time.DateTimeZone,884,0.161
org.joda.time.DateTimeZone,885,0.161
org.joda.time.DateTimeZone,887,0.161
org.joda.time.DateTimeFieldType,520,0.158
org.joda.time.format.DateTimeFormatterBuilder,2117,0.158
org.joda.time.format.DateTimeFormatterBuilder,1174,0.158
org.joda.time.DateTimeFieldType,496,0.156
org.joda.time.DateTimeFieldType,516,0.156
org.joda.time.DateTimeFieldType,492,0.155
org.joda.time.chrono.BasicChronology,435,0.15
org.joda.time.chrono.AssembledChronology,284,0.15
org.joda.time.base.BaseDateTime,254,0.148
org.joda.time.base.BaseDateTime,256,0.148
org.joda.time.base.BaseDateTime,257,0.148
org.joda.time.field.PreciseDurationDateTimeField,141,0.148
org.joda.time.base.AbstractDuration,80,0.147
org.joda.time.base.BaseDateTime,252,0.147
org.joda.time.base.BaseDateTime,253,0.147
org.joda.time.chrono.BasicMonthOfYearDateTimeField,72,0.145
org.joda.time.chrono.AssembledChronology,133,0.145
org.joda.time.chrono.AssembledChronology,131,0.144
org.joda.time.chrono.BasicChronology,177,0.143
org.joda.time.chrono.BasicChronology,167,0.143
org.joda.time.chrono.BasicChronology,172,0.143
org.joda.time.chrono.BasicChronology,173,0.143
org.joda.time.chrono.BasicChronology,174,0.143
org.joda.time.chrono.BasicChronology,175,0.143
org.joda.time.format.DateTimeFormatterBuilder,1177,0.141
org.joda.time.format.DateTimeFormatterBuilder,1178,0.141
org.joda.time.format.DateTimeFormatterBuilder,1180,0.141
org.joda.time.format.FormatUtils,80,0.14
org.joda.time.format.FormatUtils,87,0.14
org.joda.time.format.FormatUtils,90,0.14
org.joda.time.field.PreciseDurationDateTimeField,127,0.139
org.joda.time.field.PreciseDateTimeField,82,0.136
org.joda.time.tz.DateTimeZoneBuilder,1535,0.136
org.joda.time.tz.DateTimeZoneBuilder,1536,0.136
org.joda.time.format.DateTimeFormatterBuilder,1181,0.135
org.joda.time.format.DateTimeFormatterBuilder,1182,0.135
org.joda.time.format.DateTimeFormatterBuilder,1183,0.135
org.joda.time.format.DateTimeFormatterBuilder,1184,0.135
org.joda.time.format.DateTimeFormatterBuilder,1185,0.135
org.joda.time.format.DateTimeFormatterBuilder,1186,0.135
org.joda.time.format.DateTimeFormatterBuilder,1187,0.135
org.joda.time.format.DateTimeFormatterBuilder,2691,0.134
org.joda.time.format.DateTimeFormatterBuilder,2692,0.134
org.joda.time.chrono.BasicChronology,691,0.133
org.joda.time.DateTimeFieldType,164,0.131
org.joda.time.format.FormatUtils,83,0.131
org.joda.time.format.FormatUtils,82,0.131
org.joda.time.DateTimeFieldType,200,0.13
org.joda.time.base.BaseDateTime,304,0.13
org.joda.time.chrono.BasicChronology,604,0.129
org.joda.time.chrono.BasicChronology,605,0.129
org.joda.time.chrono.BasicChronology,606,0.129
org.joda.time.DateTimeFieldType,218,0.129
org.joda.time.chrono.BasicChronology,603,0.129
org.joda.time.chrono.BasicChronology,682,0.129
org.joda.time.field.FieldUtils,237,0.129
org.joda.time.field.FieldUtils,232,0.129
org.joda.time.format.DateTimeFormatterBuilder,2721,0.129
org.joda.time.chrono.AssembledChronology,172,0.128
org.joda.time.format.DateTimeFormatterBuilder,2713,0.127
org.joda.time.base.BaseDateTime,284,0.127
org.joda.time.DateTimeFieldType,480,0.127
org.joda.time.DateTimeFieldType,482,0.127
org.joda.time.chrono.AssembledChronology,184,0.126
org.joda.time.chrono.BasicChronology,448,0.125
org.joda.time.chrono.BasicChronology,449,0.125
org.joda.time.chrono.BasicChronology,450,0.125
org.joda.time.DateTimeFieldType,182,0.124
org.joda.time.chrono.AssembledChronology,196,0.124
org.joda.time.tz.DateTimeZoneBuilder,1574,0.123
org.joda.time.format.DateTimeFormatterBuilder,2697,0.123
org.joda.time.chrono.BasicDayOfMonthDateTimeField,47,0.122
org.joda.time.chrono.BasicChronology,468,0.122
org.joda.time.chrono.BasicChronology,469,0.122
org.joda.time.chrono.BasicChronology,470,0.122
org.joda.time.chrono.BasicGJChronology,88,0.121
org.joda.time.chrono.BasicGJChronology,93,0.121
org.joda.time.tz.CachedDateTimeZone,111,0.121
org.joda.time.tz.CachedDateTimeZone,204,0.121
org.joda.time.tz.CachedDateTimeZone,205,0.121
org.joda.time.tz.CachedDateTimeZone,208,0.121
org.joda.time.tz.CachedDateTimeZone,148,0.121
org.joda.time.tz.CachedDateTimeZone,149,0.121
org.joda.time.tz.CachedDateTimeZone,150,0.121
org.joda.time.tz.CachedDateTimeZone,151,0.121
org.joda.time.tz.CachedDateTimeZone,152,0.121
org.joda.time.tz.CachedDateTimeZone,156,0.121
org.joda.time.chrono.BasicYearDateTimeField,54,0.121
org.joda.time.chrono.BasicGJChronology,120,0.121
org.joda.time.chrono.BasicChronology,385,0.121
org.joda.time.chrono.BasicChronology,386,0.121
org.joda.time.chrono.BasicChronology,387,0.121
org.joda.time.base.BaseDateTime,270,0.12
org.joda.time.tz.FixedDateTimeZone,61,0.12
org.joda.time.DateTimeZone,266,0.12
org.joda.time.DateTimeFieldType,273,0.12
org.joda.time.base.AbstractDateTime,51,0.12
org.joda.time.base.AbstractDateTime,52,0.12
org.joda.time.chrono.GregorianChronology,233,0.119
org.joda.time.chrono.GregorianChronology,241,0.119
org.joda.time.chrono.GregorianChronology,221,0.119
org.joda.time.chrono.GregorianChronology,225,0.119
org.joda.time.base.BaseDateTime,295,0.118
org.joda.time.field.PreciseDateTimeField,79,0.117
org.joda.time.chrono.BasicGJChronology,139,0.117
org.joda.time.chrono.BasicChronology,399,0.117
org.joda.time.chrono.BasicChronology,400,0.117
org.joda.time.chrono.BasicChronology,401,0.117
org.joda.time.chrono.BasicChronology,404,0.117
org.joda.time.chrono.BasicChronology,406,0.117
org.joda.time.chrono.BasicChronology,407,0.117
org.joda.time.chrono.BasicChronology,409,0.117
org.joda.time.chrono.BasicChronology,411,0.117
org.joda.time.chrono.BasicChronology,428,0.117
org.joda.time.field.PreciseDurationDateTimeField,154,0.116
org.joda.time.base.AbstractInstant,61,0.116
org.joda.time.base.AbstractInstant,62,0.116
org.joda.time.DateTimeFieldType,318,0.115
org.joda.time.DateTimeFieldType,327,0.115
org.joda.time.chrono.ISOChronology,133,0.114
org.joda.time.chrono.GregorianChronology,197,0.114
org.joda.time.chrono.BasicChronology,360,0.113
org.joda.time.chrono.BasicChronology,738,0.113
org.joda.time.chrono.BasicChronology,739,0.113
org.joda.time.chrono.BasicChronology,743,0.113
org.joda.time.DateTimeZone,237,0.111
org.joda.time.chrono.AssembledChronology,268,0.111
org.joda.time.format.DateTimeParserBucket,508,0.111
org.joda.time.chrono.AssembledChronology,308,0.111
org.joda.time.format.DateTimeParserBucket,505,0.111
org.joda.time.chrono.ISOChronology,86,0.111
org.joda.time.format.DateTimeParserBucket,341,0.11
org.joda.time.format.DateTimeParserBucket,342,0.11
org.joda.time.format.DateTimeParserBucket,343,0.11
org.joda.time.format.DateTimeParserBucket,344,0.11
org.joda.time.format.DateTimeParserBucket,353,0.11
org.joda.time.format.DateTimeParserBucket,408,0.11
org.joda.time.format.DateTimeParserBucket,470,0.11
org.joda.time.format.DateTimeParserBucket,471,0.11
org.joda.time.format.DateTimeParserBucket,475,0.11
org.joda.time.format.DateTimeParserBucket,478,0.11
org.joda.time.format.DateTimeParserBucket,499,0.11
org.joda.time.chrono.AssembledChronology,228,0.11
org.joda.time.chrono.AssembledChronology,260,0.109
org.joda.time.chrono.GregorianChronology,209,0.108
org.joda.time.format.DateTimeFormatterBuilder,1316,0.106
org.joda.time.format.DateTimeFormatterBuilder,1292,0.106
org.joda.time.format.DateTimeFormatterBuilder,1293,0.106
org.joda.time.format.DateTimeFormatterBuilder,1300,0.106
org.joda.time.format.DateTimeFormatterBuilder,1305,0.106
org.joda.time.format.DateTimeFormatterBuilder,1306,0.106
org.joda.time.format.DateTimeFormatterBuilder,1310,0.106
org.joda.time.format.DateTimeFormatterBuilder,1313,0.106
org.joda.time.format.DateTimeFormatterBuilder,1314,0.106
org.joda.time.format.DateTimeFormatterBuilder,1315,0.106
org.joda.time.format.DateTimeFormatterBuilder,1318,0.106
org.joda.time.format.DateTimeFormatterBuilder,1323,0.106
org.joda.time.format.DateTimeFormatterBuilder,1324,0.106
org.joda.time.field.DecoratedDateTimeField,70,0.105
org.joda.time.format.DateTimeParserBucket,234,0.105
org.joda.time.format.DateTimeParserBucket,235,0.105
org.joda.time.format.DateTimeParserBucket,249,0.105
org.joda.time.format.DateTimeParserBucket,250,0.105
org.joda.time.format.DateTimeParserBucket,252,0.105
org.joda.time.format.DateTimeParserBucket,261,0.105
org.joda.time.format.DateTimeParserBucket,262,0.105
org.joda.time.format.DateTimeParserBucket,263,0.105
org.joda.time.format.DateTimeParserBucket,264,0.105
org.joda.time.format.DateTimeParserBucket,455,0.105
org.joda.time.format.DateTimeParserBucket,456,0.105
org.joda.time.format.DateTimeParserBucket,457,0.105
org.joda.time.format.DateTimeParserBucket,458,0.105
org.joda.time.format.DateTimeParserBucket,459,0.105
org.joda.time.format.DateTimeParserBucket,460,0.105
org.joda.time.DateTimeZone,254,0.104
org.joda.time.DateTimeZone,257,0.104
org.joda.time.DateTimeZone,260,0.104
org.joda.time.DateTimeZone,262,0.104
org.joda.time.DateTimeZone,263,0.104
org.joda.time.DateTimeZone,268,0.104
org.joda.time.DateTimeZone,271,0.104
org.joda.time.DateTimeZone,272,0.104
org.joda.time.chrono.ISOChronology,102,0.102
org.joda.time.chrono.ZonedChronology,86,0.102
org.joda.time.chrono.AssembledChronology,315,0.102
org.joda.time.chrono.ISOChronology,96,0.102
org.joda.time.chrono.ISOChronology,99,0.102
org.joda.time.chrono.ISOChronology,100,0.102
org.joda.time.chrono.ISOChronology,101,0.102
org.joda.time.DurationFieldType,276,0.101
org.joda.time.DurationFieldType,280,0.098
org.joda.time.chrono.GregorianChronology,202,0.098
org.joda.time.chrono.GregorianChronology,203,0.098
org.joda.time.chrono.GregorianChronology,217,0.098
org.joda.time.field.ImpreciseDateTimeField,137,0.097
org.joda.time.chrono.AssembledChronology,107,0.097
org.joda.time.chrono.AssembledChronology,108,0.097
org.joda.time.chrono.BasicChronology,402,0.097
org.joda.time.DateTimeUtils,255,0.096
org.joda.time.field.ImpreciseDateTimeField,160,0.096
org.joda.time.tz.FixedDateTimeZone,57,0.093
org.joda.time.field.BaseDurationField,155,0.093
org.joda.time.field.BaseDurationField,146,0.092
org.joda.time.field.BaseDurationField,147,0.092
org.joda.time.field.BaseDurationField,149,0.092
org.joda.time.field.BaseDurationField,152,0.092
org.joda.time.chrono.AssembledChronology,256,0.09
org.joda.time.tz.CachedDateTimeZone,168,0.09
org.joda.time.DateTimeUtils,252,0.09
org.joda.time.tz.CachedDateTimeZone,153,0.088
org.joda.time.tz.CachedDateTimeZone,154,0.088
org.joda.time.tz.CachedDateTimeZone,160,0.088
org.joda.time.tz.CachedDateTimeZone,161,0.088
org.joda.time.tz.CachedDateTimeZone,163,0.088
org.joda.time.tz.CachedDateTimeZone,164,0.088
org.joda.time.tz.CachedDateTimeZone,166,0.088
org.joda.time.tz.CachedDateTimeZone,167,0.088
org.joda.time.tz.CachedDateTimeZone,174,0.088
org.joda.time.tz.CachedDateTimeZone,185,0.088
org.joda.time.tz.CachedDateTimeZone,186,0.088
org.joda.time.tz.CachedDateTimeZone,188,0.088
org.joda.time.tz.CachedDateTimeZone,189,0.088
org.joda.time.tz.CachedDateTimeZone,190,0.088
org.joda.time.tz.CachedDateTimeZone,191,0.088
org.joda.time.chrono.AssembledChronology,220,0.088
org.joda.time.tz.DateTimeZoneBuilder,1533,0.087
org.joda.time.tz.DateTimeZoneBuilder,1534,0.087
org.joda.time.tz.CachedDateTimeZone,206,0.087
org.joda.time.tz.DateTimeZoneBuilder,1528,0.086
org.joda.time.tz.DateTimeZoneBuilder,1529,0.086
org.joda.time.tz.DateTimeZoneBuilder,1530,0.086
org.joda.time.chrono.BasicChronology,540,0.085
org.joda.time.chrono.BasicChronology,740,0.085
org.joda.time.chrono.BasicChronology,741,0.085
org.joda.time.chrono.BasicChronology,770,0.085
org.joda.time.chrono.BasicChronology,771,0.085
org.joda.time.chrono.BasicChronology,772,0.085
org.joda.time.chrono.BasicChronology,773,0.085
org.joda.time.DateTimeZone,133,0.085
org.joda.time.DateTimeZone,134,0.085
org.joda.time.DateTimeZone,161,0.085
org.joda.time.tz.DateTimeZoneBuilder,1570,0.084
org.joda.time.tz.DateTimeZoneBuilder,1571,0.084
org.joda.time.tz.DateTimeZoneBuilder,1572,0.084
org.joda.time.tz.DateTimeZoneBuilder,1573,0.084
org.joda.time.DurationFieldType,264,0.084
org.joda.time.DurationFieldType,266,0.084
org.joda.time.chrono.BasicWeekyearDateTimeField,181,0.083
org.joda.time.chrono.ZonedChronology,406,0.082
org.joda.time.chrono.ZonedChronology,407,0.082
org.joda.time.chrono.BasicChronology,537,0.082
org.joda.time.chrono.BasicChronology,539,0.082
org.joda.time.chrono.BasicGJChronology,182,0.081
org.joda.time.field.BaseDurationField,66,0.08
org.joda.time.DateTimeZone,358,0.08
org.joda.time.DateTimeZone,359,0.08
org.joda.time.DateTimeZone,360,0.08
org.joda.time.format.DateTimeFormatterBuilder,1237,0.076
org.joda.time.format.DateTimeParserBucket,491,0.076
org.joda.time.format.DateTimeParserBucket,487,0.075
org.joda.time.format.DateTimeParserBucket,488,0.075
org.joda.time.format.DateTimeParserBucket,490,0.075
org.joda.time.field.PreciseDateTimeField,80,0.075
org.joda.time.chrono.BasicGJChronology,184,0.075
org.joda.time.DurationFieldType,178,0.075
org.joda.time.DateTimeZone,352,0.075
org.joda.time.DateTimeZone,356,0.075
org.joda.time.DateTimeZone,357,0.075
org.joda.time.format.DateTimeFormatterBuilder,1192,0.075
org.joda.time.format.DateTimeParserBucket,500,0.073
org.joda.time.format.DateTimeParserBucket,503,0.073
org.joda.time.DurationFieldType,151,0.073
org.joda.time.Period,382,0.073
org.joda.time.Period,383,0.073
org.joda.time.chrono.BasicWeekyearDateTimeField,128,0.069
org.joda.time.chrono.BasicWeekyearDateTimeField,133,0.069
org.joda.time.chrono.BasicWeekyearDateTimeField,134,0.069
org.joda.time.chrono.BasicWeekyearDateTimeField,140,0.069
org.joda.time.chrono.BasicWeekyearDateTimeField,144,0.069
org.joda.time.chrono.BasicWeekyearDateTimeField,145,0.069
org.joda.time.chrono.BasicWeekyearDateTimeField,146,0.069
org.joda.time.chrono.BasicWeekyearDateTimeField,154,0.069
org.joda.time.chrono.BasicWeekyearDateTimeField,155,0.069
org.joda.time.chrono.BasicWeekyearDateTimeField,162,0.069
org.joda.time.chrono.BasicWeekyearDateTimeField,168,0.069
org.joda.time.chrono.BasicWeekyearDateTimeField,173,0.069
org.joda.time.chrono.BasicWeekyearDateTimeField,179,0.069
org.joda.time.chrono.BasicWeekyearDateTimeField,189,0.069
org.joda.time.chrono.BasicWeekyearDateTimeField,191,0.069
org.joda.time.chrono.BasicWeekyearDateTimeField,200,0.069
org.joda.time.chrono.BasicWeekyearDateTimeField,204,0.069
org.joda.time.format.FormatUtils,88,0.066
org.joda.time.DateTimeZone,924,0.066
org.joda.time.DateTimeZone,925,0.066
org.joda.time.DateTimeZone,927,0.066
org.joda.time.DateTimeZone,930,0.066
org.joda.time.chrono.BasicWeekOfWeekyearDateTimeField,111,0.064
org.joda.time.chrono.BasicGJChronology,180,0.062
org.joda.time.chrono.BasicWeekOfWeekyearDateTimeField,79,0.061
org.joda.time.chrono.BasicChronology,327,0.06
org.joda.time.chrono.BasicChronology,328,0.06
org.joda.time.chrono.BasicChronology,329,0.06
org.joda.time.field.FieldUtils,119,0.059
org.joda.time.field.FieldUtils,120,0.059
org.joda.time.field.FieldUtils,124,0.059
org.joda.time.base.BasePeriod,222,0.059
org.joda.time.base.BasePeriod,224,0.059
org.joda.time.chrono.BasicGJChronology,175,0.057
org.joda.time.chrono.BasicGJChronology,176,0.057
org.joda.time.chrono.BasicGJChronology,177,0.057
org.joda.time.chrono.BasicGJChronology,179,0.057
org.joda.time.chrono.BasicGJChronology,195,0.057
org.joda.time.chrono.BasicGJChronology,196,0.057
org.joda.time.chrono.BasicGJChronology,198,0.057
org.joda.time.format.DateTimeParserBucket,254,0.057
org.joda.time.format.DateTimeParserBucket,256,0.057
org.joda.time.format.DateTimeParserBucket,257,0.057
org.joda.time.format.DateTimeParserBucket,258,0.057
org.joda.time.format.DateTimeFormatterBuilder,2706,0.057
org.joda.time.DateTimeZone,282,0.056
org.joda.time.DateTimeZone,283,0.056
org.joda.time.chrono.BasicChronology,552,0.055
org.joda.time.chrono.BasicChronology,551,0.055
org.joda.time.format.DateTimeParserBucket,442,0.055
org.joda.time.field.PreciseDurationDateTimeField,163,0.054
org.joda.time.chrono.BasicChronology,485,0.054
org.joda.time.chrono.BasicChronology,486,0.054
org.joda.time.format.DateTimeFormatterBuilder,1236,0.053
org.joda.time.chrono.BasicWeekOfWeekyearDateTimeField,58,0.053
org.joda.time.chrono.BasicWeekyearDateTimeField,208,0.053
org.joda.time.field.FieldUtils,219,0.053
org.joda.time.field.FieldUtils,214,0.053
org.joda.time.DateTimeZone,349,0.053
org.joda.time.chrono.BasicChronology,500,0.053
org.joda.time.format.DateTimeFormatterBuilder,2699,0.052
org.joda.time.format.DateTimeFormatterBuilder,2700,0.052
org.joda.time.DateTimeZone,633,0.052
org.joda.time.chrono.GregorianChronology,211,0.052
org.joda.time.chrono.GregorianChronology,212,0.052
org.joda.time.DateTimeFieldType,504,0.051
org.joda.time.DateTimeZone,631,0.051
org.joda.time.DateTimeZone,632,0.051
org.joda.time.DateTimeZone,639,0.051
org.joda.time.DateTimeZone,640,0.051
org.joda.time.DateTimeZone,641,0.051
org.joda.time.DateTimeZone,643,0.051
org.joda.time.DateTimeZone,644,0.051
org.joda.time.DateTimeZone,645,0.051
org.joda.time.DateTimeZone,646,0.051
org.joda.time.DateTimeZone,647,0.051
org.joda.time.DateTimeZone,648,0.051
org.joda.time.chrono.BasicWeekyearDateTimeField,60,0.051
org.joda.time.chrono.BasicChronology,497,0.051
org.joda.time.format.DateTimeFormatterBuilder,1290,0.05
org.joda.time.DateTimeFieldType,502,0.049
org.joda.time.chrono.BasicWeekOfWeekyearDateTimeField,54,0.049
org.joda.time.chrono.BasicChronology,493,0.049
org.joda.time.chrono.BasicChronology,494,0.049
org.joda.time.chrono.BasicChronology,495,0.049
org.joda.time.chrono.GJDayOfWeekDateTimeField,112,0.048
org.joda.time.chrono.GJDayOfWeekDateTimeField,103,0.048
org.joda.time.chrono.BasicChronology,344,0.047
org.joda.time.chrono.AssembledChronology,264,0.045
org.joda.time.format.FormatUtils,81,0.044
org.joda.time.chrono.BasicChronology,348,0.044
org.joda.time.chrono.ZonedChronology,294,0.043
org.joda.time.chrono.BasicChronology,508,0.043
org.joda.time.chrono.BasicYearDateTimeField,82,0.043
org.joda.time.chrono.BasicYearDateTimeField,84,0.043
org.joda.time.base.AbstractDateTime,106,0.043
org.joda.time.chrono.BasicGJChronology,142,0.042
org.joda.time.chrono.BasicChronology,516,0.042
org.joda.time.chrono.BasicChronology,517,0.042
org.joda.time.chrono.BasicChronology,520,0.042
org.joda.time.chrono.BasicChronology,521,0.042
org.joda.time.chrono.BasicChronology,524,0.042
org.joda.time.chrono.BaseChronology,283,0.041
org.joda.time.chrono.BaseChronology,284,0.041
org.joda.time.chrono.BaseChronology,285,0.041
org.joda.time.chrono.BasicChronology,339,0.041
org.joda.time.chrono.BasicChronology,340,0.041
org.joda.time.chrono.BasicChronology,342,0.041
org.joda.time.chrono.BaseChronology,279,0.041
org.joda.time.chrono.BaseChronology,280,0.041
org.joda.time.chrono.BaseChronology,281,0.041
org.joda.time.chrono.BaseChronology,282,0.041
org.joda.time.field.BaseDateTimeField,792,0.041
org.joda.time.chrono.BasicYearDateTimeField,95,0.041
org.joda.time.field.ImpreciseDateTimeField,156,0.041
org.joda.time.chrono.GregorianChronology,213,0.039
org.joda.time.Period,704,0.039
org.joda.time.Period,713,0.039
org.joda.time.Period,722,0.039
org.joda.time.chrono.AssembledChronology,248,0.038
org.joda.time.chrono.AssembledChronology,244,0.038
org.joda.time.chrono.BasicChronology,554,0.036
org.joda.time.chrono.ZonedChronology,354,0.035
org.joda.time.chrono.ZonedChronology,355,0.035
org.joda.time.chrono.ZonedChronology,357,0.035
org.joda.time.chrono.ZonedChronology,360,0.035
org.joda.time.chrono.BasicDayOfYearDateTimeField,92,0.033
org.joda.time.chrono.BasicDayOfYearDateTimeField,93,0.033
org.joda.time.DateTimeUtils,287,0.033
org.joda.time.field.MillisDurationField,125,0.033
org.joda.time.field.RemainderDateTimeField,100,0.033
org.joda.time.field.RemainderDateTimeField,101,0.033
org.joda.time.field.RemainderDateTimeField,102,0.033
org.joda.time.chrono.ZonedChronology,330,0.032
org.joda.time.chrono.ZonedChronology,331,0.032
org.joda.time.DurationFieldType,278,0.031
org.joda.time.field.MillisDurationField,71,0.03
org.joda.time.format.DateTimeParserBucket,335,0.03
org.joda.time.format.DateTimeParserBucket,336,0.03
org.joda.time.chrono.AssembledChronology,240,0.03
org.joda.time.field.BaseDurationField,141,0.03
org.joda.time.field.PreciseDurationField,114,0.03
org.joda.time.field.PreciseDurationField,115,0.03
org.joda.time.base.BasePeriod,243,0.03
org.joda.time.base.BasePeriod,244,0.03
org.joda.time.base.BasePeriod,239,0.029
org.joda.time.base.BasePeriod,240,0.029
org.joda.time.base.BasePeriod,241,0.029
org.joda.time.base.BasePeriod,242,0.029
org.joda.time.chrono.BaseChronology,289,0.029
org.joda.time.base.AbstractDateTime,237,0.029
org.joda.time.chrono.BaseChronology,276,0.029
org.joda.time.chrono.BaseChronology,277,0.029
org.joda.time.chrono.BaseChronology,278,0.029
org.joda.time.chrono.BasicChronology,307,0.029
org.joda.time.field.PreciseDurationField,54,0.029
org.joda.time.base.AbstractDateTime,219,0.029
org.joda.time.field.PreciseDurationDateTimeField,78,0.029
org.joda.time.field.PreciseDurationDateTimeField,80,0.029
org.joda.time.chrono.BasicDayOfYearDateTimeField,60,0.028
org.joda.time.DurationFieldType,290,0.028
org.joda.time.field.FieldUtils,100,0.028
org.joda.time.field.FieldUtils,102,0.028
org.joda.time.field.FieldUtils,106,0.028
org.joda.time.base.AbstractDateTime,201,0.028
org.joda.time.DurationFieldType,288,0.028
org.joda.time.chrono.BasicMonthOfYearDateTimeField,309,0.028
org.joda.time.format.DateTimeFormatterBuilder,2235,0.027
org.joda.time.DurationFieldType,274,0.027
org.joda.time.chrono.ZonedChronology,318,0.027
org.joda.time.chrono.ZonedChronology,319,0.027
org.joda.time.chrono.ZonedChronology,320,0.027
org.joda.time.base.AbstractDateTime,183,0.027
org.joda.time.PeriodType,674,0.025
org.joda.time.PeriodType,675,0.025
org.joda.time.tz.FixedDateTimeZone,49,0.025
org.joda.time.chrono.BasicDayOfYearDateTimeField,56,0.025
org.joda.time.DurationFieldType,286,0.025
org.joda.time.chrono.ZonedChronology,344,0.025
org.joda.time.chrono.ZonedChronology,345,0.025
org.joda.time.chrono.ZonedChronology,347,0.025
org.joda.time.chrono.ZonedChronology,350,0.025
org.joda.time.field.FieldUtils,185,0.025
org.joda.time.field.FieldUtils,184,0.024
org.joda.time.chrono.BasicDayOfYearDateTimeField,52,0.024
org.joda.time.chrono.AssembledChronology,236,0.024
org.joda.time.base.AbstractDateTime,133,0.023
org.joda.time.base.AbstractDateTime,162,0.023
org.joda.time.DurationFieldType,284,0.023
org.joda.time.chrono.AssembledChronology,156,0.023
org.joda.time.base.BasePeriod,324,0.023
org.joda.time.chrono.AssembledChronology,168,0.023
org.joda.time.PeriodType,628,0.022
org.joda.time.chrono.AssembledChronology,180,0.021
org.joda.time.field.BaseDurationField,153,0.02
org.joda.time.chrono.AssembledChronology,192,0.02
org.joda.time.PeriodType,102,0.019
org.joda.time.PeriodType,103,0.019
org.joda.time.PeriodType,116,0.019
org.joda.time.base.BasePeriod,293,0.019
org.joda.time.format.DateTimeFormatterBuilder,1239,0.019
org.joda.time.DateTimeUtils,286,0.019
org.joda.time.base.BasePeriod,303,0.019
org.joda.time.format.DateTimeFormatterBuilder,2234,0.019
org.joda.time.base.BasePeriod,313,0.019
org.joda.time.base.BasePeriod,335,0.019
org.joda.time.base.BaseDuration,115,0.019
org.joda.time.Duration,176,0.019
org.joda.time.Duration,177,0.019
org.joda.time.base.BaseDuration,61,0.018
org.joda.time.base.BaseDuration,62,0.018
org.joda.time.base.BaseDuration,63,0.018
org.joda.time.format.DateTimeFormatterBuilder,2715,0.018
org.joda.time.format.DateTimeFormatterBuilder,2716,0.018
org.joda.time.format.DateTimeFormatterBuilder,2718,0.018
org.joda.time.base.AbstractPeriod,45,0.018
org.joda.time.base.AbstractPeriod,46,0.018
org.joda.time.PeriodType,617,0.018
org.joda.time.base.AbstractDuration,44,0.018
org.joda.time.base.AbstractDuration,45,0.018
org.joda.time.DateTimeFieldType,494,0.017
org.joda.time.chrono.AssembledChronology,276,0.017
org.joda.time.format.DateTimeFormatterBuilder,2215,0.017
org.joda.time.format.DateTimeFormatterBuilder,2226,0.017
org.joda.time.chrono.BasicChronology,477,0.017
org.joda.time.format.DateTimeFormatterBuilder,2211,0.017
org.joda.time.format.DateTimeFormatterBuilder,2214,0.017
org.joda.time.chrono.GJDayOfWeekDateTimeField,56,0.016
org.joda.time.chrono.BasicChronology,535,0.016
org.joda.time.chrono.BasicChronology,544,0.016
org.joda.time.chrono.BasicChronology,534,0.016
org.joda.time.field.FieldUtils,70,0.016
org.joda.time.field.FieldUtils,64,0.016
org.joda.time.field.FieldUtils,66,0.016
org.joda.time.field.MillisDurationField,117,0.016
org.joda.time.PeriodType,836,0.016
org.joda.time.PeriodType,835,0.015
org.joda.time.chrono.AssembledChronology,224,0.015
org.joda.time.field.PreciseDurationField,104,0.015
org.joda.time.field.PreciseDurationField,105,0.015
org.joda.time.chrono.BasicMonthOfYearDateTimeField,292,0.015
org.joda.time.chrono.BasicMonthOfYearDateTimeField,294,0.015
org.joda.time.chrono.BasicMonthOfYearDateTimeField,296,0.015
org.joda.time.chrono.BasicMonthOfYearDateTimeField,297,0.015
org.joda.time.chrono.BasicMonthOfYearDateTimeField,298,0.015
org.joda.time.chrono.BasicMonthOfYearDateTimeField,303,0.015
org.joda.time.chrono.BasicChronology,458,0.015
org.joda.time.chrono.BasicChronology,459,0.015
org.joda.time.chrono.BasicDayOfMonthDateTimeField,51,0.014
org.joda.time.field.FieldUtils,82,0.014
org.joda.time.field.FieldUtils,84,0.014
org.joda.time.field.FieldUtils,88,0.014
org.joda.time.field.PreciseDateTimeField,122,0.013
org.joda.time.chrono.AssembledChronology,232,0.013
org.joda.time.chrono.BasicGJChronology,123,0.013
org.joda.time.DateTimeUtils,253,0.012
org.joda.time.DateTimeUtils,82,0.008
org.joda.time.DateTimeUtils,83,0.008
org.joda.time.DateTimeUtils,84,0.008
org.joda.time.DateTimeUtils,414,0.008
org.joda.time.DateTimeUtils,415,0.008
org.joda.time.DateTimeUtils,416,0.008
org.joda.time.DateTimeUtils,68,0.008
org.joda.time.DateTimeUtils,69,0.008
org.joda.time.DateTimeUtils,70,0.008
org.joda.time.DateTimeUtils,129,0.008
org.joda.time.DateTimeUtils,130,0.008
org.joda.time.DateTimeUtils,133,0.008
org.joda.time.chrono.AssembledChronology,160,0.008
org.joda.time.DateTimeZone,174,0.008
org.joda.time.DateTimeZone,175,0.008
org.joda.time.DateTimeZone,178,0.008
org.joda.time.DateTimeZone,181,0.008
org.joda.time.DateTimeZone,182,0.008
org.joda.time.DateTimeZone,183,0.008
org.joda.time.DateTimeZone,184,0.008
org.joda.time.chrono.BasicGJChronology,134,0.007
org.joda.time.chrono.BasicDayOfMonthDateTimeField,96,0.007
org.joda.time.field.PreciseDateTimeField,111,0.007
org.joda.time.field.PreciseDateTimeField,112,0.007
org.joda.time.chrono.BasicDayOfMonthDateTimeField,55,0.007
org.joda.time.field.PreciseDurationDateTimeField,150,0.006
org.joda.time.field.PreciseDateTimeField,131,0.006
