org.jsoup.parser.HtmlTreeBuilderState,771,1
org.jsoup.parser.Parser,81,0.447
org.jsoup.parser.Parser,82,0.447
org.jsoup.parser.HtmlTreeBuilderState,775,0.333
org.jsoup.parser.HtmlTreeBuilderState,776,0.333
org.jsoup.parser.HtmlTreeBuilderState,777,0.333
org.jsoup.helper.StringUtil,137,0.236
org.jsoup.helper.StringUtil,116,0.192
org.jsoup.helper.StringUtil,117,0.192
org.jsoup.helper.StringUtil,118,0.192
org.jsoup.parser.HtmlTreeBuilder,554,0.186
org.jsoup.parser.HtmlTreeBuilder,555,0.186
org.jsoup.parser.HtmlTreeBuilderState,552,0.183
org.jsoup.parser.HtmlTreeBuilderState,553,0.183
org.jsoup.parser.HtmlTreeBuilderState,555,0.183
org.jsoup.parser.HtmlTreeBuilderState,548,0.171
org.jsoup.parser.Parser,31,0.154
org.jsoup.parser.Parser,32,0.154
org.jsoup.parser.Parser,59,0.154
org.jsoup.parser.Parser,198,0.149
org.jsoup.parser.HtmlTreeBuilderState,751,0.141
org.jsoup.parser.HtmlTreeBuilderState,731,0.14
org.jsoup.parser.HtmlTreeBuilderState,734,0.14
org.jsoup.parser.HtmlTreeBuilderState,746,0.14
org.jsoup.parser.HtmlTreeBuilderState,529,0.139
org.jsoup.parser.HtmlTreeBuilderState,538,0.139
org.jsoup.parser.HtmlTreeBuilderState,543,0.139
org.jsoup.helper.StringUtil,136,0.136
org.jsoup.helper.StringUtil,138,0.136
org.jsoup.helper.StringUtil,139,0.136
org.jsoup.parser.HtmlTreeBuilderState,501,0.136
org.jsoup.parser.HtmlTreeBuilderState,508,0.136
org.jsoup.parser.HtmlTreeBuilderState,511,0.136
org.jsoup.parser.HtmlTreeBuilderState,514,0.136
org.jsoup.parser.HtmlTreeBuilderState,524,0.136
org.jsoup.parser.Parser,17,0.131
org.jsoup.parser.Parser,25,0.131
org.jsoup.parser.Parser,26,0.131
org.jsoup.parser.Parser,27,0.131
org.jsoup.parser.Parser,28,0.131
org.jsoup.parser.HtmlTreeBuilderState,721,0.131
org.jsoup.nodes.TextNode,96,0.129
org.jsoup.parser.HtmlTreeBuilderState,451,0.129
org.jsoup.parser.HtmlTreeBuilderState,457,0.129
org.jsoup.parser.HtmlTreeBuilderState,462,0.129
org.jsoup.parser.HtmlTreeBuilderState,494,0.129
org.jsoup.parser.HtmlTreeBuilderState,711,0.129
org.jsoup.nodes.TextNode,71,0.12
org.jsoup.parser.HtmlTreeBuilderState,444,0.119
org.jsoup.parser.HtmlTreeBuilderState,449,0.119
org.jsoup.helper.StringUtil,78,0.115
org.jsoup.parser.HtmlTreeBuilderState,769,0.113
org.jsoup.parser.HtmlTreeBuilderState,770,0.113
org.jsoup.parser.HtmlTreeBuilderState,772,0.113
org.jsoup.parser.HtmlTreeBuilderState,773,0.113
org.jsoup.parser.HtmlTreeBuilderState,781,0.113
org.jsoup.helper.StringUtil,75,0.112
org.jsoup.helper.StringUtil,76,0.112
org.jsoup.helper.StringUtil,77,0.112
org.jsoup.parser.HtmlTreeBuilder,170,0.112
org.jsoup.parser.HtmlTreeBuilder,172,0.112
org.jsoup.parser.HtmlTreeBuilderState,764,0.11
org.jsoup.parser.HtmlTreeBuilderState,765,0.11
org.jsoup.parser.HtmlTreeBuilderState,766,0.11
org.jsoup.parser.HtmlTreeBuilderState,767,0.11
org.jsoup.parser.HtmlTreeBuilderState,768,0.11
org.jsoup.helper.StringUtil,72,0.109
org.jsoup.parser.HtmlTreeBuilderState,432,0.107
org.jsoup.parser.HtmlTreeBuilderState,437,0.107
org.jsoup.nodes.Element,1280,0.1
org.jsoup.nodes.Document,73,0.091
org.jsoup.nodes.Document,188,0.091
org.jsoup.nodes.Document,190,0.091
org.jsoup.nodes.Element,1254,0.091
org.jsoup.helper.StringUtil,128,0.09
org.jsoup.helper.StringUtil,129,0.09
org.jsoup.helper.StringUtil,131,0.09
org.jsoup.helper.StringUtil,133,0.09
org.jsoup.helper.StringUtil,134,0.09
org.jsoup.helper.StringUtil,135,0.09
org.jsoup.helper.StringUtil,142,0.09
org.jsoup.helper.StringUtil,143,0.09
org.jsoup.helper.StringUtil,144,0.09
org.jsoup.helper.StringUtil,147,0.09
org.jsoup.parser.ParseErrorList,20,0.087
org.jsoup.parser.HtmlTreeBuilderState,408,0.087
org.jsoup.parser.HtmlTreeBuilderState,419,0.087
org.jsoup.parser.HtmlTreeBuilderState,423,0.087
org.jsoup.nodes.Document,181,0.087
org.jsoup.nodes.Document,182,0.087
org.jsoup.nodes.Document,184,0.087
org.jsoup.nodes.Document,185,0.087
org.jsoup.nodes.Document,186,0.087
org.jsoup.nodes.Document,187,0.087
org.jsoup.nodes.Document,502,0.087
org.jsoup.nodes.Node,613,0.087
org.jsoup.nodes.Node,614,0.087
org.jsoup.helper.StringUtil,54,0.087
org.jsoup.helper.StringUtil,57,0.087
org.jsoup.helper.StringUtil,58,0.087
org.jsoup.parser.HtmlTreeBuilderState,377,0.087
org.jsoup.parser.HtmlTreeBuilderState,386,0.087
org.jsoup.parser.HtmlTreeBuilderState,402,0.087
org.jsoup.nodes.Document,211,0.086
org.jsoup.parser.HtmlTreeBuilderState,370,0.086
org.jsoup.parser.HtmlTreeBuilderState,329,0.085
org.jsoup.parser.HtmlTreeBuilderState,343,0.085
org.jsoup.parser.HtmlTreeBuilderState,361,0.085
org.jsoup.nodes.Entities,178,0.082
org.jsoup.nodes.Entities,179,0.082
org.jsoup.nodes.Entities,171,0.082
org.jsoup.parser.HtmlTreeBuilderState,327,0.082
org.jsoup.parser.HtmlTreeBuilderState,303,0.079
org.jsoup.parser.HtmlTreeBuilderState,319,0.079
org.jsoup.nodes.TextNode,95,0.078
org.jsoup.nodes.TextNode,98,0.078
org.jsoup.nodes.TextNode,100,0.078
org.jsoup.nodes.TextNode,101,0.078
org.jsoup.nodes.Attributes,229,0.078
org.jsoup.nodes.Node,253,0.078
org.jsoup.nodes.Node,549,0.078
org.jsoup.nodes.TextNode,34,0.077
org.jsoup.parser.HtmlTreeBuilder,269,0.077
org.jsoup.nodes.Element,1300,0.076
org.jsoup.nodes.Element,1293,0.075
org.jsoup.nodes.Element,1294,0.075
org.jsoup.nodes.Element,1295,0.075
org.jsoup.nodes.Element,1299,0.075
org.jsoup.nodes.Element,1301,0.075
org.jsoup.nodes.Element,1252,0.075
org.jsoup.nodes.Element,1253,0.075
org.jsoup.nodes.Entities,273,0.075
org.jsoup.nodes.Element,1272,0.075
org.jsoup.nodes.Element,1277,0.075
org.jsoup.nodes.Element,1281,0.075
org.jsoup.nodes.Entities,286,0.074
org.jsoup.parser.HtmlTreeBuilderState,299,0.073
org.jsoup.nodes.Element,1251,0.073
org.jsoup.nodes.Element,1259,0.073
org.jsoup.nodes.Element,1262,0.073
org.jsoup.nodes.Element,1265,0.073
org.jsoup.nodes.Element,1273,0.073
org.jsoup.nodes.Element,1276,0.073
org.jsoup.nodes.Element,1283,0.073
org.jsoup.nodes.Entities,184,0.073
org.jsoup.nodes.Entities,186,0.073
org.jsoup.nodes.Entities,216,0.073
org.jsoup.nodes.Entities,217,0.073
org.jsoup.nodes.Entities,221,0.073
org.jsoup.nodes.Entities,269,0.073
org.jsoup.nodes.Attributes,228,0.073
org.jsoup.nodes.Entities,285,0.073
org.jsoup.parser.Tag,95,0.072
org.jsoup.nodes.Entities,183,0.072
org.jsoup.nodes.Entities,168,0.072
org.jsoup.nodes.Entities,170,0.072
org.jsoup.nodes.Node,716,0.072
org.jsoup.nodes.Node,719,0.072
org.jsoup.nodes.Entities,159,0.072
org.jsoup.nodes.Entities,160,0.072
org.jsoup.nodes.Entities,161,0.072
org.jsoup.nodes.Entities,162,0.072
org.jsoup.nodes.Entities,163,0.072
org.jsoup.nodes.Entities,164,0.072
org.jsoup.nodes.Entities,167,0.072
org.jsoup.nodes.Entities,229,0.072
org.jsoup.nodes.Entities,283,0.072
org.jsoup.nodes.Document,390,0.072
org.jsoup.nodes.Document,437,0.072
org.jsoup.nodes.Document,465,0.071
org.jsoup.nodes.Node,579,0.071
org.jsoup.nodes.Node,580,0.071
org.jsoup.nodes.Node,700,0.071
org.jsoup.nodes.Node,701,0.071
org.jsoup.nodes.Node,702,0.071
org.jsoup.nodes.Node,703,0.071
org.jsoup.nodes.Node,707,0.071
org.jsoup.nodes.Node,710,0.071
org.jsoup.nodes.Node,711,0.071
org.jsoup.nodes.Node,714,0.071
org.jsoup.nodes.Node,721,0.071
org.jsoup.nodes.Node,584,0.071
org.jsoup.nodes.Node,585,0.071
org.jsoup.nodes.Node,280,0.069
org.jsoup.nodes.Node,281,0.069
org.jsoup.nodes.Node,271,0.069
org.jsoup.nodes.Node,269,0.069
org.jsoup.nodes.Node,270,0.069
org.jsoup.nodes.Node,272,0.069
org.jsoup.nodes.Document,536,0.067
org.jsoup.parser.HtmlTreeBuilderState,700,0.065
org.jsoup.parser.HtmlTreeBuilderState,687,0.065
org.jsoup.parser.HtmlTreeBuilderState,683,0.065
org.jsoup.parser.HtmlTreeBuilderState,1469,0.064
org.jsoup.parser.HtmlTreeBuilderState,1458,0.062
org.jsoup.parser.HtmlTreeBuilderState,1459,0.062
org.jsoup.parser.HtmlTreeBuilderState,675,0.062
org.jsoup.parser.Tag,169,0.062
org.jsoup.nodes.Element,1025,0.062
org.jsoup.nodes.Element,1026,0.062
org.jsoup.nodes.Element,1027,0.062
org.jsoup.parser.HtmlTreeBuilderState,1466,0.062
org.jsoup.parser.HtmlTreeBuilderState,1467,0.062
org.jsoup.parser.HtmlTreeBuilderState,1468,0.062
org.jsoup.parser.HtmlTreeBuilderState,665,0.061
org.jsoup.parser.HtmlTreeBuilderState,214,0.061
org.jsoup.parser.HtmlTreeBuilderState,220,0.061
org.jsoup.parser.HtmlTreeBuilderState,224,0.061
org.jsoup.parser.HtmlTreeBuilderState,211,0.061
org.jsoup.parser.HtmlTreeBuilderState,662,0.06
org.jsoup.nodes.TextNode,63,0.06
org.jsoup.parser.HtmlTreeBuilderState,134,0.059
org.jsoup.parser.HtmlTreeBuilderState,138,0.059
org.jsoup.parser.HtmlTreeBuilder,542,0.059
org.jsoup.parser.HtmlTreeBuilder,545,0.059
org.jsoup.parser.HtmlTreeBuilderState,240,0.058
org.jsoup.parser.HtmlTreeBuilderState,241,0.058
org.jsoup.parser.HtmlTreeBuilderState,242,0.058
org.jsoup.parser.HtmlTreeBuilderState,651,0.058
org.jsoup.nodes.Element,179,0.058
org.jsoup.parser.HtmlTreeBuilderState,48,0.057
org.jsoup.parser.HtmlTreeBuilderState,50,0.057
org.jsoup.parser.HtmlTreeBuilderState,54,0.057
org.jsoup.parser.HtmlTreeBuilderState,60,0.057
org.jsoup.parser.HtmlTreeBuilderState,61,0.057
org.jsoup.parser.HtmlTreeBuilderState,62,0.057
org.jsoup.parser.HtmlTreeBuilder,191,0.057
org.jsoup.parser.HtmlTreeBuilder,192,0.057
org.jsoup.parser.HtmlTreeBuilder,193,0.057
org.jsoup.parser.HtmlTreeBuilderState,83,0.057
org.jsoup.parser.HtmlTreeBuilderState,87,0.057
org.jsoup.parser.HtmlTreeBuilderState,88,0.057
org.jsoup.parser.HtmlTreeBuilderState,127,0.057
org.jsoup.parser.HtmlTreeBuilderState,123,0.057
org.jsoup.parser.HtmlTreeBuilderState,161,0.056
org.jsoup.parser.HtmlTreeBuilderState,162,0.056
org.jsoup.parser.HtmlTreeBuilderState,121,0.056
org.jsoup.parser.TreeBuilder,61,0.056
org.jsoup.parser.TreeBuilder,64,0.056
org.jsoup.parser.HtmlTreeBuilder,142,0.056
org.jsoup.parser.HtmlTreeBuilderState,249,0.056
org.jsoup.parser.HtmlTreeBuilderState,250,0.056
org.jsoup.parser.HtmlTreeBuilderState,254,0.056
org.jsoup.parser.HtmlTreeBuilderState,258,0.056
org.jsoup.parser.HtmlTreeBuilderState,259,0.056
org.jsoup.parser.HtmlTreeBuilderState,260,0.056
org.jsoup.parser.HtmlTreeBuilderState,262,0.056
org.jsoup.parser.HtmlTreeBuilder,308,0.056
org.jsoup.parser.HtmlTreeBuilder,309,0.056
org.jsoup.parser.HtmlTreeBuilder,310,0.056
org.jsoup.parser.HtmlTreeBuilder,311,0.056
org.jsoup.parser.HtmlTreeBuilder,312,0.056
org.jsoup.parser.HtmlTreeBuilder,314,0.056
org.jsoup.parser.HtmlTreeBuilderState,294,0.055
org.jsoup.parser.TreeBuilder,77,0.055
org.jsoup.parser.TreeBuilder,80,0.055
org.jsoup.parser.Token,144,0.055
org.jsoup.parser.Token,145,0.055
org.jsoup.parser.Token,146,0.055
org.jsoup.parser.TokeniserState,29,0.055
org.jsoup.parser.TokeniserState,30,0.055
org.jsoup.parser.CharacterReader,182,0.055
org.jsoup.parser.CharacterReader,183,0.055
org.jsoup.parser.CharacterReader,184,0.055
org.jsoup.parser.CharacterReader,186,0.055
org.jsoup.parser.CharacterReader,187,0.055
org.jsoup.parser.CharacterReader,188,0.055
org.jsoup.parser.CharacterReader,190,0.055
org.jsoup.parser.CharacterReader,191,0.055
org.jsoup.parser.CharacterReader,193,0.055
org.jsoup.parser.HtmlTreeBuilderState,119,0.055
org.jsoup.parser.TokeniserState,107,0.055
org.jsoup.parser.TokeniserState,108,0.055
org.jsoup.parser.TokeniserState,127,0.055
org.jsoup.parser.TokeniserState,131,0.055
org.jsoup.parser.TokeniserState,132,0.055
org.jsoup.parser.TokeniserState,133,0.055
org.jsoup.parser.TokeniserState,141,0.055
org.jsoup.parser.HtmlTreeBuilderState,107,0.055
org.jsoup.parser.HtmlTreeBuilderState,108,0.055
org.jsoup.parser.HtmlTreeBuilderState,109,0.055
org.jsoup.parser.HtmlTreeBuilderState,111,0.055
org.jsoup.parser.HtmlTreeBuilderState,116,0.055
org.jsoup.parser.HtmlTreeBuilder,239,0.055
org.jsoup.parser.HtmlTreeBuilderState,558,0.055
org.jsoup.parser.HtmlTreeBuilderState,559,0.055
org.jsoup.parser.HtmlTreeBuilderState,560,0.055
org.jsoup.parser.Tokeniser,59,0.054
org.jsoup.parser.Tokeniser,60,0.054
org.jsoup.parser.Tokeniser,61,0.054
org.jsoup.parser.HtmlTreeBuilder,235,0.054
org.jsoup.parser.HtmlTreeBuilder,236,0.054
org.jsoup.parser.HtmlTreeBuilder,240,0.054
org.jsoup.parser.HtmlTreeBuilder,241,0.054
org.jsoup.parser.HtmlTreeBuilderState,30,0.054
org.jsoup.parser.HtmlTreeBuilderState,31,0.054
org.jsoup.parser.Tokeniser,89,0.053
org.jsoup.parser.Tokeniser,90,0.053
org.jsoup.parser.Tokeniser,98,0.053
org.jsoup.helper.StringUtil,152,0.053
org.jsoup.parser.Token,294,0.053
org.jsoup.parser.Token,295,0.053
org.jsoup.parser.Token,299,0.053
org.jsoup.parser.Token,300,0.053
org.jsoup.parser.Token,304,0.053
org.jsoup.parser.Token,361,0.053
org.jsoup.nodes.TextNode,28,0.053
org.jsoup.nodes.TextNode,29,0.053
org.jsoup.nodes.TextNode,30,0.053
org.jsoup.nodes.TextNode,31,0.053
org.jsoup.nodes.Node,51,0.053
org.jsoup.nodes.Node,52,0.053
org.jsoup.nodes.Node,53,0.053
org.jsoup.nodes.Node,54,0.053
org.jsoup.parser.HtmlTreeBuilder,559,0.053
org.jsoup.parser.HtmlTreeBuilder,598,0.053
org.jsoup.parser.HtmlTreeBuilder,599,0.053
org.jsoup.parser.HtmlTreeBuilder,600,0.053
org.jsoup.parser.Tokeniser,80,0.053
org.jsoup.parser.Tokeniser,81,0.053
org.jsoup.parser.HtmlTreeBuilderState,208,0.053
org.jsoup.parser.HtmlTreeBuilderState,209,0.053
org.jsoup.parser.HtmlTreeBuilderState,210,0.053
org.jsoup.select.NodeTraversor,44,0.052
org.jsoup.parser.HtmlTreeBuilderState,273,0.052
org.jsoup.parser.HtmlTreeBuilderState,274,0.052
org.jsoup.parser.HtmlTreeBuilderState,275,0.052
org.jsoup.parser.HtmlTreeBuilderState,290,0.052
org.jsoup.parser.HtmlTreeBuilder,54,0.052
org.jsoup.parser.HtmlTreeBuilder,55,0.052
org.jsoup.parser.HtmlTreeBuilder,56,0.052
org.jsoup.parser.HtmlTreeBuilderState,14,0.052
org.jsoup.parser.HtmlTreeBuilderState,16,0.052
org.jsoup.parser.HtmlTreeBuilderState,18,0.052
org.jsoup.parser.HtmlTreeBuilderState,38,0.052
org.jsoup.parser.HtmlTreeBuilderState,41,0.052
org.jsoup.parser.HtmlTreeBuilderState,43,0.052
org.jsoup.parser.HtmlTreeBuilderState,45,0.052
org.jsoup.parser.HtmlTreeBuilderState,67,0.052
org.jsoup.parser.HtmlTreeBuilderState,69,0.052
org.jsoup.parser.HtmlTreeBuilderState,71,0.052
org.jsoup.parser.HtmlTreeBuilderState,74,0.052
org.jsoup.parser.HtmlTreeBuilderState,76,0.052
org.jsoup.parser.HtmlTreeBuilderState,77,0.052
org.jsoup.parser.HtmlTreeBuilderState,78,0.052
org.jsoup.parser.HtmlTreeBuilderState,79,0.052
org.jsoup.parser.HtmlTreeBuilderState,80,0.052
org.jsoup.parser.HtmlTreeBuilderState,90,0.052
org.jsoup.parser.HtmlTreeBuilderState,142,0.052
org.jsoup.parser.HtmlTreeBuilderState,143,0.052
org.jsoup.parser.HtmlTreeBuilderState,144,0.052
org.jsoup.parser.HtmlTreeBuilderState,145,0.052
org.jsoup.parser.HtmlTreeBuilderState,146,0.052
org.jsoup.parser.HtmlTreeBuilderState,196,0.052
org.jsoup.parser.HtmlTreeBuilderState,198,0.052
org.jsoup.parser.HtmlTreeBuilderState,200,0.052
org.jsoup.parser.HtmlTreeBuilderState,202,0.052
org.jsoup.parser.HtmlTreeBuilderState,203,0.052
org.jsoup.parser.HtmlTreeBuilderState,204,0.052
org.jsoup.parser.HtmlTreeBuilderState,205,0.052
org.jsoup.parser.HtmlTreeBuilderState,207,0.052
org.jsoup.parser.HtmlTreeBuilderState,226,0.052
org.jsoup.parser.HtmlTreeBuilderState,236,0.052
org.jsoup.parser.HtmlTreeBuilder,246,0.052
org.jsoup.parser.HtmlTreeBuilder,497,0.052
org.jsoup.parser.HtmlTreeBuilder,498,0.052
org.jsoup.parser.TokeniserState,163,0.052
org.jsoup.parser.TokeniserState,164,0.052
org.jsoup.parser.TokeniserState,165,0.052
org.jsoup.parser.Token,325,0.052
org.jsoup.parser.Token,333,0.052
org.jsoup.parser.Token,349,0.052
org.jsoup.parser.HtmlTreeBuilderState,95,0.052
org.jsoup.parser.HtmlTreeBuilderState,99,0.052
org.jsoup.parser.HtmlTreeBuilderState,157,0.052
org.jsoup.parser.HtmlTreeBuilderState,1461,0.052
org.jsoup.helper.StringUtil,158,0.052
org.jsoup.parser.HtmlTreeBuilder,260,0.052
org.jsoup.parser.HtmlTreeBuilder,261,0.052
org.jsoup.parser.Token,341,0.052
org.jsoup.parser.CharacterReader,396,0.052
org.jsoup.parser.CharacterReader,417,0.052
org.jsoup.parser.TreeBuilder,42,0.052
org.jsoup.parser.TreeBuilder,43,0.052
org.jsoup.parser.TreeBuilder,44,0.052
org.jsoup.parser.CharacterReader,395,0.051
org.jsoup.parser.CharacterReader,409,0.051
org.jsoup.parser.CharacterReader,410,0.051
org.jsoup.parser.CharacterReader,411,0.051
org.jsoup.parser.CharacterReader,412,0.051
org.jsoup.parser.CharacterReader,413,0.051
org.jsoup.parser.CharacterReader,414,0.051
org.jsoup.helper.StringUtil,154,0.051
org.jsoup.nodes.Node,523,0.051
org.jsoup.helper.StringUtil,150,0.051
org.jsoup.helper.StringUtil,151,0.051
org.jsoup.parser.HtmlTreeBuilder,138,0.05
org.jsoup.parser.HtmlTreeBuilder,139,0.05
org.jsoup.parser.HtmlTreeBuilderState,1457,0.05
org.jsoup.parser.HtmlTreeBuilder,177,0.05
org.jsoup.parser.HtmlTreeBuilder,185,0.05
org.jsoup.parser.HtmlTreeBuilder,186,0.05
org.jsoup.parser.HtmlTreeBuilder,187,0.05
org.jsoup.parser.HtmlTreeBuilder,197,0.05
org.jsoup.parser.HtmlTreeBuilder,198,0.05
org.jsoup.parser.HtmlTreeBuilder,199,0.05
org.jsoup.parser.Token,357,0.05
org.jsoup.parser.HtmlTreeBuilderState,247,0.05
org.jsoup.parser.HtmlTreeBuilderState,760,0.05
org.jsoup.parser.Tokeniser,75,0.05
org.jsoup.parser.Tokeniser,76,0.05
org.jsoup.parser.Tokeniser,77,0.05
org.jsoup.parser.Token,128,0.05
org.jsoup.parser.Token,132,0.05
org.jsoup.parser.Token,140,0.05
org.jsoup.parser.Tag,177,0.05
org.jsoup.parser.Tokeniser,206,0.05
org.jsoup.parser.Tokeniser,207,0.05
org.jsoup.parser.Tokeniser,208,0.05
org.jsoup.parser.HtmlTreeBuilder,245,0.05
org.jsoup.parser.HtmlTreeBuilder,247,0.05
org.jsoup.parser.HtmlTreeBuilder,250,0.05
org.jsoup.parser.HtmlTreeBuilder,253,0.05
org.jsoup.parser.HtmlTreeBuilder,257,0.05
org.jsoup.parser.HtmlTreeBuilder,505,0.05
org.jsoup.parser.HtmlTreeBuilder,112,0.05
org.jsoup.parser.HtmlTreeBuilder,113,0.05
org.jsoup.parser.HtmlTreeBuilder,122,0.05
org.jsoup.parser.HtmlTreeBuilder,123,0.05
org.jsoup.helper.StringUtil,106,0.05
org.jsoup.parser.TokeniserState,113,0.05
org.jsoup.parser.TokeniserState,114,0.05
org.jsoup.parser.TokeniserState,115,0.05
org.jsoup.parser.TokeniserState,148,0.05
org.jsoup.parser.TokeniserState,149,0.05
org.jsoup.parser.TokeniserState,151,0.05
org.jsoup.parser.Token,160,0.05
org.jsoup.parser.Token,161,0.05
org.jsoup.parser.Token,162,0.05
org.jsoup.parser.TokeniserState,174,0.05
org.jsoup.parser.CharacterReader,198,0.05
org.jsoup.parser.CharacterReader,199,0.05
org.jsoup.parser.CharacterReader,200,0.05
org.jsoup.parser.Tokeniser,201,0.05
org.jsoup.parser.CharacterReader,202,0.05
org.jsoup.parser.Tokeniser,202,0.05
org.jsoup.parser.CharacterReader,203,0.05
org.jsoup.parser.CharacterReader,204,0.05
org.jsoup.parser.CharacterReader,206,0.05
org.jsoup.parser.CharacterReader,207,0.05
org.jsoup.parser.CharacterReader,209,0.05
org.jsoup.parser.Token,345,0.05
org.jsoup.select.NodeTraversor,33,0.05
org.jsoup.select.NodeTraversor,34,0.05
org.jsoup.select.NodeTraversor,37,0.05
org.jsoup.select.NodeTraversor,38,0.05
org.jsoup.select.NodeTraversor,39,0.05
org.jsoup.nodes.Node,261,0.05
org.jsoup.parser.TokeniserState,19,0.05
org.jsoup.parser.TokeniserState,20,0.05
org.jsoup.parser.TokeniserState,102,0.05
org.jsoup.parser.TokeniserState,123,0.05
org.jsoup.parser.CharacterReader,322,0.05
org.jsoup.parser.CharacterReader,324,0.05
org.jsoup.parser.CharacterReader,325,0.05
org.jsoup.nodes.Node,211,0.05
org.jsoup.parser.ParseSettings,52,0.05
org.jsoup.parser.ParseSettings,57,0.05
org.jsoup.parser.Tokeniser,121,0.05
org.jsoup.parser.Tokeniser,122,0.05
org.jsoup.parser.Tokeniser,123,0.05
org.jsoup.parser.CharacterReader,65,0.05
org.jsoup.parser.CharacterReader,66,0.05
org.jsoup.parser.Tokeniser,117,0.05
org.jsoup.parser.Tokeniser,118,0.05
org.jsoup.parser.TreeBuilder,55,0.049
org.jsoup.parser.TokeniserState,26,0.049
org.jsoup.parser.TokeniserState,27,0.049
org.jsoup.parser.Token,28,0.049
org.jsoup.parser.Token,29,0.049
org.jsoup.parser.Token,31,0.049
org.jsoup.helper.Validate,53,0.049
org.jsoup.helper.Validate,55,0.049
org.jsoup.parser.Token,88,0.049
org.jsoup.parser.Token,89,0.049
org.jsoup.parser.Token,90,0.049
org.jsoup.parser.Token,91,0.049
org.jsoup.parser.Token,92,0.049
org.jsoup.parser.Token,93,0.049
org.jsoup.parser.Token,94,0.049
org.jsoup.parser.Token,95,0.049
org.jsoup.parser.Token,96,0.049
org.jsoup.parser.Token,97,0.049
org.jsoup.parser.Token,135,0.049
org.jsoup.parser.Token,136,0.049
org.jsoup.parser.Token,150,0.049
org.jsoup.parser.Token,225,0.049
org.jsoup.parser.Token,226,0.049
org.jsoup.parser.Token,228,0.049
org.jsoup.parser.Token,337,0.049
org.jsoup.nodes.Node,525,0.049
org.jsoup.parser.TokeniserState,14,0.049
org.jsoup.parser.TreeBuilder,29,0.049
org.jsoup.parser.TreeBuilder,30,0.049
org.jsoup.parser.TreeBuilder,32,0.049
org.jsoup.parser.TokeniserState,33,0.049
org.jsoup.parser.TreeBuilder,33,0.049
org.jsoup.parser.HtmlTreeBuilder,34,0.049
org.jsoup.parser.TreeBuilder,34,0.049
org.jsoup.parser.TreeBuilder,35,0.049
org.jsoup.parser.TreeBuilder,36,0.049
org.jsoup.parser.TreeBuilder,37,0.049
org.jsoup.parser.HtmlTreeBuilder,38,0.049
org.jsoup.parser.TreeBuilder,38,0.049
org.jsoup.parser.HtmlTreeBuilder,39,0.049
org.jsoup.parser.TreeBuilder,39,0.049
org.jsoup.parser.HtmlTreeBuilder,40,0.049
org.jsoup.parser.HtmlTreeBuilder,42,0.049
org.jsoup.parser.HtmlTreeBuilder,43,0.049
org.jsoup.parser.HtmlTreeBuilder,44,0.049
org.jsoup.parser.Tokeniser,44,0.049
org.jsoup.parser.HtmlTreeBuilder,46,0.049
org.jsoup.parser.HtmlTreeBuilder,49,0.049
org.jsoup.parser.Tokeniser,49,0.049
org.jsoup.parser.TreeBuilder,49,0.049
org.jsoup.parser.Tokeniser,50,0.049
org.jsoup.parser.TreeBuilder,50,0.049
org.jsoup.parser.TreeBuilder,51,0.049
org.jsoup.parser.Tokeniser,53,0.049
org.jsoup.parser.TreeBuilder,53,0.049
org.jsoup.parser.TreeBuilder,54,0.049
org.jsoup.parser.TreeBuilder,56,0.049
org.jsoup.parser.Tokeniser,58,0.049
org.jsoup.helper.Validate,63,0.049
org.jsoup.parser.Tokeniser,63,0.049
org.jsoup.parser.Tokeniser,64,0.049
org.jsoup.helper.Validate,65,0.049
org.jsoup.parser.Tokeniser,69,0.049
org.jsoup.parser.Tokeniser,71,0.049
org.jsoup.parser.Tokeniser,72,0.049
org.jsoup.parser.Tokeniser,74,0.049
org.jsoup.parser.Tokeniser,79,0.049
org.jsoup.nodes.Element,81,0.049
org.jsoup.parser.Tokeniser,84,0.049
org.jsoup.parser.TreeBuilder,85,0.049
org.jsoup.parser.TreeBuilder,86,0.049
org.jsoup.parser.Token,314,0.049
org.jsoup.parser.Token,315,0.049
org.jsoup.parser.Token,316,0.049
org.jsoup.parser.Token,320,0.049
org.jsoup.parser.HtmlTreeBuilder,435,0.049
org.jsoup.nodes.Element,112,0.049
org.jsoup.nodes.Node,520,0.049
org.jsoup.nodes.Node,521,0.049
org.jsoup.nodes.Node,522,0.049
org.jsoup.parser.CharacterReader,48,0.049
org.jsoup.select.NodeTraversor,18,0.049
org.jsoup.select.NodeTraversor,19,0.049
org.jsoup.select.NodeTraversor,20,0.049
org.jsoup.select.NodeTraversor,27,0.049
org.jsoup.select.NodeTraversor,28,0.049
org.jsoup.select.NodeTraversor,30,0.049
org.jsoup.select.NodeTraversor,31,0.049
org.jsoup.select.NodeTraversor,32,0.049
org.jsoup.select.NodeTraversor,36,0.049
org.jsoup.select.NodeTraversor,41,0.049
org.jsoup.select.NodeTraversor,42,0.049
org.jsoup.select.NodeTraversor,43,0.049
org.jsoup.select.NodeTraversor,47,0.049
org.jsoup.nodes.Node,517,0.049
org.jsoup.parser.ParseErrorList,28,0.049
org.jsoup.nodes.Node,241,0.049
org.jsoup.parser.ParseErrorList,15,0.049
org.jsoup.parser.ParseErrorList,16,0.049
org.jsoup.parser.ParseErrorList,17,0.049
org.jsoup.parser.Tokeniser,22,0.049
org.jsoup.parser.Tokeniser,24,0.049
org.jsoup.parser.Tokeniser,25,0.049
org.jsoup.parser.Tokeniser,26,0.049
org.jsoup.parser.Tokeniser,27,0.049
org.jsoup.parser.Tokeniser,30,0.049
org.jsoup.parser.Tokeniser,31,0.049
org.jsoup.parser.Tokeniser,32,0.049
org.jsoup.parser.Tokeniser,33,0.049
org.jsoup.parser.Token,34,0.049
org.jsoup.parser.Tokeniser,34,0.049
org.jsoup.parser.Token,35,0.049
org.jsoup.parser.Token,36,0.049
org.jsoup.parser.Tokeniser,36,0.049
org.jsoup.parser.Token,37,0.049
org.jsoup.parser.Token,38,0.049
org.jsoup.parser.Tokeniser,38,0.049
org.jsoup.parser.Tokeniser,39,0.049
org.jsoup.parser.Token,40,0.049
org.jsoup.parser.Tokeniser,40,0.049
org.jsoup.parser.Token,41,0.049
org.jsoup.parser.Tokeniser,41,0.049
org.jsoup.parser.Token,42,0.049
org.jsoup.parser.Tokeniser,129,0.049
org.jsoup.parser.Tokeniser,130,0.049
org.jsoup.parser.Token,260,0.049
org.jsoup.parser.Token,261,0.049
org.jsoup.parser.Token,270,0.049
org.jsoup.parser.Token,271,0.049
org.jsoup.parser.Token,272,0.049
org.jsoup.parser.Token,288,0.049
org.jsoup.parser.Token,289,0.049
org.jsoup.parser.Token,290,0.049
org.jsoup.nodes.Element,90,0.049
org.jsoup.parser.CharacterReader,40,0.049
org.jsoup.parser.CharacterReader,52,0.049
org.jsoup.parser.CharacterReader,53,0.049
org.jsoup.parser.CharacterReader,54,0.049
org.jsoup.parser.Tag,36,0.048
org.jsoup.parser.TreeBuilder,13,0.048
org.jsoup.parser.TreeBuilder,23,0.048
org.jsoup.parser.TreeBuilder,24,0.048
org.jsoup.helper.ChangeNotifyingArrayList,11,0.048
org.jsoup.helper.ChangeNotifyingArrayList,12,0.048
org.jsoup.helper.ChangeNotifyingArrayList,24,0.048
org.jsoup.helper.ChangeNotifyingArrayList,25,0.048
org.jsoup.nodes.Element,250,0.048
org.jsoup.nodes.Element,251,0.048
org.jsoup.nodes.Element,252,0.048
org.jsoup.nodes.Element,346,0.048
org.jsoup.nodes.Element,349,0.048
org.jsoup.nodes.Element,350,0.048
org.jsoup.nodes.Element,351,0.048
org.jsoup.nodes.Element,352,0.048
org.jsoup.nodes.Element,353,0.048
org.jsoup.nodes.Node,416,0.048
org.jsoup.nodes.Node,429,0.048
org.jsoup.nodes.Node,430,0.048
org.jsoup.nodes.Node,432,0.048
org.jsoup.nodes.Node,433,0.048
org.jsoup.nodes.Node,478,0.048
org.jsoup.nodes.Node,479,0.048
org.jsoup.nodes.Node,481,0.048
org.jsoup.nodes.Node,484,0.048
org.jsoup.nodes.Node,486,0.048
org.jsoup.nodes.Node,487,0.048
org.jsoup.nodes.Node,553,0.048
org.jsoup.nodes.Node,554,0.048
org.jsoup.nodes.Node,725,0.048
org.jsoup.nodes.Node,726,0.048
org.jsoup.nodes.Node,727,0.048
org.jsoup.nodes.Node,730,0.048
org.jsoup.nodes.Node,731,0.048
org.jsoup.helper.Validate,25,0.048
org.jsoup.helper.Validate,27,0.048
org.jsoup.parser.CharacterReader,381,0.048
org.jsoup.parser.CharacterReader,382,0.048
org.jsoup.parser.CharacterReader,383,0.048
org.jsoup.parser.CharacterReader,384,0.048
org.jsoup.parser.CharacterReader,388,0.048
org.jsoup.parser.CharacterReader,389,0.048
org.jsoup.parser.CharacterReader,391,0.048
org.jsoup.parser.CharacterReader,392,0.048
org.jsoup.parser.CharacterReader,393,0.048
org.jsoup.parser.CharacterReader,402,0.048
org.jsoup.nodes.Document,19,0.048
org.jsoup.nodes.Document,20,0.048
org.jsoup.nodes.Document,22,0.048
org.jsoup.nodes.Document,31,0.048
org.jsoup.nodes.Document,32,0.048
org.jsoup.nodes.Document,33,0.048
org.jsoup.parser.CharacterReader,373,0.048
org.jsoup.parser.CharacterReader,374,0.048
org.jsoup.parser.CharacterReader,377,0.048
org.jsoup.parser.ParseSettings,40,0.048
org.jsoup.nodes.Element,76,0.048
org.jsoup.nodes.Element,77,0.048
org.jsoup.parser.Token,75,0.048
org.jsoup.parser.Token,79,0.048
org.jsoup.parser.Token,81,0.048
org.jsoup.parser.Token,82,0.048
org.jsoup.parser.Token,83,0.048
org.jsoup.parser.Token,218,0.048
org.jsoup.parser.Token,219,0.048
org.jsoup.parser.Token,220,0.048
org.jsoup.parser.Token,221,0.048
org.jsoup.parser.Token,249,0.048
org.jsoup.parser.Token,250,0.048
org.jsoup.parser.Token,251,0.048
org.jsoup.parser.Tag,17,0.048
org.jsoup.parser.Tag,18,0.048
org.jsoup.parser.Tag,19,0.048
org.jsoup.parser.Tag,20,0.048
org.jsoup.parser.Tag,21,0.048
org.jsoup.parser.Tag,22,0.048
org.jsoup.parser.Tag,23,0.048
org.jsoup.parser.Tag,24,0.048
org.jsoup.parser.Tag,26,0.048
org.jsoup.parser.Tag,27,0.048
org.jsoup.parser.Tag,28,0.048
org.jsoup.parser.Tag,60,0.048
org.jsoup.parser.Tag,61,0.048
org.jsoup.nodes.Element,61,0.048
org.jsoup.nodes.Element,63,0.048
org.jsoup.nodes.Element,64,0.048
org.jsoup.nodes.Element,65,0.048
org.jsoup.nodes.Document,372,0.048
org.jsoup.nodes.Document,373,0.048
org.jsoup.nodes.Document,374,0.048
org.jsoup.nodes.Document,375,0.048
org.jsoup.nodes.Document,376,0.048
org.jsoup.nodes.Document,377,0.048
org.jsoup.nodes.Document,379,0.048
org.jsoup.parser.Tag,55,0.048
org.jsoup.parser.Tag,56,0.048
org.jsoup.parser.Tag,58,0.048
org.jsoup.parser.Tag,54,0.048
org.jsoup.parser.CharacterReader,17,0.048
org.jsoup.parser.CharacterReader,18,0.048
org.jsoup.parser.CharacterReader,19,0.048
org.jsoup.parser.CharacterReader,21,0.048
org.jsoup.parser.CharacterReader,22,0.048
org.jsoup.parser.CharacterReader,23,0.048
org.jsoup.parser.CharacterReader,24,0.048
org.jsoup.parser.CharacterReader,25,0.048
org.jsoup.nodes.Node,35,0.048
org.jsoup.nodes.Node,36,0.048
org.jsoup.nodes.Node,37,0.048
org.jsoup.parser.ParseSettings,38,0.048
org.jsoup.nodes.Node,39,0.048
org.jsoup.parser.ParseSettings,39,0.048
org.jsoup.nodes.Node,40,0.048
org.jsoup.nodes.Node,41,0.048
org.jsoup.parser.ParseSettings,41,0.048
org.jsoup.nodes.Node,42,0.048
org.jsoup.parser.Tag,64,0.047
org.jsoup.parser.Tag,50,0.047
org.jsoup.parser.Tag,51,0.047
org.jsoup.parser.Tag,53,0.047
org.jsoup.helper.Validate,93,0.047
org.jsoup.helper.Validate,91,0.047
org.jsoup.nodes.Attributes,30,0.046
org.jsoup.nodes.Attributes,33,0.046
org.jsoup.nodes.Attributes,284,0.046
org.jsoup.helper.Validate,17,0.045
org.jsoup.helper.Validate,15,0.045
