org.jfree.chart.plot.CategoryPlot,2547,1
org.jfree.chart.axis.AxisState,184,0.957
org.jfree.chart.axis.AxisState,193,0.957
org.jfree.chart.axis.AxisState,194,0.957
org.jfree.chart.axis.CategoryLabelPosition,219,0.957
org.jfree.chart.axis.CategoryLabelPosition,228,0.957
org.jfree.chart.axis.CategoryLabelPositions,289,0.957
org.jfree.chart.axis.CategoryLabelPositions,290,0.957
org.jfree.chart.axis.CategoryLabelPositions,293,0.957
org.jfree.chart.axis.CategoryLabelPositions,302,0.957
org.jfree.chart.plot.CategoryPlot,708,0.957
org.jfree.chart.plot.CategoryPlot,721,0.957
org.jfree.chart.plot.CategoryPlot,722,0.957
org.jfree.chart.plot.CategoryPlot,723,0.957
org.jfree.chart.plot.CategoryPlot,725,0.957
org.jfree.chart.plot.CategoryPlot,728,0.957
org.jfree.chart.axis.CategoryAxis,736,0.957
org.jfree.chart.axis.CategoryAxis,741,0.957
org.jfree.chart.axis.CategoryAxis,746,0.957
org.jfree.chart.axis.CategoryAxis,747,0.957
org.jfree.chart.axis.CategoryAxis,748,0.957
org.jfree.chart.axis.CategoryAxis,749,0.957
org.jfree.chart.axis.CategoryAxis,750,0.957
org.jfree.chart.axis.CategoryAxis,752,0.957
org.jfree.chart.axis.CategoryAxis,753,0.957
org.jfree.chart.axis.CategoryAxis,756,0.957
org.jfree.chart.axis.CategoryAxis,768,0.957
org.jfree.chart.axis.CategoryAxis,769,0.957
org.jfree.chart.axis.CategoryAxis,770,0.957
org.jfree.chart.axis.CategoryAxis,771,0.957
org.jfree.chart.axis.CategoryAxis,781,0.957
org.jfree.chart.plot.CategoryPlot,815,0.957
org.jfree.chart.plot.CategoryPlot,816,0.957
org.jfree.chart.plot.CategoryPlot,817,0.957
org.jfree.chart.plot.CategoryPlot,818,0.957
org.jfree.chart.plot.CategoryPlot,823,0.957
org.jfree.chart.axis.CategoryAxis,973,0.957
org.jfree.chart.axis.CategoryAxis,976,0.957
org.jfree.chart.plot.CategoryPlot,976,0.957
org.jfree.chart.plot.CategoryPlot,977,0.957
org.jfree.chart.plot.CategoryPlot,978,0.957
org.jfree.chart.axis.CategoryAxis,980,0.957
org.jfree.chart.plot.CategoryPlot,980,0.957
org.jfree.chart.axis.CategoryAxis,981,0.957
org.jfree.chart.axis.CategoryAxis,982,0.957
org.jfree.chart.plot.CategoryPlot,983,0.957
org.jfree.chart.axis.CategoryAxis,984,0.957
org.jfree.chart.axis.CategoryAxis,985,0.957
org.jfree.chart.axis.CategoryAxis,987,0.957
org.jfree.chart.axis.CategoryAxis,988,0.957
org.jfree.chart.axis.CategoryAxis,989,0.957
org.jfree.chart.axis.CategoryAxis,992,0.957
org.jfree.chart.axis.CategoryAxis,993,0.957
org.jfree.chart.axis.CategoryAxis,1005,0.957
org.jfree.chart.axis.CategoryAxis,1006,0.957
org.jfree.chart.axis.CategoryAxis,1007,0.957
org.jfree.chart.axis.CategoryAxis,1026,0.957
org.jfree.chart.axis.CategoryAxis,1027,0.957
org.jfree.chart.plot.CategoryPlot,1067,0.957
org.jfree.chart.plot.CategoryPlot,1068,0.957
org.jfree.chart.plot.CategoryPlot,1070,0.957
org.jfree.chart.plot.CategoryPlot,1073,0.957
org.jfree.chart.plot.Plot,1385,0.957
org.jfree.chart.plot.CategoryPlot,1727,0.957
org.jfree.chart.plot.CategoryPlot,1728,0.957
org.jfree.chart.plot.CategoryPlot,1729,0.957
org.jfree.chart.plot.CategoryPlot,1731,0.957
org.jfree.chart.plot.CategoryPlot,1732,0.957
org.jfree.chart.plot.CategoryPlot,1733,0.957
org.jfree.chart.plot.CategoryPlot,1734,0.957
org.jfree.chart.plot.CategoryPlot,1749,0.957
org.jfree.chart.plot.CategoryPlot,2410,0.957
org.jfree.chart.plot.CategoryPlot,2415,0.957
org.jfree.chart.plot.CategoryPlot,2431,0.957
org.jfree.chart.plot.CategoryPlot,2433,0.957
org.jfree.chart.plot.CategoryPlot,2439,0.957
org.jfree.chart.plot.CategoryPlot,2440,0.957
org.jfree.chart.plot.CategoryPlot,2441,0.957
org.jfree.chart.plot.CategoryPlot,2442,0.957
org.jfree.chart.plot.CategoryPlot,2443,0.957
org.jfree.chart.plot.CategoryPlot,2448,0.957
org.jfree.chart.plot.CategoryPlot,2465,0.957
org.jfree.chart.plot.CategoryPlot,2470,0.957
org.jfree.chart.plot.CategoryPlot,2486,0.957
org.jfree.chart.plot.CategoryPlot,2487,0.957
org.jfree.chart.plot.CategoryPlot,2488,0.957
org.jfree.chart.plot.CategoryPlot,2489,0.957
org.jfree.chart.plot.CategoryPlot,2490,0.957
org.jfree.chart.plot.CategoryPlot,2494,0.957
org.jfree.chart.plot.CategoryPlot,2508,0.957
org.jfree.chart.plot.CategoryPlot,2509,0.957
org.jfree.chart.plot.CategoryPlot,2510,0.957
org.jfree.chart.plot.CategoryPlot,2511,0.957
org.jfree.chart.plot.CategoryPlot,2536,0.957
org.jfree.chart.plot.CategoryPlot,2537,0.957
org.jfree.chart.plot.CategoryPlot,2538,0.957
org.jfree.chart.plot.CategoryPlot,2543,0.957
org.jfree.chart.plot.CategoryPlot,2549,0.957
org.jfree.chart.plot.CategoryPlot,2552,0.957
org.jfree.chart.plot.CategoryPlot,2553,0.957
org.jfree.chart.plot.CategoryPlot,2556,0.957
org.jfree.chart.plot.CategoryPlot,2557,0.957
org.jfree.chart.plot.CategoryPlot,2558,0.957
org.jfree.chart.plot.CategoryPlot,2560,0.957
org.jfree.chart.plot.CategoryPlot,2564,0.957
org.jfree.chart.plot.CategoryPlot,2565,0.957
org.jfree.chart.plot.CategoryPlot,2684,0.957
org.jfree.chart.plot.CategoryPlot,2687,0.957
org.jfree.chart.plot.CategoryPlot,2688,0.957
org.jfree.chart.plot.CategoryPlot,2689,0.957
org.jfree.chart.plot.CategoryPlot,2690,0.957
org.jfree.chart.plot.CategoryPlot,2695,0.957
org.jfree.chart.plot.CategoryPlot,2696,0.957
org.jfree.chart.plot.CategoryPlot,2697,0.957
org.jfree.chart.plot.CategoryPlot,2698,0.957
org.jfree.chart.plot.CategoryPlot,2702,0.957
org.jfree.chart.plot.CategoryPlot,2705,0.957
org.jfree.chart.plot.CategoryPlot,2707,0.957
org.jfree.chart.plot.CategoryPlot,2708,0.957
org.jfree.chart.plot.CategoryPlot,3104,0.957
org.jfree.chart.plot.CategoryPlot,3105,0.957
org.jfree.chart.plot.CategoryPlot,3106,0.957
org.jfree.chart.plot.CategoryPlot,3107,0.957
org.jfree.chart.plot.CategoryPlot,3108,0.957
org.jfree.chart.plot.CategoryPlot,3124,0.957
org.jfree.chart.plot.CategoryPlot,3253,0.957
org.jfree.chart.plot.CategoryPlot,3254,0.957
org.jfree.chart.plot.CategoryPlot,3255,0.957
org.jfree.chart.plot.CategoryPlot,3256,0.957
org.jfree.chart.plot.CategoryPlot,3257,0.957
org.jfree.chart.plot.CategoryPlot,3267,0.957
org.jfree.chart.axis.Axis,1191,0.938
org.jfree.chart.plot.CategoryPlot,1735,0.934
org.jfree.chart.plot.CategoryPlot,1736,0.934
org.jfree.chart.plot.CategoryPlot,1737,0.934
org.jfree.chart.plot.CategoryPlot,1738,0.934
org.jfree.chart.plot.CategoryPlot,3109,0.934
org.jfree.chart.plot.CategoryPlot,3111,0.934
org.jfree.chart.plot.CategoryPlot,3118,0.934
org.jfree.chart.plot.CategoryPlot,3119,0.934
org.jfree.chart.plot.CategoryPlot,3258,0.934
org.jfree.chart.plot.CategoryPlot,3260,0.934
org.jfree.chart.plot.CategoryPlot,3266,0.934
org.jfree.chart.plot.PlotRenderingInfo,103,0.92
org.jfree.chart.plot.PlotRenderingInfo,126,0.903
org.jfree.chart.plot.PlotRenderingInfo,127,0.903
org.jfree.chart.plot.PlotRenderingInfo,149,0.886
org.jfree.chart.plot.PlotRenderingInfo,150,0.886
org.jfree.chart.renderer.category.AbstractCategoryItemRenderer,689,0.884
org.jfree.chart.renderer.category.AbstractCategoryItemRenderer,691,0.884
org.jfree.chart.plot.CategoryPlot,2664,0.884
org.jfree.chart.plot.CategoryPlot,2665,0.884
org.jfree.chart.plot.CategoryPlot,2666,0.884
org.jfree.chart.axis.CategoryLabelPosition,192,0.858
org.jfree.chart.axis.CategoryLabelPosition,201,0.858
org.jfree.chart.axis.CategoryLabelPosition,210,0.858
org.jfree.chart.util.ShapeUtilities,362,0.858
org.jfree.chart.util.ShapeUtilities,365,0.858
org.jfree.chart.util.ShapeUtilities,366,0.858
org.jfree.chart.util.ShapeUtilities,367,0.858
org.jfree.chart.axis.CategoryAxis,404,0.858
org.jfree.chart.axis.CategoryAxis,407,0.858
org.jfree.chart.axis.CategoryAxis,409,0.858
org.jfree.chart.axis.CategoryAxis,410,0.858
org.jfree.chart.axis.CategoryAxis,412,0.858
org.jfree.chart.axis.CategoryAxis,447,0.858
org.jfree.chart.axis.CategoryAxis,450,0.858
org.jfree.chart.axis.CategoryAxis,452,0.858
org.jfree.chart.axis.CategoryAxis,453,0.858
org.jfree.chart.axis.CategoryAxis,455,0.858
org.jfree.chart.axis.CategoryAxis,1008,0.858
org.jfree.chart.axis.CategoryAxis,1009,0.858
org.jfree.chart.axis.CategoryAxis,1010,0.858
org.jfree.chart.axis.CategoryAxis,1019,0.858
org.jfree.chart.axis.CategoryAxis,1022,0.858
org.jfree.chart.axis.CategoryAxis,1023,0.858
org.jfree.chart.axis.CategoryAxis,1024,0.858
org.jfree.chart.axis.CategoryAxis,1043,0.858
org.jfree.chart.axis.CategoryAxis,1046,0.858
org.jfree.chart.plot.CategoryPlot,1739,0.858
org.jfree.chart.plot.CategoryPlot,1741,0.858
org.jfree.chart.plot.CategoryPlot,1742,0.858
org.jfree.chart.plot.CategoryPlot,3261,0.858
org.jfree.chart.plot.CategoryPlot,3262,0.858
org.jfree.chart.plot.CategoryPlot,3263,0.858
org.jfree.chart.plot.PlotRenderingInfo,91,0.793
org.jfree.chart.plot.PlotRenderingInfo,92,0.793
org.jfree.chart.plot.PlotRenderingInfo,93,0.793
org.jfree.chart.plot.PlotRenderingInfo,94,0.793
org.jfree.chart.plot.PlotRenderingInfo,95,0.793
org.jfree.chart.axis.CategoryTick,81,0.783
org.jfree.chart.axis.CategoryTick,82,0.783
org.jfree.chart.axis.CategoryTick,83,0.783
org.jfree.chart.axis.CategoryTick,84,0.783
org.jfree.chart.axis.CategoryTick,86,0.783
org.jfree.chart.text.TextBlock,276,0.751
org.jfree.chart.text.G2TextMeasurer,63,0.742
org.jfree.chart.text.G2TextMeasurer,64,0.742
org.jfree.chart.text.G2TextMeasurer,65,0.742
org.jfree.chart.text.G2TextMeasurer,77,0.742
org.jfree.chart.text.G2TextMeasurer,78,0.742
org.jfree.chart.text.G2TextMeasurer,80,0.742
org.jfree.chart.text.G2TextMeasurer,81,0.742
org.jfree.chart.text.TextUtilities,188,0.742
org.jfree.chart.text.TextUtilities,189,0.742
org.jfree.chart.text.TextUtilities,190,0.742
org.jfree.chart.text.TextUtilities,191,0.742
org.jfree.chart.text.TextUtilities,192,0.742
org.jfree.chart.text.TextUtilities,193,0.742
org.jfree.chart.text.TextUtilities,194,0.742
org.jfree.chart.text.TextUtilities,195,0.742
org.jfree.chart.text.TextUtilities,197,0.742
org.jfree.chart.text.TextUtilities,198,0.742
org.jfree.chart.text.TextUtilities,199,0.742
org.jfree.chart.text.TextUtilities,241,0.742
org.jfree.chart.text.TextUtilities,243,0.742
org.jfree.chart.text.TextUtilities,244,0.742
org.jfree.chart.text.TextUtilities,245,0.742
org.jfree.chart.text.TextUtilities,246,0.742
org.jfree.chart.text.TextUtilities,247,0.742
org.jfree.chart.text.TextUtilities,249,0.742
org.jfree.chart.text.TextUtilities,250,0.742
org.jfree.chart.text.TextUtilities,253,0.742
org.jfree.chart.text.TextUtilities,254,0.742
org.jfree.chart.text.TextUtilities,270,0.742
org.jfree.chart.text.TextUtilities,271,0.742
org.jfree.chart.text.TextUtilities,273,0.742
org.jfree.chart.labels.StandardCategorySeriesLabelGenerator,99,0.713
org.jfree.chart.labels.StandardCategorySeriesLabelGenerator,102,0.713
org.jfree.chart.labels.StandardCategorySeriesLabelGenerator,104,0.713
org.jfree.chart.labels.StandardCategorySeriesLabelGenerator,117,0.713
org.jfree.chart.labels.StandardCategorySeriesLabelGenerator,118,0.713
org.jfree.chart.labels.StandardCategorySeriesLabelGenerator,119,0.713
org.jfree.chart.title.LegendGraphic,564,0.711
org.jfree.chart.title.LegendGraphic,565,0.711
org.jfree.chart.title.LegendGraphic,566,0.711
org.jfree.chart.axis.AxisCollection,71,0.707
org.jfree.chart.axis.AxisCollection,72,0.707
org.jfree.chart.axis.AxisCollection,73,0.707
org.jfree.chart.axis.AxisCollection,74,0.707
org.jfree.chart.axis.AxisCollection,75,0.707
org.jfree.chart.axis.AxisCollection,76,0.707
org.jfree.chart.axis.AxisCollection,85,0.707
org.jfree.chart.axis.AxisCollection,126,0.707
org.jfree.chart.axis.AxisCollection,129,0.707
org.jfree.chart.axis.AxisCollection,132,0.707
org.jfree.chart.axis.AxisCollection,135,0.707
org.jfree.chart.axis.AxisCollection,138,0.707
org.jfree.chart.axis.AxisCollection,139,0.707
org.jfree.chart.axis.AxisCollection,144,0.707
org.jfree.chart.plot.Plot,1307,0.707
org.jfree.chart.plot.Plot,1310,0.707
org.jfree.chart.plot.Plot,1314,0.707
org.jfree.chart.plot.Plot,1316,0.707
org.jfree.chart.plot.Plot,1324,0.707
org.jfree.chart.plot.Plot,1332,0.707
org.jfree.chart.plot.Plot,1340,0.707
org.jfree.chart.plot.Plot,1341,0.707
org.jfree.chart.plot.Plot,1349,0.707
org.jfree.chart.plot.Plot,1352,0.707
org.jfree.chart.plot.Plot,1367,0.707
org.jfree.chart.plot.Plot,1370,0.707
org.jfree.chart.plot.Plot,1374,0.707
org.jfree.chart.plot.Plot,1376,0.707
org.jfree.chart.plot.Plot,1384,0.707
org.jfree.chart.plot.Plot,1410,0.707
org.jfree.chart.plot.Plot,1413,0.707
org.jfree.chart.axis.AxisState,72,0.699
org.jfree.chart.axis.AxisState,73,0.699
org.jfree.chart.axis.AxisState,80,0.699
org.jfree.chart.axis.AxisState,81,0.699
org.jfree.chart.axis.AxisState,82,0.699
org.jfree.chart.axis.AxisState,83,0.699
org.jfree.chart.axis.AxisState,91,0.699
org.jfree.chart.axis.Tick,107,0.699
org.jfree.chart.util.RectangleInsets,120,0.699
org.jfree.chart.axis.TickUnit,123,0.699
org.jfree.chart.util.RectangleInsets,129,0.699
org.jfree.chart.util.RectangleInsets,138,0.699
org.jfree.chart.util.RectangleInsets,147,0.699
org.jfree.chart.axis.TickUnits,159,0.699
org.jfree.chart.axis.TickUnits,160,0.699
org.jfree.chart.axis.TickUnits,161,0.699
org.jfree.chart.axis.TickUnits,164,0.699
org.jfree.chart.axis.TickUnits,165,0.699
org.jfree.chart.axis.AxisSpace,167,0.699
org.jfree.chart.axis.AxisSpace,170,0.699
org.jfree.chart.axis.AxisSpace,173,0.699
org.jfree.chart.axis.AxisState,175,0.699
org.jfree.chart.axis.AxisSpace,176,0.699
org.jfree.chart.axis.AxisState,176,0.699
org.jfree.chart.axis.AxisSpace,177,0.699
org.jfree.chart.axis.TickUnits,181,0.699
org.jfree.chart.axis.AxisSpace,185,0.699
org.jfree.chart.axis.AxisSpace,243,0.699
org.jfree.chart.axis.AxisSpace,244,0.699
org.jfree.chart.axis.AxisSpace,246,0.699
org.jfree.chart.axis.AxisSpace,252,0.699
org.jfree.chart.util.RectangleInsets,312,0.699
org.jfree.chart.axis.Axis,314,0.699
org.jfree.chart.axis.ValueAxis,321,0.699
org.jfree.chart.util.RectangleInsets,327,0.699
org.jfree.chart.util.RectangleInsets,330,0.699
org.jfree.chart.util.RectangleInsets,331,0.699
org.jfree.chart.util.RectangleInsets,332,0.699
org.jfree.chart.util.RectangleInsets,333,0.699
org.jfree.chart.util.RectangleInsets,334,0.699
org.jfree.chart.util.RectangleInsets,336,0.699
org.jfree.chart.util.RectangleInsets,337,0.699
org.jfree.chart.util.RectangleInsets,338,0.699
org.jfree.chart.util.RectangleInsets,339,0.699
org.jfree.chart.util.RectangleInsets,340,0.699
org.jfree.chart.util.RectangleInsets,342,0.699
org.jfree.chart.axis.Axis,381,0.699
org.jfree.chart.axis.Axis,410,0.699
org.jfree.chart.axis.Axis,438,0.699
org.jfree.chart.axis.Axis,467,0.699
org.jfree.chart.text.TextUtilities,544,0.699
org.jfree.chart.text.TextUtilities,547,0.699
org.jfree.chart.text.TextUtilities,548,0.699
org.jfree.chart.axis.Axis,549,0.699
org.jfree.chart.text.TextUtilities,550,0.699
org.jfree.chart.text.TextUtilities,554,0.699
org.jfree.chart.text.TextUtilities,623,0.699
org.jfree.chart.axis.Axis,631,0.699
org.jfree.chart.text.TextUtilities,654,0.699
org.jfree.chart.axis.Axis,662,0.699
org.jfree.chart.text.TextUtilities,691,0.699
org.jfree.chart.text.TextUtilities,692,0.699
org.jfree.chart.text.TextUtilities,693,0.699
org.jfree.chart.text.TextUtilities,694,0.699
org.jfree.chart.text.TextUtilities,695,0.699
org.jfree.chart.text.TextUtilities,696,0.699
org.jfree.chart.text.TextUtilities,697,0.699
org.jfree.chart.text.TextUtilities,698,0.699
org.jfree.chart.text.TextUtilities,699,0.699
org.jfree.chart.text.TextUtilities,700,0.699
org.jfree.chart.text.TextUtilities,701,0.699
org.jfree.chart.text.TextUtilities,703,0.699
org.jfree.chart.text.TextUtilities,712,0.699
org.jfree.chart.text.TextUtilities,718,0.699
org.jfree.chart.axis.Axis,721,0.699
org.jfree.chart.text.TextUtilities,731,0.699
org.jfree.chart.text.TextUtilities,738,0.699
org.jfree.chart.text.TextUtilities,742,0.699
org.jfree.chart.axis.ValueAxis,753,0.699
org.jfree.chart.axis.ValueAxis,758,0.699
org.jfree.chart.axis.ValueAxis,763,0.699
org.jfree.chart.axis.ValueAxis,764,0.699
org.jfree.chart.text.TextUtilities,766,0.699
org.jfree.chart.text.TextUtilities,767,0.699
org.jfree.chart.text.TextUtilities,768,0.699
org.jfree.chart.axis.ValueAxis,769,0.699
org.jfree.chart.axis.ValueAxis,770,0.699
org.jfree.chart.axis.ValueAxis,771,0.699
org.jfree.chart.axis.ValueAxis,772,0.699
org.jfree.chart.axis.ValueAxis,773,0.699
org.jfree.chart.axis.ValueAxis,774,0.699
org.jfree.chart.axis.ValueAxis,785,0.699
org.jfree.chart.axis.ValueAxis,786,0.699
org.jfree.chart.axis.ValueAxis,787,0.699
org.jfree.chart.axis.ValueAxis,788,0.699
org.jfree.chart.axis.ValueAxis,797,0.699
org.jfree.chart.axis.Axis,911,0.699
org.jfree.chart.axis.Axis,1056,0.699
org.jfree.chart.axis.Axis,1057,0.699
org.jfree.chart.axis.Axis,1058,0.699
org.jfree.chart.axis.Axis,1059,0.699
org.jfree.chart.axis.Axis,1060,0.699
org.jfree.chart.axis.Axis,1061,0.699
org.jfree.chart.axis.Axis,1062,0.699
org.jfree.chart.axis.Axis,1063,0.699
org.jfree.chart.axis.Axis,1064,0.699
org.jfree.chart.axis.Axis,1065,0.699
org.jfree.chart.axis.Axis,1067,0.699
org.jfree.chart.axis.Axis,1068,0.699
org.jfree.chart.axis.Axis,1069,0.699
org.jfree.chart.axis.Axis,1071,0.699
org.jfree.chart.axis.Axis,1072,0.699
org.jfree.chart.axis.Axis,1075,0.699
org.jfree.chart.axis.Axis,1097,0.699
org.jfree.chart.axis.Axis,1101,0.699
org.jfree.chart.axis.Axis,1105,0.699
org.jfree.chart.axis.Axis,1106,0.699
org.jfree.chart.axis.Axis,1107,0.699
org.jfree.chart.axis.Axis,1108,0.699
org.jfree.chart.axis.Axis,1109,0.699
org.jfree.chart.axis.Axis,1110,0.699
org.jfree.chart.axis.Axis,1111,0.699
org.jfree.chart.axis.Axis,1113,0.699
org.jfree.chart.axis.Axis,1190,0.699
org.jfree.chart.plot.CategoryPlot,1265,0.699
org.jfree.chart.axis.ValueAxis,1328,0.699
org.jfree.chart.axis.ValueAxis,1371,0.699
org.jfree.data.category.DefaultCategoryDataset,163,0.693
org.jfree.chart.plot.CategoryPlot,1278,0.692
org.jfree.chart.plot.CategoryPlot,1279,0.692
org.jfree.chart.plot.CategoryPlot,1280,0.692
org.jfree.chart.plot.CategoryPlot,1282,0.692
org.jfree.chart.renderer.category.AbstractCategoryItemRenderer,237,0.689
org.jfree.chart.renderer.category.AbstractCategoryItemRenderer,1258,0.689
org.jfree.chart.renderer.category.AbstractCategoryItemRenderer,1259,0.689
org.jfree.chart.renderer.category.AbstractCategoryItemRenderer,1260,0.689
org.jfree.chart.renderer.category.AbstractCategoryItemRenderer,1261,0.689
org.jfree.chart.renderer.category.AbstractCategoryItemRenderer,1263,0.689
org.jfree.chart.util.RectangleEdge,126,0.684
org.jfree.chart.title.LegendTitle,401,0.684
org.jfree.chart.block.BlockResult,59,0.677
org.jfree.chart.block.BlockResult,60,0.677
org.jfree.chart.block.BlockResult,61,0.677
org.jfree.chart.util.RectangleEdge,81,0.677
org.jfree.chart.block.LineBorder,125,0.677
org.jfree.chart.axis.AxisState,130,0.677
org.jfree.chart.axis.AxisState,131,0.677
org.jfree.chart.axis.AxisCollection,133,0.677
org.jfree.chart.block.BlockContainer,133,0.677
org.jfree.chart.block.LineBorder,144,0.677
org.jfree.chart.block.LineBorder,145,0.677
org.jfree.chart.block.LineBorder,147,0.677
org.jfree.chart.text.TextLine,158,0.677
org.jfree.chart.text.TextLine,159,0.677
org.jfree.chart.text.TextLine,160,0.677
org.jfree.chart.text.TextLine,161,0.677
org.jfree.chart.text.TextLine,162,0.677
org.jfree.chart.text.TextLine,163,0.677
org.jfree.chart.text.TextBlock,164,0.677
org.jfree.chart.text.TextLine,164,0.677
org.jfree.chart.text.TextBlock,165,0.677
org.jfree.chart.text.TextBlock,166,0.677
org.jfree.chart.text.TextLine,166,0.677
org.jfree.chart.text.TextBlock,167,0.677
org.jfree.chart.text.TextLine,167,0.677
org.jfree.chart.text.TextBlock,168,0.677
org.jfree.chart.text.TextBlock,169,0.677
org.jfree.chart.text.TextLine,169,0.677
org.jfree.chart.text.TextBlock,170,0.677
org.jfree.chart.axis.AxisSpace,171,0.677
org.jfree.chart.text.TextBlock,171,0.677
org.jfree.chart.text.TextBlock,172,0.677
org.jfree.chart.text.TextBlock,173,0.677
org.jfree.chart.text.TextLine,179,0.677
org.jfree.chart.text.TextLine,180,0.677
org.jfree.chart.text.TextLine,181,0.677
org.jfree.chart.text.TextLine,182,0.677
org.jfree.chart.text.TextLine,183,0.677
org.jfree.chart.text.TextLine,184,0.677
org.jfree.chart.text.TextLine,185,0.677
org.jfree.chart.text.TextLine,186,0.677
org.jfree.chart.text.TextLine,187,0.677
org.jfree.chart.text.TextLine,188,0.677
org.jfree.chart.text.TextFragment,208,0.677
org.jfree.chart.block.BlockContainer,209,0.677
org.jfree.chart.text.TextFragment,209,0.677
org.jfree.chart.block.BlockContainer,210,0.677
org.jfree.chart.text.TextFragment,210,0.677
org.jfree.chart.block.BlockContainer,211,0.677
org.jfree.chart.block.BlockContainer,212,0.677
org.jfree.chart.text.TextBlock,212,0.677
org.jfree.chart.block.BlockContainer,213,0.677
org.jfree.chart.text.TextBlock,213,0.677
org.jfree.chart.text.TextFragment,213,0.677
org.jfree.chart.block.BlockContainer,217,0.677
org.jfree.chart.block.BlockContainer,218,0.677
org.jfree.chart.block.BlockContainer,219,0.677
org.jfree.chart.block.BlockContainer,220,0.677
org.jfree.chart.block.BlockContainer,221,0.677
org.jfree.chart.block.BlockContainer,222,0.677
org.jfree.chart.block.BlockContainer,223,0.677
org.jfree.chart.text.TextFragment,223,0.677
org.jfree.chart.text.TextFragment,224,0.677
org.jfree.chart.text.TextFragment,225,0.677
org.jfree.chart.text.TextFragment,226,0.677
org.jfree.chart.text.TextLine,229,0.677
org.jfree.chart.text.TextLine,230,0.677
org.jfree.chart.text.TextLine,231,0.677
org.jfree.chart.text.TextBlock,232,0.677
org.jfree.chart.text.TextLine,232,0.677
org.jfree.chart.text.TextBlock,233,0.677
org.jfree.chart.text.TextLine,233,0.677
org.jfree.chart.text.TextBlock,234,0.677
org.jfree.chart.text.TextBlock,235,0.677
org.jfree.chart.text.TextLine,235,0.677
org.jfree.chart.text.TextBlock,236,0.677
org.jfree.chart.text.TextLine,236,0.677
org.jfree.chart.text.TextBlock,237,0.677
org.jfree.chart.block.BlockContainer,238,0.677
org.jfree.chart.text.TextBlock,238,0.677
org.jfree.chart.block.BlockContainer,239,0.677
org.jfree.chart.text.TextBlock,239,0.677
org.jfree.chart.text.TextFragment,239,0.677
org.jfree.chart.text.TextBlock,240,0.677
org.jfree.chart.text.TextFragment,240,0.677
org.jfree.chart.block.AbstractBlock,241,0.677
org.jfree.chart.text.TextBlock,241,0.677
org.jfree.chart.text.TextFragment,241,0.677
org.jfree.chart.text.TextFragment,242,0.677
org.jfree.chart.block.BlockContainer,243,0.677
org.jfree.chart.text.TextFragment,244,0.677
org.jfree.chart.text.TextBlock,247,0.677
org.jfree.chart.text.TextBlock,250,0.677
org.jfree.chart.text.TextBlock,251,0.677
org.jfree.chart.text.TextFragment,251,0.677
org.jfree.chart.text.TextBlock,253,0.677
org.jfree.chart.text.TextBlock,268,0.677
org.jfree.chart.text.TextBlock,269,0.677
org.jfree.chart.text.TextBlock,270,0.677
org.jfree.chart.text.TextBlock,272,0.677
org.jfree.chart.text.TextBlock,287,0.677
org.jfree.chart.text.TextBlock,291,0.677
org.jfree.chart.axis.CategoryLabelPositions,294,0.677
org.jfree.chart.axis.CategoryLabelPositions,296,0.677
org.jfree.chart.axis.CategoryLabelPositions,297,0.677
org.jfree.chart.text.TextBlock,308,0.677
org.jfree.chart.text.TextBlock,309,0.677
org.jfree.chart.text.TextBlock,310,0.677
org.jfree.chart.title.LegendTitle,390,0.677
org.jfree.chart.title.LegendTitle,391,0.677
org.jfree.chart.title.LegendTitle,392,0.677
org.jfree.chart.title.LegendTitle,393,0.677
org.jfree.chart.title.LegendTitle,398,0.677
org.jfree.chart.title.LegendTitle,399,0.677
org.jfree.chart.title.LegendTitle,400,0.677
org.jfree.chart.title.LegendTitle,408,0.677
org.jfree.chart.block.FlowArrangement,418,0.677
org.jfree.chart.title.LegendTitle,471,0.677
org.jfree.chart.title.LegendTitle,472,0.677
org.jfree.chart.title.LegendTitle,473,0.677
org.jfree.chart.title.LegendTitle,509,0.677
org.jfree.chart.title.LegendTitle,510,0.677
org.jfree.chart.title.LegendTitle,511,0.677
org.jfree.chart.title.LegendTitle,512,0.677
org.jfree.chart.title.LegendTitle,513,0.677
org.jfree.chart.title.LegendTitle,515,0.677
org.jfree.chart.title.LegendTitle,516,0.677
org.jfree.chart.title.LegendTitle,517,0.677
org.jfree.chart.title.LegendTitle,518,0.677
org.jfree.chart.title.LegendTitle,519,0.677
org.jfree.chart.text.TextUtilities,520,0.677
org.jfree.chart.title.LegendTitle,520,0.677
org.jfree.chart.title.LegendTitle,522,0.677
org.jfree.chart.text.TextUtilities,523,0.677
org.jfree.chart.title.LegendTitle,523,0.677
org.jfree.chart.text.TextUtilities,524,0.677
org.jfree.chart.text.TextUtilities,526,0.677
org.jfree.chart.axis.ValueAxis,626,0.677
org.jfree.chart.axis.ValueAxis,627,0.677
org.jfree.chart.text.TextUtilities,657,0.677
org.jfree.chart.text.TextUtilities,661,0.677
org.jfree.chart.text.TextUtilities,664,0.677
org.jfree.chart.text.TextUtilities,668,0.677
org.jfree.chart.axis.CategoryAxis,669,0.677
org.jfree.chart.axis.ValueAxis,698,0.677
org.jfree.chart.axis.ValueAxis,722,0.677
org.jfree.chart.axis.ValueAxis,724,0.677
org.jfree.chart.text.TextUtilities,745,0.677
org.jfree.chart.text.TextUtilities,752,0.677
org.jfree.chart.axis.CategoryAxis,757,0.677
org.jfree.chart.axis.CategoryAxis,759,0.677
org.jfree.chart.text.TextUtilities,759,0.677
org.jfree.chart.axis.CategoryAxis,760,0.677
org.jfree.chart.text.TextUtilities,763,0.677
org.jfree.chart.axis.CategoryAxis,772,0.677
org.jfree.chart.axis.CategoryAxis,773,0.677
org.jfree.chart.axis.CategoryAxis,776,0.677
org.jfree.chart.axis.CategoryAxis,777,0.677
org.jfree.chart.axis.CategoryAxis,778,0.677
org.jfree.chart.axis.CategoryAxis,943,0.677
org.jfree.chart.axis.CategoryAxis,944,0.677
org.jfree.chart.axis.CategoryAxis,945,0.677
org.jfree.chart.axis.CategoryAxis,994,0.677
org.jfree.chart.axis.CategoryAxis,998,0.677
org.jfree.chart.axis.CategoryAxis,999,0.677
org.jfree.chart.axis.Axis,1114,0.677
org.jfree.chart.axis.Axis,1117,0.677
org.jfree.chart.axis.Axis,1118,0.677
org.jfree.chart.axis.Axis,1119,0.677
org.jfree.chart.axis.Axis,1120,0.677
org.jfree.chart.axis.Axis,1121,0.677
org.jfree.chart.axis.Axis,1122,0.677
org.jfree.chart.axis.Axis,1124,0.677
org.jfree.chart.axis.Axis,1126,0.677
org.jfree.chart.axis.Axis,1128,0.677
org.jfree.chart.axis.Axis,1130,0.677
org.jfree.chart.JFreeChart,1198,0.677
org.jfree.chart.JFreeChart,1199,0.677
org.jfree.chart.JFreeChart,1201,0.677
org.jfree.chart.JFreeChart,1204,0.677
org.jfree.chart.axis.Axis,1219,0.677
org.jfree.chart.JFreeChart,1248,0.677
org.jfree.chart.JFreeChart,1251,0.677
org.jfree.chart.JFreeChart,1252,0.677
org.jfree.chart.JFreeChart,1307,0.677
org.jfree.chart.JFreeChart,1308,0.677
org.jfree.chart.JFreeChart,1309,0.677
org.jfree.chart.JFreeChart,1311,0.677
org.jfree.chart.JFreeChart,1312,0.677
org.jfree.chart.JFreeChart,1314,0.677
org.jfree.chart.plot.Plot,1342,0.677
org.jfree.chart.plot.Plot,1386,0.677
org.jfree.chart.plot.Plot,1388,0.677
org.jfree.chart.plot.Plot,1389,0.677
org.jfree.chart.plot.CategoryPlot,2709,0.677
org.jfree.chart.plot.CategoryPlot,2710,0.677
org.jfree.chart.plot.CategoryPlot,2723,0.677
org.jfree.chart.plot.CategoryPlot,2724,0.677
org.jfree.data.DefaultKeyedValues2D,217,0.672
org.jfree.chart.block.BlockParams,74,0.67
org.jfree.chart.block.BlockParams,75,0.67
org.jfree.chart.block.BlockParams,76,0.67
org.jfree.chart.block.BlockParams,77,0.67
org.jfree.chart.block.BlockParams,78,0.67
org.jfree.chart.event.ChartProgressEvent,79,0.67
org.jfree.chart.event.ChartProgressEvent,80,0.67
org.jfree.chart.axis.AxisSpace,81,0.67
org.jfree.chart.event.ChartProgressEvent,81,0.67
org.jfree.chart.axis.AxisSpace,82,0.67
org.jfree.chart.event.ChartProgressEvent,82,0.67
org.jfree.chart.axis.AxisSpace,83,0.67
org.jfree.chart.axis.AxisSpace,84,0.67
org.jfree.chart.axis.AxisSpace,85,0.67
org.jfree.chart.axis.AxisSpace,86,0.67
org.jfree.chart.block.BlockParams,87,0.67
org.jfree.chart.block.BlockParams,96,0.67
org.jfree.chart.block.BlockParams,97,0.67
org.jfree.chart.LegendItemCollection,106,0.67
org.jfree.chart.block.BlockContainer,120,0.67
org.jfree.chart.block.BlockContainer,123,0.67
org.jfree.chart.block.BlockContainer,124,0.67
org.jfree.chart.block.BlockBorder,168,0.67
org.jfree.chart.block.BlockBorder,169,0.67
org.jfree.chart.block.BlockBorder,170,0.67
org.jfree.chart.block.BlockBorder,171,0.67
org.jfree.chart.block.BlockBorder,172,0.67
org.jfree.chart.block.BlockBorder,173,0.67
org.jfree.chart.block.BlockBorder,174,0.67
org.jfree.chart.block.BlockBorder,175,0.67
org.jfree.chart.block.BlockBorder,176,0.67
org.jfree.chart.block.BlockBorder,177,0.67
org.jfree.chart.block.BlockBorder,178,0.67
org.jfree.chart.block.RectangleConstraint,181,0.67
org.jfree.chart.block.BlockBorder,182,0.67
org.jfree.chart.block.BlockBorder,186,0.67
org.jfree.chart.block.BlockBorder,190,0.67
org.jfree.chart.block.BlockBorder,194,0.67
org.jfree.chart.block.RectangleConstraint,208,0.67
org.jfree.chart.title.Title,208,0.67
org.jfree.chart.title.Title,233,0.67
org.jfree.chart.text.TextUtilities,290,0.67
org.jfree.chart.text.TextUtilities,291,0.67
org.jfree.chart.text.TextUtilities,295,0.67
org.jfree.chart.text.TextUtilities,297,0.67
org.jfree.chart.text.TextUtilities,299,0.67
org.jfree.chart.text.TextUtilities,306,0.67
org.jfree.chart.block.AbstractBlock,385,0.67
org.jfree.chart.block.AbstractBlock,386,0.67
org.jfree.chart.block.AbstractBlock,387,0.67
org.jfree.chart.block.AbstractBlock,388,0.67
org.jfree.chart.block.AbstractBlock,403,0.67
org.jfree.chart.block.AbstractBlock,404,0.67
org.jfree.chart.block.AbstractBlock,405,0.67
org.jfree.chart.block.AbstractBlock,406,0.67
org.jfree.chart.block.AbstractBlock,424,0.67
org.jfree.chart.block.AbstractBlock,425,0.67
org.jfree.chart.block.AbstractBlock,426,0.67
org.jfree.chart.block.AbstractBlock,427,0.67
org.jfree.chart.block.AbstractBlock,428,0.67
org.jfree.chart.block.AbstractBlock,429,0.67
org.jfree.chart.block.AbstractBlock,430,0.67
org.jfree.chart.block.AbstractBlock,431,0.67
org.jfree.chart.block.AbstractBlock,432,0.67
org.jfree.chart.block.AbstractBlock,439,0.67
org.jfree.chart.block.AbstractBlock,442,0.67
org.jfree.chart.block.AbstractBlock,443,0.67
org.jfree.chart.block.AbstractBlock,444,0.67
org.jfree.chart.block.AbstractBlock,447,0.67
org.jfree.chart.block.AbstractBlock,448,0.67
org.jfree.chart.block.AbstractBlock,450,0.67
org.jfree.chart.block.AbstractBlock,454,0.67
org.jfree.chart.JFreeChart,457,0.67
org.jfree.chart.block.AbstractBlock,457,0.67
org.jfree.chart.block.AbstractBlock,458,0.67
org.jfree.chart.block.AbstractBlock,459,0.67
org.jfree.chart.block.AbstractBlock,462,0.67
org.jfree.chart.block.AbstractBlock,463,0.67
org.jfree.chart.block.AbstractBlock,465,0.67
org.jfree.chart.text.TextUtilities,478,0.67
org.jfree.chart.util.RectangleInsets,478,0.67
org.jfree.chart.text.TextUtilities,482,0.67
org.jfree.chart.text.TextUtilities,485,0.67
org.jfree.chart.text.TextUtilities,487,0.67
org.jfree.chart.text.TextUtilities,489,0.67
org.jfree.chart.plot.Plot,492,0.67
org.jfree.chart.text.TextUtilities,497,0.67
org.jfree.chart.text.TextUtilities,499,0.67
org.jfree.chart.util.RectangleInsets,500,0.67
org.jfree.chart.text.TextUtilities,501,0.67
org.jfree.chart.block.AbstractBlock,508,0.67
org.jfree.chart.block.AbstractBlock,509,0.67
org.jfree.chart.block.AbstractBlock,522,0.67
org.jfree.chart.util.RectangleInsets,522,0.67
org.jfree.chart.block.AbstractBlock,523,0.67
org.jfree.chart.util.RectangleInsets,523,0.67
org.jfree.chart.util.RectangleInsets,524,0.67
org.jfree.chart.util.RectangleInsets,525,0.67
org.jfree.chart.util.RectangleInsets,526,0.67
org.jfree.chart.util.RectangleInsets,527,0.67
org.jfree.chart.util.RectangleInsets,528,0.67
org.jfree.chart.util.RectangleInsets,529,0.67
org.jfree.chart.block.AbstractBlock,536,0.67
org.jfree.chart.block.AbstractBlock,537,0.67
org.jfree.chart.block.AbstractBlock,547,0.67
org.jfree.chart.block.AbstractBlock,548,0.67
org.jfree.chart.text.TextUtilities,604,0.67
org.jfree.chart.text.TextUtilities,605,0.67
org.jfree.chart.text.TextUtilities,606,0.67
org.jfree.chart.text.TextUtilities,607,0.67
org.jfree.chart.text.TextUtilities,608,0.67
org.jfree.chart.text.TextUtilities,609,0.67
org.jfree.chart.text.TextUtilities,610,0.67
org.jfree.chart.text.TextUtilities,611,0.67
org.jfree.chart.text.TextUtilities,612,0.67
org.jfree.chart.text.TextUtilities,613,0.67
org.jfree.chart.text.TextUtilities,614,0.67
org.jfree.chart.text.TextUtilities,615,0.67
org.jfree.chart.text.TextUtilities,617,0.67
org.jfree.chart.text.TextUtilities,626,0.67
org.jfree.chart.text.TextUtilities,636,0.67
org.jfree.chart.text.TextUtilities,643,0.67
org.jfree.chart.text.TextUtilities,650,0.67
org.jfree.chart.text.TextUtilities,671,0.67
org.jfree.chart.text.TextUtilities,672,0.67
org.jfree.chart.text.TextUtilities,673,0.67
org.jfree.chart.axis.ValueAxis,899,0.67
org.jfree.chart.JFreeChart,1130,0.67
org.jfree.chart.JFreeChart,1134,0.67
org.jfree.chart.JFreeChart,1140,0.67
org.jfree.chart.JFreeChart,1141,0.67
org.jfree.chart.JFreeChart,1143,0.67
org.jfree.chart.JFreeChart,1146,0.67
org.jfree.chart.JFreeChart,1147,0.67
org.jfree.chart.JFreeChart,1148,0.67
org.jfree.chart.JFreeChart,1151,0.67
org.jfree.chart.JFreeChart,1165,0.67
org.jfree.chart.JFreeChart,1180,0.67
org.jfree.chart.JFreeChart,1181,0.67
org.jfree.chart.JFreeChart,1182,0.67
org.jfree.chart.JFreeChart,1184,0.67
org.jfree.chart.JFreeChart,1185,0.67
org.jfree.chart.JFreeChart,1188,0.67
org.jfree.chart.JFreeChart,1196,0.67
org.jfree.chart.JFreeChart,1197,0.67
org.jfree.chart.JFreeChart,1206,0.67
org.jfree.chart.JFreeChart,1209,0.67
org.jfree.chart.JFreeChart,1210,0.67
org.jfree.chart.JFreeChart,1234,0.67
org.jfree.chart.JFreeChart,1235,0.67
org.jfree.chart.JFreeChart,1236,0.67
org.jfree.chart.JFreeChart,1239,0.67
org.jfree.chart.JFreeChart,1240,0.67
org.jfree.chart.JFreeChart,1245,0.67
org.jfree.chart.JFreeChart,1255,0.67
org.jfree.chart.JFreeChart,1276,0.67
org.jfree.chart.JFreeChart,1279,0.67
org.jfree.chart.JFreeChart,1282,0.67
org.jfree.chart.JFreeChart,1283,0.67
org.jfree.chart.JFreeChart,1284,0.67
org.jfree.chart.JFreeChart,1285,0.67
org.jfree.chart.JFreeChart,1288,0.67
org.jfree.chart.JFreeChart,1289,0.67
org.jfree.chart.JFreeChart,1292,0.67
org.jfree.chart.JFreeChart,1295,0.67
org.jfree.chart.JFreeChart,1296,0.67
org.jfree.chart.JFreeChart,1297,0.67
org.jfree.chart.JFreeChart,1298,0.67
org.jfree.chart.JFreeChart,1335,0.67
org.jfree.chart.JFreeChart,1336,0.67
org.jfree.chart.JFreeChart,1340,0.67
org.jfree.chart.JFreeChart,1533,0.67
org.jfree.chart.JFreeChart,1534,0.67
org.jfree.chart.JFreeChart,1540,0.67
org.jfree.chart.renderer.category.AbstractCategoryItemRenderer,1463,0.669
org.jfree.chart.renderer.category.AbstractCategoryItemRenderer,1491,0.669
org.jfree.chart.renderer.category.AbstractCategoryItemRenderer,1516,0.669
org.jfree.chart.util.Size2D,69,0.663
org.jfree.chart.block.BlockContainer,170,0.663
org.jfree.chart.block.BlockContainer,171,0.663
org.jfree.chart.block.BlockContainer,172,0.663
org.jfree.chart.util.RectangleInsets,358,0.663
org.jfree.chart.util.RectangleInsets,359,0.663
org.jfree.chart.util.RectangleInsets,362,0.663
org.jfree.chart.util.RectangleInsets,388,0.663
org.jfree.chart.util.RectangleInsets,389,0.663
org.jfree.chart.util.RectangleInsets,392,0.663
org.jfree.chart.block.AbstractBlock,418,0.663
org.jfree.chart.util.RectangleInsets,418,0.663
org.jfree.chart.util.RectangleInsets,419,0.663
org.jfree.chart.block.AbstractBlock,421,0.663
org.jfree.chart.util.RectangleInsets,422,0.663
org.jfree.chart.util.RectangleInsets,448,0.663
org.jfree.chart.util.RectangleInsets,449,0.663
org.jfree.chart.util.RectangleInsets,452,0.663
org.jfree.chart.block.AbstractBlock,476,0.663
org.jfree.chart.block.AbstractBlock,477,0.663
org.jfree.chart.block.AbstractBlock,478,0.663
org.jfree.chart.block.AbstractBlock,479,0.663
org.jfree.chart.block.AbstractBlock,480,0.663
org.jfree.chart.util.RectangleInsets,489,0.663
org.jfree.chart.block.AbstractBlock,491,0.663
org.jfree.chart.block.AbstractBlock,492,0.663
org.jfree.chart.block.AbstractBlock,493,0.663
org.jfree.chart.block.AbstractBlock,494,0.663
org.jfree.chart.block.AbstractBlock,495,0.663
org.jfree.chart.util.RectangleInsets,512,0.663
org.jfree.chart.util.Size2D,87,0.657
org.jfree.chart.text.TextLine,109,0.657
org.jfree.chart.text.TextLine,110,0.657
org.jfree.chart.text.TextLine,113,0.657
org.jfree.chart.text.TextLine,116,0.657
org.jfree.chart.text.TextLine,119,0.657
org.jfree.chart.text.TextLine,120,0.657
org.jfree.chart.text.TextBlock,121,0.657
org.jfree.chart.text.TextLine,121,0.657
org.jfree.chart.text.TextBlock,122,0.657
org.jfree.chart.text.TextLine,122,0.657
org.jfree.chart.block.BlockBorder,147,0.657
org.jfree.chart.block.RectangleConstraint,172,0.657
org.jfree.chart.block.RectangleConstraint,199,0.657
org.jfree.chart.util.RectangleInsets,373,0.657
org.jfree.chart.util.RectangleInsets,374,0.657
org.jfree.chart.util.RectangleInsets,377,0.657
org.jfree.chart.util.RectangleInsets,403,0.657
org.jfree.chart.util.RectangleInsets,404,0.657
org.jfree.chart.util.RectangleInsets,407,0.657
org.jfree.chart.util.RectangleInsets,433,0.657
org.jfree.chart.util.RectangleInsets,434,0.657
org.jfree.chart.util.RectangleInsets,437,0.657
org.jfree.chart.util.RectangleInsets,463,0.657
org.jfree.chart.util.RectangleInsets,464,0.657
org.jfree.chart.util.RectangleInsets,467,0.657
org.jfree.chart.LegendItemCollection,67,0.65
org.jfree.chart.LegendItemCollection,68,0.65
org.jfree.chart.LegendItemCollection,69,0.65
org.jfree.chart.axis.ValueTick,69,0.65
org.jfree.chart.axis.ValueTick,70,0.65
org.jfree.chart.axis.ValueTick,72,0.65
org.jfree.chart.block.RectangleConstraint,190,0.65
org.jfree.chart.block.RectangleConstraint,217,0.65
org.jfree.chart.axis.CategoryAxis,224,0.65
org.jfree.chart.axis.CategoryAxis,250,0.65
org.jfree.chart.axis.Axis,342,0.65
org.jfree.chart.axis.CategoryAxis,665,0.65
org.jfree.chart.axis.CategoryAxis,666,0.65
org.jfree.chart.axis.CategoryAxis,668,0.65
org.jfree.chart.axis.CategoryAxis,675,0.65
org.jfree.chart.axis.CategoryAxis,683,0.65
org.jfree.chart.axis.CategoryAxis,816,0.65
org.jfree.chart.axis.CategoryAxis,820,0.65
org.jfree.chart.axis.CategoryAxis,821,0.65
org.jfree.chart.axis.CategoryAxis,825,0.65
org.jfree.chart.axis.CategoryAxis,826,0.65
org.jfree.chart.axis.CategoryAxis,858,0.65
org.jfree.chart.axis.CategoryAxis,862,0.65
org.jfree.chart.axis.CategoryAxis,863,0.65
org.jfree.chart.axis.CategoryAxis,864,0.65
org.jfree.chart.axis.CategoryAxis,866,0.65
org.jfree.chart.axis.CategoryAxis,867,0.65
org.jfree.chart.axis.CategoryAxis,868,0.65
org.jfree.chart.axis.CategoryAxis,938,0.65
org.jfree.chart.axis.CategoryAxis,942,0.65
org.jfree.chart.axis.CategoryAxis,955,0.65
org.jfree.chart.axis.Axis,1213,0.65
org.jfree.chart.axis.Axis,1214,0.65
org.jfree.chart.axis.Axis,1218,0.65
org.jfree.chart.axis.Axis,1230,0.65
org.jfree.chart.axis.Axis,1231,0.65
org.jfree.chart.axis.Axis,1232,0.65
org.jfree.chart.axis.Axis,1234,0.65
org.jfree.chart.plot.CategoryPlot,2719,0.65
org.jfree.chart.plot.CategoryPlot,2721,0.65
org.jfree.chart.plot.CategoryPlot,2722,0.65
org.jfree.chart.axis.NumberTickUnit,98,0.65
org.jfree.chart.axis.NumberAxis,309,0.65
org.jfree.chart.axis.NumberAxis,365,0.65
org.jfree.chart.axis.NumberAxis,525,0.65
org.jfree.chart.axis.NumberAxis,526,0.65
org.jfree.chart.axis.NumberAxis,527,0.65
org.jfree.chart.axis.NumberAxis,529,0.65
org.jfree.chart.axis.NumberAxis,530,0.65
org.jfree.chart.axis.NumberAxis,531,0.65
org.jfree.chart.axis.NumberAxis,539,0.65
org.jfree.chart.axis.NumberAxis,544,0.65
org.jfree.chart.axis.NumberAxis,599,0.65
org.jfree.chart.axis.NumberAxis,600,0.65
org.jfree.chart.axis.NumberAxis,601,0.65
org.jfree.chart.axis.NumberAxis,627,0.65
org.jfree.chart.axis.NumberAxis,628,0.65
org.jfree.chart.axis.NumberAxis,629,0.65
org.jfree.chart.axis.NumberAxis,1049,0.65
org.jfree.chart.axis.NumberAxis,1056,0.65
org.jfree.chart.axis.NumberAxis,1149,0.65
org.jfree.chart.axis.NumberAxis,1150,0.65
org.jfree.chart.axis.NumberAxis,1156,0.65
org.jfree.chart.axis.ValueAxis,1420,0.65
org.jfree.chart.axis.ValueAxis,1421,0.65
org.jfree.chart.axis.ValueAxis,1422,0.65
org.jfree.chart.util.Size2D,49,0.644
org.jfree.chart.util.Size2D,50,0.644
org.jfree.chart.util.RectangleEdge,114,0.644
org.jfree.chart.text.TextFragment,127,0.644
org.jfree.chart.text.TextFragment,128,0.644
org.jfree.chart.text.TextBlock,130,0.644
org.jfree.chart.text.TextBlock,131,0.644
org.jfree.chart.text.TextFragment,139,0.644
org.jfree.chart.text.TextFragment,140,0.644
org.jfree.chart.text.TextFragment,143,0.644
org.jfree.chart.text.TextFragment,146,0.644
org.jfree.chart.text.TextFragment,149,0.644
org.jfree.chart.text.TextFragment,150,0.644
org.jfree.chart.block.RectangleConstraint,151,0.644
org.jfree.chart.text.TextFragment,151,0.644
org.jfree.chart.block.RectangleConstraint,152,0.644
org.jfree.chart.text.TextFragment,152,0.644
org.jfree.chart.text.TextFragment,153,0.644
org.jfree.chart.block.RectangleConstraint,155,0.644
org.jfree.chart.block.RectangleConstraint,158,0.644
org.jfree.chart.block.RectangleConstraint,159,0.644
org.jfree.chart.block.RectangleConstraint,160,0.644
org.jfree.chart.block.RectangleConstraint,161,0.644
org.jfree.chart.block.RectangleConstraint,162,0.644
org.jfree.chart.block.RectangleConstraint,163,0.644
org.jfree.chart.block.RectangleConstraint,164,0.644
org.jfree.chart.axis.NumberAxis,343,0.643
org.jfree.chart.axis.NumberAxis,346,0.643
org.jfree.chart.axis.NumberAxis,347,0.643
org.jfree.chart.axis.NumberAxis,350,0.643
org.jfree.chart.axis.NumberAxis,354,0.643
org.jfree.chart.axis.CategoryAxis,1014,0.643
org.jfree.chart.axis.CategoryAxis,1016,0.643
org.jfree.chart.axis.CategoryAxis,1062,0.643
org.jfree.chart.axis.CategoryAxis,1063,0.643
org.jfree.chart.axis.CategoryAxis,1064,0.643
org.jfree.chart.axis.CategoryAxis,1066,0.643
org.jfree.chart.axis.CategoryAxis,1068,0.643
org.jfree.chart.axis.CategoryAxis,1070,0.643
org.jfree.chart.block.FlowArrangement,288,0.64
org.jfree.chart.util.Size2D,58,0.638
org.jfree.chart.util.Size2D,59,0.638
org.jfree.chart.util.Size2D,60,0.638
org.jfree.chart.util.Size2D,61,0.638
org.jfree.chart.text.TextBlock,87,0.632
org.jfree.chart.text.TextBlock,88,0.632
org.jfree.chart.text.TextBlock,89,0.632
org.jfree.chart.text.TextBlock,90,0.632
org.jfree.chart.block.CenterArrangement,66,0.631
org.jfree.chart.block.CenterArrangement,67,0.631
org.jfree.chart.block.CenterArrangement,80,0.631
org.jfree.chart.LegendItemCollection,97,0.631
org.jfree.chart.block.CenterArrangement,97,0.631
org.jfree.chart.block.CenterArrangement,98,0.631
org.jfree.chart.block.CenterArrangement,99,0.631
org.jfree.chart.block.CenterArrangement,100,0.631
org.jfree.chart.title.LegendItemBlockContainer,100,0.631
org.jfree.chart.block.CenterArrangement,101,0.631
org.jfree.chart.title.LegendItemBlockContainer,101,0.631
org.jfree.chart.title.LegendItemBlockContainer,102,0.631
org.jfree.chart.title.LegendItemBlockContainer,103,0.631
org.jfree.chart.block.LineBorder,116,0.631
org.jfree.chart.block.FlowArrangement,129,0.631
org.jfree.chart.block.FlowArrangement,130,0.631
org.jfree.chart.block.FlowArrangement,131,0.631
org.jfree.chart.block.LineBorder,134,0.631
org.jfree.chart.util.RectangleAnchor,140,0.631
org.jfree.chart.util.RectangleAnchor,141,0.631
org.jfree.chart.block.FlowArrangement,142,0.631
org.jfree.chart.util.RectangleAnchor,142,0.631
org.jfree.chart.title.LegendItemBlockContainer,146,0.631
org.jfree.chart.title.LegendItemBlockContainer,147,0.631
org.jfree.chart.block.LineBorder,150,0.631
org.jfree.chart.block.LineBorder,151,0.631
org.jfree.chart.block.LineBorder,152,0.631
org.jfree.chart.block.FlowArrangement,153,0.631
org.jfree.chart.block.LineBorder,153,0.631
org.jfree.chart.block.FlowArrangement,154,0.631
org.jfree.chart.block.LineBorder,154,0.631
org.jfree.chart.block.LineBorder,155,0.631
org.jfree.chart.block.LineBorder,156,0.631
org.jfree.chart.block.FlowArrangement,157,0.631
org.jfree.chart.block.LineBorder,157,0.631
org.jfree.chart.block.LineBorder,158,0.631
org.jfree.chart.block.LineBorder,159,0.631
org.jfree.chart.block.FlowArrangement,160,0.631
org.jfree.chart.block.LineBorder,160,0.631
org.jfree.chart.block.FlowArrangement,161,0.631
org.jfree.chart.block.LineBorder,161,0.631
org.jfree.chart.block.LineBorder,162,0.631
org.jfree.chart.block.LineBorder,163,0.631
org.jfree.chart.block.LineBorder,164,0.631
org.jfree.chart.block.LineBorder,165,0.631
org.jfree.chart.block.LineBorder,167,0.631
org.jfree.chart.block.LineBorder,168,0.631
