org.apache.commons.cli.ParserTestCase,875,0.816
org.apache.commons.cli.ParserTestCase,1010,0.667
org.apache.commons.cli.ParserTestCase,1037,0.667
org.apache.commons.cli.AlreadySelectedException,43,0.63
org.apache.commons.cli.AlreadySelectedException,44,0.63
org.apache.commons.cli.AlreadySelectedException,56,0.63
org.apache.commons.cli.AlreadySelectedException,58,0.63
org.apache.commons.cli.AlreadySelectedException,59,0.63
org.apache.commons.cli.AlreadySelectedException,60,0.63
org.apache.commons.cli.OptionGroup,105,0.63
org.apache.commons.cli.Parser,265,0.522
org.apache.commons.cli.Parser,270,0.522
org.apache.commons.cli.Parser,272,0.522
org.apache.commons.cli.Parser,103,0.487
org.apache.commons.cli.Parser,259,0.487
org.apache.commons.cli.Parser,261,0.487
org.apache.commons.cli.Parser,263,0.487
org.apache.commons.cli.ParserTestCase,877,0.471
org.apache.commons.cli.OptionGroup,114,0.43
org.apache.commons.cli.Parser,286,0.422
org.apache.commons.cli.OptionGroup,99,0.348
org.apache.commons.cli.OptionGroup,101,0.348
org.apache.commons.cli.OptionGroup,107,0.348
org.apache.commons.cli.CommandLine,211,0.344
org.apache.commons.cli.Parser,295,0.323
org.apache.commons.cli.Parser,296,0.323
org.apache.commons.cli.OptionGroup,89,0.309
org.apache.commons.cli.OptionGroup,92,0.309
org.apache.commons.cli.OptionGroup,93,0.309
org.apache.commons.cli.Parser,414,0.298
org.apache.commons.cli.Parser,416,0.298
org.apache.commons.cli.Parser,421,0.298
org.apache.commons.cli.OptionGroup,32,0.282
org.apache.commons.cli.OptionGroup,38,0.282
org.apache.commons.cli.OptionGroup,56,0.282
org.apache.commons.cli.OptionGroup,58,0.282
org.apache.commons.cli.Options,71,0.282
org.apache.commons.cli.Options,73,0.282
org.apache.commons.cli.OptionGroup,77,0.282
org.apache.commons.cli.Options,78,0.282
org.apache.commons.cli.Options,80,0.282
org.apache.commons.cli.Options,85,0.282
org.apache.commons.cli.Options,86,0.282
org.apache.commons.cli.Options,88,0.282
org.apache.commons.cli.Options,89,0.282
org.apache.commons.cli.Options,91,0.282
org.apache.commons.cli.OptionGroup,132,0.282
org.apache.commons.cli.DefaultParser,152,0.272
org.apache.commons.cli.DefaultParser,157,0.272
org.apache.commons.cli.DefaultParser,159,0.272
org.apache.commons.cli.Parser,156,0.267
org.apache.commons.cli.Parser,157,0.267
org.apache.commons.cli.Parser,158,0.267
org.apache.commons.cli.DefaultParser,146,0.252
org.apache.commons.cli.DefaultParser,148,0.252
org.apache.commons.cli.DefaultParser,150,0.252
org.apache.commons.cli.Parser,169,0.25
org.apache.commons.cli.CommandLine,70,0.247
org.apache.commons.cli.CommandLine,196,0.243
org.apache.commons.cli.CommandLine,197,0.243
org.apache.commons.cli.Options,214,0.225
org.apache.commons.cli.ParseException,36,0.213
org.apache.commons.cli.ParseException,37,0.213
org.apache.commons.cli.Util,51,0.204
org.apache.commons.cli.Options,207,0.202
org.apache.commons.cli.Options,209,0.202
org.apache.commons.cli.Util,46,0.193
org.apache.commons.cli.DefaultParser,166,0.192
org.apache.commons.cli.DefaultParser,623,0.192
org.apache.commons.cli.DefaultParser,625,0.192
org.apache.commons.cli.DefaultParser,630,0.192
org.apache.commons.cli.Options,195,0.192
org.apache.commons.cli.CommandLine,49,0.191
org.apache.commons.cli.CommandLine,52,0.191
org.apache.commons.cli.CommandLine,58,0.191
org.apache.commons.cli.CommandLine,60,0.191
org.apache.commons.cli.Options,101,0.191
org.apache.commons.cli.Util,42,0.191
org.apache.commons.cli.Util,38,0.191
org.apache.commons.cli.Parser,241,0.181
org.apache.commons.cli.Parser,254,0.181
org.apache.commons.cli.Options,132,0.177
org.apache.commons.cli.Options,134,0.177
org.apache.commons.cli.CommandLine,210,0.177
org.apache.commons.cli.Options,150,0.175
org.apache.commons.cli.Parser,172,0.172
org.apache.commons.cli.Parser,174,0.172
org.apache.commons.cli.Parser,177,0.172
org.apache.commons.cli.Option,208,0.171
org.apache.commons.cli.Parser,48,0.171
org.apache.commons.cli.Parser,49,0.171
org.apache.commons.cli.Parser,50,0.171
org.apache.commons.cli.Parser,54,0.171
org.apache.commons.cli.Parser,147,0.171
org.apache.commons.cli.Parser,154,0.171
org.apache.commons.cli.Parser,161,0.171
org.apache.commons.cli.Parser,163,0.171
org.apache.commons.cli.Parser,165,0.171
org.apache.commons.cli.Parser,167,0.171
org.apache.commons.cli.Options,46,0.168
org.apache.commons.cli.Options,52,0.168
org.apache.commons.cli.Options,55,0.168
org.apache.commons.cli.Options,58,0.168
org.apache.commons.cli.Options,61,0.168
org.apache.commons.cli.DefaultParser,109,0.167
org.apache.commons.cli.DefaultParser,110,0.167
org.apache.commons.cli.DefaultParser,111,0.167
org.apache.commons.cli.Option,163,0.166
org.apache.commons.cli.Options,145,0.166
org.apache.commons.cli.Options,148,0.166
org.apache.commons.cli.Options,154,0.166
org.apache.commons.cli.Option,158,0.166
org.apache.commons.cli.Options,163,0.166
org.apache.commons.cli.Options,165,0.166
org.apache.commons.cli.Option,247,0.166
org.apache.commons.cli.Option,288,0.165
org.apache.commons.cli.OptionValidator,62,0.163
org.apache.commons.cli.OptionValidator,56,0.163
org.apache.commons.cli.OptionValidator,58,0.163
org.apache.commons.cli.OptionValidator,87,0.163
org.apache.commons.cli.OptionValidator,54,0.162
org.apache.commons.cli.OptionValidator,77,0.162
org.apache.commons.cli.OptionValidator,98,0.162
org.apache.commons.cli.OptionValidator,48,0.162
org.apache.commons.cli.Option,57,0.162
org.apache.commons.cli.Option,69,0.162
org.apache.commons.cli.Option,75,0.162
org.apache.commons.cli.Option,122,0.162
org.apache.commons.cli.Option,124,0.162
org.apache.commons.cli.Option,126,0.162
org.apache.commons.cli.Option,127,0.162
org.apache.commons.cli.Option,130,0.162
org.apache.commons.cli.Option,135,0.162
org.apache.commons.cli.Option,136,0.162
org.apache.commons.cli.Options,185,0.161
org.apache.commons.cli.Option,132,0.161
org.apache.commons.cli.CommandLine,205,0.16
org.apache.commons.cli.DefaultParser,174,0.149
org.apache.commons.cli.CommandLine,199,0.144
org.apache.commons.cli.CommandLine,200,0.144
org.apache.commons.cli.Parser,35,0.132
org.apache.commons.cli.Util,48,0.125
org.apache.commons.cli.Option,298,0.123
org.apache.commons.cli.Option,299,0.123
org.apache.commons.cli.Options,211,0.119
org.apache.commons.cli.Option,642,0.118
org.apache.commons.cli.Option,643,0.118
org.apache.commons.cli.Option,644,0.118
org.apache.commons.cli.CommandLine,359,0.116
org.apache.commons.cli.CommandLine,360,0.116
org.apache.commons.cli.Option,178,0.115
org.apache.commons.cli.BasicParser,46,0.114
org.apache.commons.cli.Options,293,0.112
org.apache.commons.cli.Parser,210,0.11
org.apache.commons.cli.Parser,393,0.11
org.apache.commons.cli.Parser,394,0.11
org.apache.commons.cli.DefaultParser,75,0.11
org.apache.commons.cli.Parser,381,0.109
org.apache.commons.cli.Parser,384,0.109
org.apache.commons.cli.Parser,387,0.109
org.apache.commons.cli.Parser,372,0.107
org.apache.commons.cli.Parser,375,0.107
org.apache.commons.cli.Option,257,0.107
org.apache.commons.cli.Parser,226,0.106
org.apache.commons.cli.Parser,239,0.106
org.apache.commons.cli.Parser,203,0.105
org.apache.commons.cli.Parser,188,0.104
org.apache.commons.cli.Parser,201,0.104
org.apache.commons.cli.Parser,405,0.104
org.apache.commons.cli.Parser,412,0.104
org.apache.commons.cli.Parser,423,0.104
org.apache.commons.cli.Parser,179,0.104
org.apache.commons.cli.Parser,182,0.104
org.apache.commons.cli.GnuParser,52,0.103
org.apache.commons.cli.GnuParser,54,0.103
org.apache.commons.cli.GnuParser,56,0.103
org.apache.commons.cli.GnuParser,112,0.103
org.apache.commons.cli.Options,251,0.102
org.apache.commons.cli.Options,253,0.102
org.apache.commons.cli.Option,91,0.1
org.apache.commons.cli.Option,92,0.1
org.apache.commons.cli.DefaultParser,124,0.098
org.apache.commons.cli.DefaultParser,127,0.098
org.apache.commons.cli.DefaultParser,141,0.098
org.apache.commons.cli.Parser,149,0.098
org.apache.commons.cli.Parser,150,0.098
org.apache.commons.cli.Parser,151,0.098
org.apache.commons.cli.Option,660,0.098
org.apache.commons.cli.Option,661,0.098
org.apache.commons.cli.PosixParser,177,0.096
org.apache.commons.cli.PosixParser,54,0.094
org.apache.commons.cli.PosixParser,55,0.094
org.apache.commons.cli.PosixParser,56,0.094
org.apache.commons.cli.PosixParser,98,0.094
org.apache.commons.cli.PosixParser,99,0.094
org.apache.commons.cli.PosixParser,102,0.094
org.apache.commons.cli.PosixParser,105,0.094
org.apache.commons.cli.DefaultParser,202,0.092
org.apache.commons.cli.DefaultParser,206,0.092
org.apache.commons.cli.BasicParser,28,0.088
org.apache.commons.cli.DefaultParser,33,0.088
org.apache.commons.cli.DefaultParser,100,0.088
org.apache.commons.cli.DefaultParser,101,0.088
org.apache.commons.cli.DefaultParser,102,0.088
org.apache.commons.cli.DefaultParser,103,0.088
org.apache.commons.cli.DefaultParser,104,0.088
org.apache.commons.cli.DefaultParser,107,0.088
org.apache.commons.cli.DefaultParser,113,0.088
org.apache.commons.cli.DefaultParser,115,0.088
org.apache.commons.cli.GnuParser,31,0.084
org.apache.commons.cli.PosixParser,148,0.079
org.apache.commons.cli.PosixParser,235,0.078
org.apache.commons.cli.PosixParser,228,0.077
org.apache.commons.cli.PosixParser,233,0.077
org.apache.commons.cli.PosixParser,238,0.077
org.apache.commons.cli.PosixParser,239,0.077
org.apache.commons.cli.PosixParser,146,0.072
org.apache.commons.cli.PosixParser,144,0.071
org.apache.commons.cli.PosixParser,174,0.067
org.apache.commons.cli.PosixParser,175,0.067
org.apache.commons.cli.PosixParser,187,0.067
org.apache.commons.cli.PosixParser,194,0.067
org.apache.commons.cli.DefaultParser,473,0.067
org.apache.commons.cli.PosixParser,108,0.066
org.apache.commons.cli.PosixParser,111,0.066
org.apache.commons.cli.PosixParser,117,0.066
org.apache.commons.cli.DefaultParser,471,0.065
org.apache.commons.cli.DefaultParser,604,0.064
org.apache.commons.cli.PosixParser,33,0.064
org.apache.commons.cli.PosixParser,36,0.064
org.apache.commons.cli.GnuParser,75,0.061
org.apache.commons.cli.DefaultParser,236,0.056
org.apache.commons.cli.Options,279,0.056
org.apache.commons.cli.Options,281,0.056
org.apache.commons.cli.DefaultParser,550,0.056
org.apache.commons.cli.GnuParser,58,0.055
org.apache.commons.cli.GnuParser,60,0.055
org.apache.commons.cli.GnuParser,65,0.055
org.apache.commons.cli.GnuParser,69,0.055
org.apache.commons.cli.GnuParser,71,0.055
org.apache.commons.cli.GnuParser,73,0.055
org.apache.commons.cli.GnuParser,97,0.055
org.apache.commons.cli.GnuParser,103,0.055
org.apache.commons.cli.DefaultParser,464,0.052
org.apache.commons.cli.DefaultParser,466,0.052
org.apache.commons.cli.DefaultParser,468,0.052
org.apache.commons.cli.DefaultParser,234,0.051
org.apache.commons.cli.DefaultParser,119,0.05
org.apache.commons.cli.DefaultParser,243,0.05
org.apache.commons.cli.DefaultParser,247,0.05
org.apache.commons.cli.DefaultParser,590,0.048
org.apache.commons.cli.DefaultParser,592,0.048
org.apache.commons.cli.DefaultParser,594,0.048
org.apache.commons.cli.DefaultParser,596,0.048
org.apache.commons.cli.DefaultParser,598,0.048
org.apache.commons.cli.DefaultParser,606,0.048
org.apache.commons.cli.DefaultParser,615,0.048
org.apache.commons.cli.DefaultParser,621,0.048
org.apache.commons.cli.DefaultParser,632,0.048
org.apache.commons.cli.DefaultParser,117,0.046
org.apache.commons.cli.DefaultParser,216,0.046
org.apache.commons.cli.DefaultParser,218,0.046
org.apache.commons.cli.DefaultParser,222,0.046
org.apache.commons.cli.DefaultParser,226,0.046
org.apache.commons.cli.DefaultParser,230,0.046
org.apache.commons.cli.OptionValidator,50,0.043
org.apache.commons.cli.Option,160,0.043
