com.google.javascript.jscomp.RhinoErrorReporter,66,0.996
com.google.javascript.jscomp.RhinoErrorReporter,67,0.996
com.google.javascript.jscomp.RhinoErrorReporter,98,0.996
com.google.javascript.jscomp.RhinoErrorReporter,102,0.996
com.google.javascript.jscomp.Compiler,1551,0.996
com.google.javascript.jscomp.Compiler,1552,0.996
com.google.javascript.jscomp.mozilla.rhino.ScriptRuntime,3639,0.995
com.google.javascript.jscomp.mozilla.rhino.Context,379,0.995
com.google.javascript.jscomp.mozilla.rhino.Context,380,0.995
com.google.javascript.jscomp.mozilla.rhino.ScriptRuntime,3691,0.995
com.google.javascript.jscomp.mozilla.rhino.ScriptRuntime,3700,0.995
com.google.javascript.jscomp.mozilla.rhino.ScriptRuntime,3703,0.995
com.google.javascript.jscomp.mozilla.rhino.ScriptRuntime,3704,0.995
com.google.javascript.jscomp.mozilla.rhino.ScriptRuntime,3707,0.995
com.google.javascript.jscomp.mozilla.rhino.ScriptRuntime,3711,0.995
com.google.javascript.jscomp.mozilla.rhino.ScriptRuntime,3715,0.995
com.google.javascript.jscomp.mozilla.rhino.ScriptRuntime,3722,0.995
com.google.javascript.jscomp.mozilla.rhino.ScriptRuntime,3723,0.995
com.google.javascript.jscomp.mozilla.rhino.jdk13.VMBridge_jdk13,66,0.988
com.google.javascript.jscomp.mozilla.rhino.jdk13.VMBridge_jdk13,67,0.988
com.google.javascript.jscomp.mozilla.rhino.jdk13.VMBridge_jdk13,71,0.988
com.google.javascript.jscomp.mozilla.rhino.jdk13.VMBridge_jdk13,77,0.988
com.google.javascript.jscomp.mozilla.rhino.jdk13.VMBridge_jdk13,78,0.988
com.google.javascript.rhino.ScriptRuntime,422,0.986
com.google.javascript.rhino.Context,400,0.986
com.google.javascript.rhino.ScriptRuntime,458,0.986
com.google.javascript.rhino.ScriptRuntime,461,0.986
com.google.javascript.rhino.ScriptRuntime,462,0.986
com.google.javascript.rhino.ScriptRuntime,465,0.986
com.google.javascript.rhino.ScriptRuntime,469,0.986
com.google.javascript.rhino.ScriptRuntime,473,0.986
com.google.javascript.rhino.ScriptRuntime,481,0.986
com.google.javascript.rhino.ScriptRuntime,482,0.986
com.google.javascript.jscomp.CompilerTestCase,963,0.723
com.google.javascript.jscomp.CompilerTestCase,964,0.723
com.google.javascript.jscomp.CompilerTestCase,140,0.712
com.google.javascript.jscomp.CompilerTestCase,144,0.712
com.google.javascript.jscomp.CompilerTestCase,146,0.712
com.google.javascript.jscomp.CompilerTestCase,365,0.7
com.google.javascript.jscomp.CompilerTestCase,366,0.7
com.google.javascript.jscomp.CompilerTestCase,368,0.7
com.google.javascript.jscomp.CompilerTestCase,306,0.668
com.google.javascript.jscomp.CompilerTestCase,275,0.66
com.google.javascript.jscomp.CompilerTestCase,263,0.632
com.google.javascript.jscomp.CompilerTypeTestCase,61,0.571
com.google.javascript.jscomp.CompilerTypeTestCase,62,0.571
com.google.javascript.jscomp.CompilerTypeTestCase,69,0.571
com.google.javascript.jscomp.CompilerTypeTestCase,70,0.571
com.google.javascript.jscomp.CompilerTestCase,193,0.517
com.google.javascript.jscomp.CompilerTestCase,194,0.517
com.google.javascript.jscomp.Compiler,197,0.393
com.google.javascript.jscomp.Compiler,199,0.393
com.google.javascript.jscomp.Compiler,200,0.393
com.google.javascript.jscomp.Compiler,216,0.393
com.google.javascript.jscomp.Compiler,217,0.393
com.google.javascript.jscomp.Compiler,230,0.393
com.google.javascript.jscomp.Compiler,231,0.393
com.google.javascript.jscomp.Compiler,1606,0.393
com.google.javascript.jscomp.CompilerOptions,911,0.392
com.google.javascript.jscomp.Compiler,207,0.392
com.google.javascript.jscomp.Compiler,208,0.392
com.google.javascript.jscomp.Compiler,218,0.392
com.google.javascript.jscomp.ErrorFormat,38,0.392
com.google.javascript.jscomp.ErrorFormat,40,0.392
com.google.javascript.jscomp.ErrorFormat,41,0.392
com.google.javascript.jscomp.Compiler,219,0.392
com.google.javascript.jscomp.AbstractMessageFormatter,37,0.387
com.google.javascript.jscomp.AbstractMessageFormatter,38,0.387
com.google.javascript.jscomp.CompilerTestCase,491,0.379
com.google.javascript.jscomp.SourceFile,110,0.375
com.google.javascript.jscomp.SourceFile,111,0.375
com.google.javascript.jscomp.SourceFile,118,0.375
com.google.javascript.jscomp.SourceFile,119,0.375
com.google.javascript.jscomp.SourceFile,136,0.375
com.google.javascript.jscomp.SourceFile,252,0.375
com.google.javascript.jscomp.SourceFile,40,0.375
com.google.javascript.jscomp.JSSourceFile,55,0.375
com.google.javascript.jscomp.CompilerTestCase,224,0.32
com.google.javascript.jscomp.CompilerTestCase,225,0.32
com.google.javascript.jscomp.CompilerTestCase,226,0.32
com.google.javascript.jscomp.Compiler,1171,0.304
com.google.javascript.jscomp.Compiler,1174,0.304
com.google.javascript.jscomp.Compiler,1185,0.285
com.google.javascript.jscomp.CompilerTestCase,212,0.257
com.google.javascript.jscomp.CompilerTestCase,213,0.257
com.google.javascript.jscomp.JSModule,103,0.253
com.google.javascript.jscomp.JSModule,104,0.253
com.google.javascript.jscomp.JSModule,105,0.253
com.google.javascript.jscomp.CompilerInput,288,0.253
com.google.javascript.jscomp.CompilerInput,290,0.253
com.google.javascript.jscomp.CompilerInput,291,0.253
com.google.javascript.jscomp.JSModule,93,0.252
com.google.javascript.jscomp.JSModule,94,0.252
com.google.javascript.jscomp.Compiler,297,0.213
com.google.javascript.jscomp.Compiler,267,0.211
com.google.javascript.jscomp.Compiler,268,0.211
com.google.javascript.jscomp.Compiler,272,0.211
com.google.javascript.jscomp.Compiler,269,0.202
com.google.javascript.jscomp.Compiler,270,0.202
com.google.javascript.jscomp.Compiler,889,0.185
com.google.javascript.jscomp.Compiler,890,0.185
com.google.javascript.jscomp.Compiler,258,0.178
com.google.javascript.jscomp.CompilerTestCase,564,0.149
com.google.javascript.jscomp.CompilerTestCase,567,0.149
com.google.javascript.jscomp.CompilerTestCase,478,0.147
com.google.javascript.jscomp.CompilerTestCase,479,0.147
com.google.javascript.jscomp.CompilerTestCase,481,0.147
com.google.javascript.jscomp.CompilerTestCase,342,0.147
com.google.javascript.jscomp.CompilerTestCase,345,0.147
com.google.javascript.jscomp.CompilerTestCase,530,0.144
com.google.javascript.jscomp.CompilerTestCase,942,0.143
com.google.javascript.jscomp.CompilerTestCase,943,0.143
com.google.javascript.jscomp.CompilerTestCase,944,0.143
com.google.javascript.jscomp.CompilerTestCase,945,0.143
com.google.javascript.jscomp.CompilerTestCase,947,0.143
com.google.javascript.jscomp.JSModule,122,0.141
com.google.javascript.jscomp.JSModule,123,0.141
com.google.javascript.jscomp.JSModule,124,0.141
com.google.javascript.jscomp.CompilerTestCase,322,0.138
com.google.javascript.jscomp.CompilerTestCase,450,0.127
com.google.javascript.jscomp.CompilerTestCase,463,0.127
com.google.javascript.jscomp.CompilerTestCase,371,0.123
com.google.javascript.jscomp.CompilerTestCase,372,0.123
com.google.javascript.jscomp.CompilerTestCase,432,0.103
com.google.javascript.jscomp.CompilerTestCase,433,0.103
com.google.javascript.jscomp.CompilerTestCase,435,0.103
com.google.javascript.jscomp.CompilerTestCase,436,0.103
com.google.javascript.jscomp.CompilerTestCase,439,0.103
com.google.javascript.jscomp.CompilerTestCase,437,0.102
com.google.javascript.jscomp.CompilerTestCase,903,0.097
com.google.javascript.jscomp.CompilerTestCase,904,0.097
com.google.javascript.jscomp.CompilerTestCase,905,0.097
com.google.javascript.jscomp.CompilerTestCase,907,0.097
com.google.javascript.jscomp.Tracer,239,0.095
com.google.javascript.jscomp.Tracer,421,0.095
com.google.javascript.jscomp.Tracer,423,0.095
com.google.javascript.jscomp.Tracer,425,0.095
com.google.javascript.jscomp.Tracer,426,0.095
com.google.javascript.jscomp.Tracer,453,0.095
com.google.javascript.jscomp.Tracer,967,0.095
com.google.javascript.jscomp.Tracer,968,0.095
com.google.javascript.jscomp.Tracer,973,0.095
com.google.javascript.jscomp.BasicErrorManager,55,0.095
com.google.javascript.jscomp.BasicErrorManager,58,0.095
com.google.javascript.jscomp.BasicErrorManager,59,0.095
com.google.javascript.jscomp.BasicErrorManager,93,0.095
com.google.javascript.jscomp.Tracer,757,0.095
com.google.javascript.jscomp.LoggerErrorManager,63,0.095
com.google.javascript.jscomp.LoggerErrorManager,65,0.095
com.google.javascript.jscomp.LoggerErrorManager,69,0.095
com.google.javascript.jscomp.LoggerErrorManager,74,0.095
com.google.javascript.jscomp.Compiler,818,0.095
com.google.javascript.jscomp.Compiler,820,0.095
com.google.javascript.jscomp.Compiler,823,0.095
com.google.javascript.jscomp.Compiler,827,0.095
com.google.javascript.jscomp.Compiler,828,0.095
com.google.javascript.jscomp.Compiler,831,0.095
com.google.javascript.jscomp.CodeChangeHandler,43,0.095
com.google.javascript.jscomp.CompilerOptions,1028,0.095
com.google.javascript.jscomp.Compiler,463,0.094
com.google.javascript.jscomp.Compiler,474,0.094
com.google.javascript.jscomp.Compiler,477,0.094
com.google.javascript.jscomp.Compiler,484,0.094
com.google.javascript.jscomp.Compiler,485,0.094
com.google.javascript.jscomp.Compiler,486,0.094
com.google.javascript.jscomp.CompilerTestCase,185,0.093
com.google.javascript.jscomp.CompilerTestCase,186,0.093
com.google.javascript.jscomp.CompilerTestCase,187,0.093
com.google.javascript.jscomp.CompilerTestCase,399,0.092
com.google.javascript.jscomp.CompilerTestCase,414,0.092
com.google.javascript.jscomp.CompilerTestCase,891,0.091
com.google.javascript.jscomp.CompilerTestCase,892,0.091
com.google.javascript.jscomp.CompilerTestCase,893,0.091
com.google.javascript.jscomp.CompilerTestCase,895,0.091
com.google.javascript.jscomp.BasicErrorManager,73,0.087
com.google.javascript.jscomp.BasicErrorManager,77,0.087
com.google.javascript.jscomp.Compiler,1180,0.087
com.google.javascript.jscomp.CompilerOptions,937,0.085
com.google.javascript.jscomp.CompilerOptions,938,0.085
com.google.javascript.jscomp.CompilationLevel,52,0.085
com.google.javascript.jscomp.CommandLineRunner,82,0.085
com.google.javascript.jscomp.CommandLineRunner,82,0.085
com.google.javascript.jscomp.CommandLineRunner,82,0.085
com.google.javascript.jscomp.CommandLineRunner,82,0.085
com.google.javascript.jscomp.CommandLineRunner,82,0.085
com.google.javascript.jscomp.CommandLineRunner,82,0.085
com.google.javascript.jscomp.CommandLineRunner,82,0.085
com.google.javascript.jscomp.CommandLineRunner,82,0.085
com.google.javascript.jscomp.CommandLineRunner,82,0.085
com.google.javascript.jscomp.CommandLineRunner,82,0.085
com.google.javascript.jscomp.CommandLineRunner,82,0.085
com.google.javascript.jscomp.CommandLineRunner,82,0.085
com.google.javascript.jscomp.CommandLineRunner,82,0.085
com.google.javascript.jscomp.CommandLineRunner,82,0.085
com.google.javascript.jscomp.CommandLineRunner,82,0.085
com.google.javascript.jscomp.CommandLineRunner,82,0.085
com.google.javascript.jscomp.CommandLineRunner,82,0.085
com.google.javascript.jscomp.CommandLineRunner,82,0.085
com.google.javascript.jscomp.CommandLineRunner,82,0.085
com.google.javascript.jscomp.CommandLineRunner,82,0.085
com.google.javascript.jscomp.CommandLineRunner,82,0.085
com.google.javascript.jscomp.CommandLineRunner,82,0.085
com.google.javascript.jscomp.CommandLineRunner,82,0.085
com.google.javascript.jscomp.CommandLineRunner,82,0.085
com.google.javascript.jscomp.CommandLineRunner,82,0.085
com.google.javascript.jscomp.CommandLineRunner,82,0.085
com.google.javascript.jscomp.CommandLineRunner,82,0.085
com.google.javascript.jscomp.CommandLineRunner,82,0.085
com.google.javascript.jscomp.CommandLineRunner,82,0.085
com.google.javascript.jscomp.CommandLineRunner,82,0.085
com.google.javascript.jscomp.CommandLineRunner,82,0.085
com.google.javascript.jscomp.AbstractCommandLineRunner,134,0.085
com.google.javascript.jscomp.AbstractCommandLineRunner,136,0.085
com.google.javascript.jscomp.AbstractCommandLineRunner,137,0.085
com.google.javascript.jscomp.AbstractCommandLineRunner,138,0.085
com.google.javascript.jscomp.AbstractCommandLineRunner,139,0.085
com.google.javascript.jscomp.AbstractCommandLineRunner,140,0.085
com.google.javascript.jscomp.AbstractCommandLineRunner,141,0.085
com.google.javascript.jscomp.AbstractCommandLineRunner,147,0.085
com.google.javascript.jscomp.AbstractCommandLineRunner,154,0.085
com.google.javascript.jscomp.AbstractCommandLineRunner,232,0.085
com.google.javascript.jscomp.AbstractCommandLineRunner,240,0.085
com.google.javascript.jscomp.AbstractCommandLineRunner,241,0.085
com.google.javascript.jscomp.AbstractCommandLineRunner,242,0.085
com.google.javascript.jscomp.AbstractCommandLineRunner,247,0.085
com.google.javascript.jscomp.AbstractCommandLineRunner,248,0.085
com.google.javascript.jscomp.AbstractCommandLineRunner,249,0.085
com.google.javascript.jscomp.AbstractCommandLineRunner,256,0.085
com.google.javascript.jscomp.AbstractCommandLineRunner,257,0.085
com.google.javascript.jscomp.AbstractCommandLineRunner,260,0.085
com.google.javascript.jscomp.AbstractCommandLineRunner,264,0.085
com.google.javascript.jscomp.AbstractCommandLineRunner,265,0.085
com.google.javascript.jscomp.AbstractCommandLineRunner,269,0.085
com.google.javascript.jscomp.AbstractCommandLineRunner,276,0.085
com.google.javascript.jscomp.AbstractCommandLineRunner,554,0.085
com.google.javascript.jscomp.AbstractCommandLineRunner,556,0.085
com.google.javascript.jscomp.AbstractCommandLineRunner,558,0.085
com.google.javascript.jscomp.AbstractCommandLineRunner,559,0.085
com.google.javascript.jscomp.AbstractCommandLineRunner,748,0.085
com.google.javascript.jscomp.AbstractCommandLineRunner,1126,0.085
com.google.javascript.jscomp.AbstractCommandLineRunner,1127,0.085
com.google.javascript.jscomp.AbstractCommandLineRunner,1128,0.085
com.google.javascript.jscomp.AbstractCommandLineRunner,1116,0.085
com.google.javascript.jscomp.PhaseOptimizer,98,0.085
com.google.javascript.jscomp.PhaseOptimizer,99,0.085
com.google.javascript.jscomp.CommandLineRunner,419,0.085
com.google.javascript.jscomp.CommandLineRunner,456,0.085
com.google.javascript.jscomp.CommandLineRunner,457,0.085
com.google.javascript.jscomp.CommandLineRunner,458,0.085
com.google.javascript.jscomp.CommandLineRunner,459,0.085
com.google.javascript.jscomp.CommandLineRunner,476,0.085
com.google.javascript.jscomp.CommandLineRunner,482,0.085
com.google.javascript.jscomp.CommandLineRunner,483,0.085
com.google.javascript.jscomp.CommandLineRunner,484,0.085
com.google.javascript.jscomp.Compiler,1766,0.085
com.google.javascript.jscomp.Compiler,1767,0.085
com.google.javascript.jscomp.AbstractCommandLineRunner,1175,0.085
com.google.javascript.jscomp.AbstractCommandLineRunner,1176,0.085
com.google.javascript.jscomp.AbstractCommandLineRunner,1186,0.085
com.google.javascript.jscomp.AbstractCommandLineRunner,1187,0.085
com.google.javascript.jscomp.AbstractCommandLineRunner,1197,0.085
com.google.javascript.jscomp.AbstractCommandLineRunner,1198,0.085
com.google.javascript.jscomp.AbstractCommandLineRunner,1205,0.085
com.google.javascript.jscomp.AbstractCommandLineRunner,1206,0.085
com.google.javascript.jscomp.AbstractCommandLineRunner,1213,0.085
com.google.javascript.jscomp.AbstractCommandLineRunner,1214,0.085
com.google.javascript.jscomp.AbstractCommandLineRunner,1225,0.085
com.google.javascript.jscomp.AbstractCommandLineRunner,1226,0.085
com.google.javascript.jscomp.AbstractCommandLineRunner,1235,0.085
com.google.javascript.jscomp.AbstractCommandLineRunner,1236,0.085
com.google.javascript.jscomp.AbstractCommandLineRunner,1237,0.085
com.google.javascript.jscomp.AbstractCommandLineRunner,1246,0.085
com.google.javascript.jscomp.AbstractCommandLineRunner,1247,0.085
com.google.javascript.jscomp.AbstractCommandLineRunner,1248,0.085
com.google.javascript.jscomp.AbstractCommandLineRunner,1257,0.085
com.google.javascript.jscomp.AbstractCommandLineRunner,1258,0.085
com.google.javascript.jscomp.AbstractCommandLineRunner,1272,0.085
com.google.javascript.jscomp.AbstractCommandLineRunner,1273,0.085
com.google.javascript.jscomp.AbstractCommandLineRunner,1274,0.085
com.google.javascript.jscomp.AbstractCommandLineRunner,1284,0.085
com.google.javascript.jscomp.AbstractCommandLineRunner,1285,0.085
com.google.javascript.jscomp.AbstractCommandLineRunner,1295,0.085
com.google.javascript.jscomp.AbstractCommandLineRunner,1296,0.085
com.google.javascript.jscomp.AbstractCommandLineRunner,1306,0.085
com.google.javascript.jscomp.AbstractCommandLineRunner,1307,0.085
com.google.javascript.jscomp.AbstractCommandLineRunner,1320,0.085
com.google.javascript.jscomp.AbstractCommandLineRunner,1321,0.085
com.google.javascript.jscomp.AbstractCommandLineRunner,1331,0.085
com.google.javascript.jscomp.AbstractCommandLineRunner,1332,0.085
com.google.javascript.jscomp.AbstractCommandLineRunner,1341,0.085
com.google.javascript.jscomp.AbstractCommandLineRunner,1342,0.085
com.google.javascript.jscomp.AbstractCommandLineRunner,1355,0.085
com.google.javascript.jscomp.AbstractCommandLineRunner,1356,0.085
com.google.javascript.jscomp.AbstractCommandLineRunner,1366,0.085
com.google.javascript.jscomp.AbstractCommandLineRunner,1367,0.085
com.google.javascript.jscomp.AbstractCommandLineRunner,1377,0.085
com.google.javascript.jscomp.AbstractCommandLineRunner,1378,0.085
com.google.javascript.jscomp.AbstractCommandLineRunner,1390,0.085
com.google.javascript.jscomp.AbstractCommandLineRunner,1391,0.085
com.google.javascript.jscomp.AbstractCommandLineRunner,1392,0.085
com.google.javascript.jscomp.AbstractCommandLineRunner,1403,0.085
com.google.javascript.jscomp.AbstractCommandLineRunner,1404,0.085
com.google.javascript.jscomp.AbstractCommandLineRunner,1417,0.085
com.google.javascript.jscomp.AbstractCommandLineRunner,1418,0.085
com.google.javascript.jscomp.AbstractCommandLineRunner,1449,0.085
com.google.javascript.jscomp.AbstractCommandLineRunner,1450,0.085
com.google.javascript.jscomp.AbstractCommandLineRunner,1451,0.085
com.google.javascript.jscomp.AbstractCommandLineRunner,1460,0.085
com.google.javascript.jscomp.AbstractCommandLineRunner,1461,0.085
com.google.javascript.jscomp.AbstractCommandLineRunner,1462,0.085
com.google.javascript.jscomp.AbstractCommandLineRunner,1471,0.085
com.google.javascript.jscomp.AbstractCommandLineRunner,1472,0.085
com.google.javascript.jscomp.AbstractCommandLineRunner,1473,0.085
com.google.javascript.jscomp.AbstractCommandLineRunner,1486,0.085
com.google.javascript.jscomp.AbstractCommandLineRunner,1487,0.085
com.google.javascript.jscomp.AbstractCommandLineRunner,1488,0.085
com.google.javascript.jscomp.AbstractCommandLineRunner,1497,0.085
com.google.javascript.jscomp.AbstractCommandLineRunner,1498,0.085
com.google.javascript.jscomp.AbstractCommandLineRunner,1508,0.085
com.google.javascript.jscomp.AbstractCommandLineRunner,1509,0.085
com.google.javascript.jscomp.AbstractCommandLineRunner,1518,0.085
com.google.javascript.jscomp.AbstractCommandLineRunner,1519,0.085
com.google.javascript.jscomp.AbstractCommandLineRunner,1170,0.085
com.google.javascript.jscomp.AbstractCommandLineRunner,1170,0.085
org.kohsuke.args4j.CmdLineParser,133,0.084
org.kohsuke.args4j.CmdLineParser,134,0.084
org.kohsuke.args4j.CmdLineParser,135,0.084
org.kohsuke.args4j.CmdLineParser,138,0.084
org.kohsuke.args4j.CmdLineParser,155,0.084
org.kohsuke.args4j.CmdLineParser,156,0.084
org.kohsuke.args4j.CmdLineParser,157,0.084
org.kohsuke.args4j.CmdLineParser,158,0.084
org.kohsuke.args4j.CmdLineParser,160,0.084
org.kohsuke.args4j.CmdLineParser,161,0.084
org.kohsuke.args4j.CmdLineParser,164,0.084
org.kohsuke.args4j.CmdLineParser,167,0.084
org.kohsuke.args4j.CmdLineParser,177,0.084
org.kohsuke.args4j.CmdLineParser,178,0.084
org.kohsuke.args4j.CmdLineParser,182,0.084
org.kohsuke.args4j.CmdLineParser,183,0.084
org.kohsuke.args4j.CmdLineParser,184,0.084
org.kohsuke.args4j.CmdLineParser,186,0.084
org.kohsuke.args4j.CmdLineParser,187,0.084
org.kohsuke.args4j.CmdLineParser,189,0.084
org.kohsuke.args4j.CmdLineParser,190,0.084
org.kohsuke.args4j.CmdLineParser,194,0.084
org.kohsuke.args4j.CmdLineParser,424,0.084
org.kohsuke.args4j.CmdLineParser,426,0.084
org.kohsuke.args4j.CmdLineParser,427,0.084
org.kohsuke.args4j.CmdLineParser,429,0.084
org.kohsuke.args4j.CmdLineParser,430,0.084
org.kohsuke.args4j.CmdLineParser,431,0.084
org.kohsuke.args4j.CmdLineParser,432,0.084
org.kohsuke.args4j.CmdLineParser,434,0.084
org.kohsuke.args4j.CmdLineParser,436,0.084
org.kohsuke.args4j.CmdLineParser,442,0.084
org.kohsuke.args4j.CmdLineParser,443,0.084
org.kohsuke.args4j.CmdLineParser,454,0.084
org.kohsuke.args4j.CmdLineParser,455,0.084
org.kohsuke.args4j.CmdLineParser,456,0.084
org.kohsuke.args4j.CmdLineParser,457,0.084
org.kohsuke.args4j.CmdLineParser,460,0.084
org.kohsuke.args4j.CmdLineParser,461,0.084
org.kohsuke.args4j.CmdLineParser,465,0.084
org.kohsuke.args4j.CmdLineParser,468,0.084
org.kohsuke.args4j.CmdLineParser,486,0.084
org.kohsuke.args4j.CmdLineParser,487,0.084
org.kohsuke.args4j.CmdLineParser,488,0.084
org.kohsuke.args4j.CmdLineParser,489,0.084
org.kohsuke.args4j.CmdLineParser,491,0.084
org.kohsuke.args4j.CmdLineParser,492,0.084
org.kohsuke.args4j.CmdLineParser,496,0.084
org.kohsuke.args4j.CmdLineParser,497,0.084
org.kohsuke.args4j.CmdLineParser,515,0.084
org.kohsuke.args4j.CmdLineParser,553,0.084
org.kohsuke.args4j.OptionDef,40,0.084
org.kohsuke.args4j.OptionDef,44,0.084
org.kohsuke.args4j.MultiValueFieldSetter,29,0.084
org.kohsuke.args4j.MultiValueFieldSetter,34,0.084
org.kohsuke.args4j.MultiValueFieldSetter,35,0.084
org.kohsuke.args4j.MultiValueFieldSetter,36,0.084
org.kohsuke.args4j.MultiValueFieldSetter,37,0.084
org.kohsuke.args4j.MultiValueFieldSetter,38,0.084
org.kohsuke.args4j.MultiValueFieldSetter,39,0.084
org.kohsuke.args4j.MultiValueFieldSetter,46,0.084
org.kohsuke.args4j.MultiValueFieldSetter,49,0.084
org.kohsuke.args4j.MultiValueFieldSetter,51,0.084
org.kohsuke.args4j.MultiValueFieldSetter,54,0.084
org.kohsuke.args4j.MultiValueFieldSetter,56,0.084
org.kohsuke.args4j.MultiValueFieldSetter,59,0.084
org.kohsuke.args4j.MultiValueFieldSetter,60,0.084
org.kohsuke.args4j.MultiValueFieldSetter,64,0.084
org.kohsuke.args4j.MultiValueFieldSetter,67,0.084
org.kohsuke.args4j.MultiValueFieldSetter,68,0.084
org.kohsuke.args4j.FieldSetter,22,0.084
org.kohsuke.args4j.FieldSetter,26,0.084
org.kohsuke.args4j.FieldSetter,31,0.084
org.kohsuke.args4j.FieldSetter,34,0.084
org.kohsuke.args4j.FieldSetter,36,0.084
org.kohsuke.args4j.FieldSetter,39,0.084
org.kohsuke.args4j.FieldSetter,41,0.084
org.kohsuke.args4j.spi.StringOptionHandler,19,0.084
org.kohsuke.args4j.spi.StringOptionHandler,20,0.084
com.google.javascript.jscomp.CommandLineRunner,82,0.084
com.google.javascript.jscomp.CommandLineRunner,386,0.084
com.google.javascript.jscomp.CommandLineRunner,387,0.084
com.google.javascript.jscomp.CommandLineRunner,388,0.084
com.google.javascript.jscomp.CommandLineRunner,389,0.084
com.google.javascript.jscomp.CommandLineRunner,390,0.084
com.google.javascript.jscomp.CommandLineRunner,391,0.084
com.google.javascript.jscomp.CommandLineRunner,402,0.084
com.google.javascript.jscomp.CommandLineRunner,406,0.084
com.google.javascript.jscomp.CommandLineRunner,407,0.084
com.google.javascript.jscomp.CommandLineRunner,409,0.084
com.google.javascript.jscomp.CommandLineRunner,413,0.084
com.google.javascript.jscomp.CommandLineRunner,415,0.084
com.google.javascript.jscomp.CommandLineRunner,452,0.084
com.google.javascript.jscomp.CommandLineRunner,578,0.084
org.kohsuke.args4j.CmdLineParser,127,0.084
org.kohsuke.args4j.CmdLineParser,125,0.084
org.kohsuke.args4j.CmdLineParser,391,0.084
org.kohsuke.args4j.CmdLineParser,395,0.084
org.kohsuke.args4j.CmdLineParser,399,0.084
org.kohsuke.args4j.CmdLineParser,400,0.084
org.kohsuke.args4j.CmdLineParser,403,0.084
org.kohsuke.args4j.CmdLineParser,405,0.084
org.kohsuke.args4j.CmdLineParser,381,0.084
org.kohsuke.args4j.NamedOptionDef,18,0.084
org.kohsuke.args4j.NamedOptionDef,22,0.084
org.kohsuke.args4j.NamedOptionDef,27,0.084
org.kohsuke.args4j.NamedOptionDef,28,0.084
org.kohsuke.args4j.NamedOptionDef,29,0.084
org.kohsuke.args4j.NamedOptionDef,30,0.084
org.kohsuke.args4j.NamedOptionDef,31,0.084
org.kohsuke.args4j.NamedOptionDef,33,0.084
org.kohsuke.args4j.NamedOptionDef,35,0.084
org.kohsuke.args4j.NamedOptionDef,37,0.084
com.google.javascript.jscomp.Compiler,855,0.084
com.google.javascript.jscomp.CompilerTestCase,202,0.084
com.google.javascript.jscomp.CompilerTestCase,203,0.084
com.google.javascript.jscomp.CompilationLevel,57,0.081
com.google.javascript.jscomp.CompilationLevel,93,0.081
com.google.javascript.jscomp.CompilationLevel,94,0.081
com.google.javascript.jscomp.CompilationLevel,95,0.081
com.google.javascript.jscomp.CompilationLevel,96,0.081
com.google.javascript.jscomp.CompilationLevel,97,0.081
com.google.javascript.jscomp.CompilationLevel,98,0.081
com.google.javascript.jscomp.CompilationLevel,99,0.081
com.google.javascript.jscomp.CompilationLevel,100,0.081
com.google.javascript.jscomp.CompilationLevel,101,0.081
com.google.javascript.jscomp.CompilationLevel,102,0.081
com.google.javascript.jscomp.CompilationLevel,103,0.081
com.google.javascript.jscomp.CompilationLevel,104,0.081
com.google.javascript.jscomp.CompilationLevel,105,0.081
com.google.javascript.jscomp.CompilationLevel,106,0.081
com.google.javascript.jscomp.CompilationLevel,107,0.081
com.google.javascript.jscomp.CompilationLevel,108,0.081
com.google.javascript.jscomp.CompilationLevel,111,0.081
com.google.javascript.jscomp.CompilerTestCase,502,0.078
com.google.javascript.jscomp.DiagnosticType,86,0.075
com.google.javascript.jscomp.CommandLineRunner,392,0.071
com.google.javascript.jscomp.CommandLineRunner,394,0.071
com.google.javascript.jscomp.CommandLineRunner,395,0.071
com.google.javascript.jscomp.CommandLineRunner,396,0.071
com.google.javascript.jscomp.CommandLineRunner,399,0.071
com.google.javascript.jscomp.CommandLineRunner,401,0.071
com.google.javascript.jscomp.CompilerTestCase,233,0.071
com.google.javascript.jscomp.CompilerTestCase,234,0.071
com.google.javascript.jscomp.ExpressionDecomposer,556,0.071
com.google.javascript.jscomp.ExpressionDecomposer,557,0.071
com.google.javascript.jscomp.JsMessage,288,0.068
com.google.javascript.jscomp.JsMessage,289,0.068
com.google.javascript.jscomp.JsMessage,393,0.068
com.google.javascript.jscomp.JsMessage,394,0.068
com.google.javascript.jscomp.JsMessage,312,0.067
com.google.javascript.jscomp.JsMessage,377,0.067
com.google.javascript.jscomp.JsMessage,381,0.067
com.google.javascript.jscomp.JsMessage,382,0.067
com.google.javascript.jscomp.JsMessage,383,0.067
com.google.javascript.jscomp.JsMessage,385,0.067
com.google.javascript.jscomp.JsMessage,392,0.067
com.google.javascript.jscomp.JsMessage,400,0.067
com.google.javascript.jscomp.JsMessage,401,0.067
com.google.javascript.jscomp.JsMessage,404,0.067
com.google.javascript.jscomp.CompilerTestCase,387,0.066
com.google.javascript.jscomp.JsMessage,128,0.061
com.google.javascript.jscomp.JsMessage,344,0.059
com.google.javascript.jscomp.JsMessage,346,0.059
com.google.javascript.jscomp.JsMessage,347,0.059
com.google.javascript.jscomp.JSModule,193,0.058
com.google.javascript.jscomp.JsMessage,336,0.058
com.google.javascript.jscomp.JsMessage,337,0.058
com.google.javascript.jscomp.JsMessage,338,0.058
com.google.javascript.jscomp.JsMessage,339,0.058
com.google.javascript.jscomp.CompilerTestCase,576,0.058
com.google.javascript.jscomp.JSSourceFile,78,0.058
com.google.javascript.jscomp.JsAst,66,0.058
com.google.javascript.jscomp.CompilerTestCase,619,0.058
com.google.javascript.jscomp.CompilerTestCase,620,0.058
com.google.javascript.jscomp.CompilerTestCase,621,0.058
com.google.javascript.jscomp.CompilerTestCase,622,0.058
com.google.javascript.jscomp.CompilerTestCase,623,0.058
com.google.javascript.jscomp.CompilerTestCase,624,0.058
com.google.javascript.jscomp.CompilerTestCase,626,0.058
com.google.javascript.jscomp.SourceFile,94,0.058
com.google.javascript.jscomp.CompilerInput,112,0.058
com.google.javascript.jscomp.DiagnosticType,50,0.056
org.kohsuke.args4j.spi.EnumOptionHandler,23,0.056
org.kohsuke.args4j.spi.EnumOptionHandler,24,0.056
org.kohsuke.args4j.spi.EnumOptionHandler,25,0.056
org.kohsuke.args4j.spi.EnumOptionHandler,26,0.056
org.kohsuke.args4j.spi.EnumOptionHandler,27,0.056
org.kohsuke.args4j.spi.EnumOptionHandler,28,0.056
org.kohsuke.args4j.spi.EnumOptionHandler,31,0.056
org.kohsuke.args4j.spi.EnumOptionHandler,33,0.056
org.kohsuke.args4j.spi.EnumOptionHandler,34,0.056
com.google.javascript.jscomp.CompilerTestCase,608,0.056
com.google.javascript.jscomp.DiagnosticType,61,0.053
org.kohsuke.args4j.MultiValueFieldSetter,55,0.048
com.google.javascript.jscomp.DiagnosticGroup,58,0.046
com.google.javascript.jscomp.DiagnosticGroup,61,0.046
com.google.javascript.jscomp.CompilerOptions,825,0.046
com.google.javascript.jscomp.CompilerOptions,826,0.046
com.google.javascript.jscomp.CompilerOptions,836,0.046
com.google.javascript.jscomp.CompilerOptions,837,0.046
com.google.javascript.jscomp.CompilerOptions,841,0.046
com.google.javascript.jscomp.ComposeWarningsGuard,57,0.046
com.google.javascript.jscomp.ComposeWarningsGuard,61,0.046
com.google.javascript.jscomp.ComposeWarningsGuard,62,0.046
com.google.javascript.jscomp.ComposeWarningsGuard,63,0.046
com.google.javascript.jscomp.ComposeWarningsGuard,65,0.046
com.google.javascript.jscomp.ComposeWarningsGuard,67,0.046
com.google.javascript.jscomp.ComposeWarningsGuard,70,0.046
com.google.javascript.jscomp.ComposeWarningsGuard,71,0.046
com.google.javascript.jscomp.ComposeWarningsGuard,72,0.046
com.google.javascript.jscomp.ComposeWarningsGuard,73,0.046
com.google.javascript.jscomp.CommandLineRunner,316,0.042
com.google.javascript.jscomp.CommandLineRunner,317,0.042
com.google.javascript.jscomp.CommandLineRunner,321,0.042
com.google.javascript.jscomp.CommandLineRunner,322,0.042
com.google.javascript.jscomp.CommandLineRunner,330,0.042
com.google.javascript.jscomp.JsMessageExtractor,100,0.042
com.google.javascript.jscomp.JsMessageExtractor,116,0.042
com.google.javascript.jscomp.JsMessageExtractor,117,0.042
com.google.javascript.jscomp.CommandLineRunner,323,0.037
com.google.javascript.jscomp.DiagnosticType,73,0.034
com.google.javascript.jscomp.CompilerTestCase,587,0.031
com.google.javascript.jscomp.CompilerTestCase,544,0.028
com.google.javascript.jscomp.CompilationLevel,60,0.024
com.google.javascript.jscomp.CompilationLevel,125,0.024
com.google.javascript.jscomp.CompilationLevel,126,0.024
com.google.javascript.jscomp.CompilationLevel,127,0.024
com.google.javascript.jscomp.CompilationLevel,128,0.024
com.google.javascript.jscomp.CompilationLevel,129,0.024
com.google.javascript.jscomp.CompilationLevel,130,0.024
com.google.javascript.jscomp.CompilationLevel,131,0.024
com.google.javascript.jscomp.CompilationLevel,132,0.024
com.google.javascript.jscomp.CompilationLevel,133,0.024
com.google.javascript.jscomp.CompilationLevel,134,0.024
com.google.javascript.jscomp.CompilationLevel,135,0.024
com.google.javascript.jscomp.CompilationLevel,136,0.024
com.google.javascript.jscomp.CompilationLevel,139,0.024
com.google.javascript.jscomp.CompilationLevel,140,0.024
com.google.javascript.jscomp.CompilationLevel,141,0.024
com.google.javascript.jscomp.CompilationLevel,142,0.024
com.google.javascript.jscomp.CompilationLevel,143,0.024
com.google.javascript.jscomp.CompilationLevel,144,0.024
com.google.javascript.jscomp.CompilationLevel,145,0.024
com.google.javascript.jscomp.CompilationLevel,146,0.024
com.google.javascript.jscomp.CompilationLevel,147,0.024
com.google.javascript.jscomp.CompilationLevel,148,0.024
com.google.javascript.jscomp.CompilationLevel,149,0.024
com.google.javascript.jscomp.CompilationLevel,150,0.024
com.google.javascript.jscomp.CompilationLevel,151,0.024
com.google.javascript.jscomp.CompilationLevel,152,0.024
com.google.javascript.jscomp.CompilationLevel,153,0.024
com.google.javascript.jscomp.CompilationLevel,154,0.024
com.google.javascript.jscomp.CompilationLevel,155,0.024
com.google.javascript.jscomp.CompilationLevel,156,0.024
com.google.javascript.jscomp.CompilationLevel,157,0.024
com.google.javascript.jscomp.CompilationLevel,160,0.024
com.google.javascript.jscomp.CompilationLevel,161,0.024
com.google.javascript.jscomp.CompilationLevel,164,0.024
com.google.javascript.jscomp.CompilationLevel,165,0.024
com.google.javascript.jscomp.CompilationLevel,168,0.024
com.google.javascript.jscomp.JsMessage,357,0.024
com.google.javascript.jscomp.JsMessage,358,0.024
com.google.javascript.jscomp.CompilerTestCase,863,0.024
com.google.javascript.jscomp.CompilerTestCase,864,0.024
com.google.javascript.jscomp.CompilerTestCase,865,0.024
com.google.javascript.jscomp.CompilerTestCase,866,0.024
com.google.javascript.jscomp.CompilerTestCase,868,0.024
com.google.javascript.jscomp.CompilerTestCase,883,0.024
com.google.javascript.jscomp.CommandLineRunner,324,0.02
com.google.javascript.jscomp.CommandLineRunner,325,0.02
com.google.javascript.jscomp.CompilerTestCase,545,0.02
com.google.javascript.jscomp.Compiler,286,0.02
com.google.javascript.jscomp.FunctionInformationMap,905,0.02
com.google.javascript.jscomp.FunctionInformationMap,917,0.02
com.google.javascript.jscomp.FunctionInformationMap,925,0.02
com.google.javascript.jscomp.FunctionInformationMap,927,0.02
com.google.javascript.jscomp.FunctionInformationMap,928,0.02
com.google.javascript.jscomp.FunctionInformationMap,929,0.02
com.google.javascript.jscomp.FunctionInformationMap,930,0.02
com.google.javascript.jscomp.FunctionInformationMap,931,0.02
com.google.javascript.jscomp.FunctionInformationMap,932,0.02
com.google.javascript.jscomp.FunctionInformationMap,933,0.02
com.google.javascript.jscomp.FunctionInformationMap,1034,0.02
com.google.javascript.jscomp.FunctionInformationMap,5,0.02
com.google.javascript.jscomp.FunctionInformationMap,5,0.02
com.google.javascript.jscomp.FunctionInformationMap,5,0.02
com.google.javascript.jscomp.FunctionInformationMap,5,0.02
com.google.javascript.jscomp.FunctionInformationMap,269,0.02
com.google.javascript.jscomp.FunctionInformationMap,270,0.02
com.google.javascript.jscomp.FunctionInformationMap,271,0.02
com.google.javascript.jscomp.FunctionInformationMap,301,0.02
com.google.javascript.jscomp.FunctionInformationMap,304,0.02
com.google.javascript.jscomp.FunctionInformationMap,307,0.02
com.google.javascript.jscomp.FunctionInformationMap,320,0.02
com.google.javascript.jscomp.FunctionInformationMap,324,0.02
com.google.javascript.jscomp.FunctionInformationMap,325,0.02
com.google.javascript.jscomp.FunctionInformationMap,326,0.02
com.google.javascript.jscomp.FunctionInformationMap,427,0.02
com.google.javascript.jscomp.FunctionInformationMap,428,0.02
com.google.javascript.jscomp.FunctionInformationMap,429,0.02
com.google.javascript.jscomp.FunctionInformationMap,445,0.02
com.google.javascript.jscomp.FunctionInformationMap,448,0.02
com.google.javascript.jscomp.FunctionInformationMap,449,0.02
com.google.javascript.jscomp.FunctionInformationMap,450,0.02
com.google.javascript.jscomp.FunctionInformationMap,466,0.02
com.google.javascript.jscomp.FunctionInformationMap,467,0.02
com.google.javascript.jscomp.FunctionInformationMap,468,0.02
com.google.javascript.jscomp.FunctionInformationMap,484,0.02
com.google.javascript.jscomp.FunctionInformationMap,487,0.02
com.google.javascript.jscomp.FunctionInformationMap,488,0.02
com.google.javascript.jscomp.FunctionInformationMap,489,0.02
com.google.javascript.jscomp.FunctionInformationMap,505,0.02
com.google.javascript.jscomp.FunctionInformationMap,506,0.02
com.google.javascript.jscomp.FunctionInformationMap,507,0.02
com.google.javascript.jscomp.FunctionInformationMap,523,0.02
com.google.javascript.jscomp.FunctionInformationMap,526,0.02
com.google.javascript.jscomp.FunctionInformationMap,527,0.02
com.google.javascript.jscomp.FunctionInformationMap,528,0.02
com.google.javascript.jscomp.FunctionInformationMap,544,0.02
com.google.javascript.jscomp.FunctionInformationMap,547,0.02
com.google.javascript.jscomp.FunctionInformationMap,548,0.02
com.google.javascript.jscomp.FunctionInformationMap,549,0.02
com.google.javascript.jscomp.FunctionInformationMap,261,0.02
com.google.javascript.jscomp.FunctionInformationMap,109,0.02
com.google.javascript.jscomp.FunctionInformationMap,111,0.02
com.google.javascript.jscomp.FunctionInformationMap,112,0.02
com.google.javascript.jscomp.FunctionInformationMap,113,0.02
com.google.javascript.jscomp.FunctionInformationMap,114,0.02
com.google.javascript.jscomp.FunctionInformationMap,115,0.02
com.google.javascript.jscomp.FunctionInformationMap,116,0.02
com.google.javascript.jscomp.FunctionInformationMap,117,0.02
com.google.javascript.jscomp.FunctionInformationMap,118,0.02
com.google.javascript.jscomp.FunctionInformationMap,254,0.02
com.google.javascript.jscomp.FunctionInformationMap,32,0.02
com.google.javascript.jscomp.FunctionInformationMap,32,0.02
com.google.javascript.jscomp.FunctionInformationMap,32,0.02
com.google.javascript.jscomp.FunctionInformationMap,32,0.02
com.google.javascript.jscomp.FunctionInformationMap,32,0.02
com.google.javascript.jscomp.FunctionInformationMap,32,0.02
com.google.javascript.jscomp.FunctionInformationMap,32,0.02
com.google.javascript.jscomp.FunctionInformationMap,32,0.02
com.google.javascript.jscomp.FunctionInformationMap,32,0.02
com.google.javascript.jscomp.FunctionInformationMap,32,0.02
com.google.javascript.jscomp.FunctionInformationMap,32,0.02
com.google.javascript.jscomp.FunctionInformationMap,32,0.02
com.google.javascript.jscomp.FunctionInformationMap,32,0.02
com.google.javascript.jscomp.FunctionInformationMap,32,0.02
com.google.javascript.jscomp.FunctionInformationMap,731,0.02
com.google.javascript.jscomp.FunctionInformationMap,732,0.02
com.google.javascript.jscomp.FunctionInformationMap,733,0.02
com.google.javascript.jscomp.FunctionInformationMap,763,0.02
com.google.javascript.jscomp.FunctionInformationMap,766,0.02
com.google.javascript.jscomp.FunctionInformationMap,769,0.02
com.google.javascript.jscomp.FunctionInformationMap,782,0.02
com.google.javascript.jscomp.FunctionInformationMap,786,0.02
com.google.javascript.jscomp.FunctionInformationMap,787,0.02
com.google.javascript.jscomp.FunctionInformationMap,788,0.02
com.google.javascript.jscomp.FunctionInformationMap,854,0.02
com.google.javascript.jscomp.FunctionInformationMap,857,0.02
com.google.javascript.jscomp.FunctionInformationMap,858,0.02
com.google.javascript.jscomp.FunctionInformationMap,859,0.02
com.google.javascript.jscomp.FunctionInformationMap,875,0.02
com.google.javascript.jscomp.FunctionInformationMap,878,0.02
com.google.javascript.jscomp.FunctionInformationMap,879,0.02
com.google.javascript.jscomp.FunctionInformationMap,880,0.02
com.google.javascript.jscomp.FunctionInformationMap,723,0.02
com.google.javascript.jscomp.FunctionInformationMap,1049,0.02
com.google.javascript.jscomp.FunctionInformationMap,1050,0.02
com.google.javascript.jscomp.FunctionInformationMap,1051,0.02
com.google.javascript.jscomp.FunctionInformationMap,1081,0.02
com.google.javascript.jscomp.FunctionInformationMap,1084,0.02
com.google.javascript.jscomp.FunctionInformationMap,1087,0.02
com.google.javascript.jscomp.FunctionInformationMap,1100,0.02
com.google.javascript.jscomp.FunctionInformationMap,1104,0.02
com.google.javascript.jscomp.FunctionInformationMap,1105,0.02
com.google.javascript.jscomp.FunctionInformationMap,1108,0.02
com.google.javascript.jscomp.FunctionInformationMap,1109,0.02
com.google.javascript.jscomp.FunctionInformationMap,1112,0.02
com.google.javascript.jscomp.FunctionInformationMap,1113,0.02
com.google.javascript.jscomp.FunctionInformationMap,1114,0.02
com.google.javascript.jscomp.FunctionInformationMap,1204,0.02
com.google.javascript.jscomp.FunctionInformationMap,1207,0.02
com.google.javascript.jscomp.FunctionInformationMap,1208,0.02
com.google.javascript.jscomp.FunctionInformationMap,1210,0.02
com.google.javascript.jscomp.FunctionInformationMap,1211,0.02
com.google.javascript.jscomp.FunctionInformationMap,1255,0.02
com.google.javascript.jscomp.FunctionInformationMap,1258,0.02
com.google.javascript.jscomp.FunctionInformationMap,1259,0.02
com.google.javascript.jscomp.FunctionInformationMap,1261,0.02
com.google.javascript.jscomp.FunctionInformationMap,1262,0.02
com.google.javascript.jscomp.FunctionInformationMap,1041,0.02
com.google.protobuf.UnknownFieldSet,77,0.02
com.google.javascript.jscomp.FunctionInformationMap,611,0.02
com.google.javascript.jscomp.FunctionInformationMap,613,0.02
com.google.javascript.jscomp.FunctionInformationMap,614,0.02
com.google.javascript.jscomp.FunctionInformationMap,615,0.02
com.google.javascript.jscomp.FunctionInformationMap,716,0.02
com.google.javascript.jscomp.FunctionInformationMap,569,0.02
com.google.javascript.jscomp.FunctionInformationMap,569,0.02
com.google.javascript.jscomp.FunctionInformationMap,569,0.02
com.google.javascript.jscomp.FunctionInformationMap,569,0.02
com.google.javascript.jscomp.CompilerTestCase,547,0.02
com.google.javascript.jscomp.NodeUtil,641,0.02
com.google.javascript.jscomp.NodeUtil,838,0.02
com.google.javascript.rhino.Node,1868,0.02
com.google.javascript.rhino.Node,1869,0.02
com.google.javascript.rhino.Node,1870,0.02
com.google.javascript.rhino.Node,1871,0.02
com.google.javascript.rhino.Node,1873,0.02
com.google.javascript.rhino.Node,1874,0.02
com.google.javascript.rhino.Node,1876,0.02
com.google.javascript.jscomp.Compiler,1372,0.02
com.google.javascript.jscomp.GatherSideEffectSubexpressionsCallback,109,0.02
com.google.javascript.jscomp.GatherSideEffectSubexpressionsCallback,110,0.02
com.google.javascript.jscomp.GatherSideEffectSubexpressionsCallback,166,0.02
com.google.javascript.jscomp.GatherSideEffectSubexpressionsCallback,169,0.02
com.google.javascript.jscomp.GatherSideEffectSubexpressionsCallback,171,0.02
com.google.javascript.jscomp.GatherSideEffectSubexpressionsCallback,179,0.02
com.google.javascript.jscomp.GatherSideEffectSubexpressionsCallback,251,0.02
com.google.javascript.jscomp.GatherSideEffectSubexpressionsCallback,253,0.02
com.google.javascript.jscomp.GatherSideEffectSubexpressionsCallback,256,0.02
com.google.javascript.jscomp.GatherSideEffectSubexpressionsCallback,257,0.02
com.google.javascript.rhino.Node,1849,0.016
com.google.javascript.rhino.Node,1852,0.016
com.google.javascript.rhino.Node,1853,0.016
com.google.javascript.rhino.Node,1854,0.016
com.google.javascript.rhino.Node,1855,0.016
com.google.javascript.rhino.Node,1858,0.016
com.google.javascript.rhino.Node,1859,0.016
com.google.javascript.jscomp.JSModule,283,0.015
com.google.javascript.jscomp.JSModule,284,0.015
com.google.javascript.jscomp.JSModule,290,0.015
com.google.javascript.jscomp.DiagnosticGroups,39,0.014
com.google.javascript.jscomp.DiagnosticGroups,40,0.014
com.google.javascript.jscomp.mozilla.rhino.Kit,74,0.014
com.google.javascript.jscomp.mozilla.rhino.Kit,75,0.014
com.google.javascript.jscomp.mozilla.rhino.Kit,81,0.014
com.google.javascript.jscomp.mozilla.rhino.Kit,82,0.014
com.google.javascript.jscomp.mozilla.rhino.VMBridge,53,0.014
com.google.javascript.jscomp.mozilla.rhino.VMBridge,59,0.014
com.google.javascript.jscomp.mozilla.rhino.VMBridge,60,0.014
com.google.javascript.jscomp.mozilla.rhino.VMBridge,61,0.014
com.google.javascript.jscomp.mozilla.rhino.VMBridge,62,0.014
com.google.javascript.jscomp.mozilla.rhino.VMBridge,63,0.014
com.google.javascript.jscomp.mozilla.rhino.VMBridge,64,0.014
com.google.javascript.jscomp.mozilla.rhino.VMBridge,65,0.014
com.google.javascript.jscomp.mozilla.rhino.jdk13.VMBridge_jdk13,68,0.014
com.google.javascript.jscomp.mozilla.rhino.jdk13.VMBridge_jdk13,69,0.014
com.google.javascript.jscomp.Compiler,222,0.014
com.google.javascript.jscomp.Compiler,224,0.014
com.google.javascript.jscomp.Compiler,225,0.014
com.google.javascript.jscomp.PrintStreamErrorManager,62,0.014
com.google.javascript.jscomp.PrintStreamErrorManager,63,0.014
com.google.javascript.jscomp.JSModule,146,0.014
com.google.javascript.jscomp.CompilerTestCase,168,0.014
com.google.javascript.jscomp.CompilerTestCase,169,0.014
com.google.javascript.jscomp.CompilerInput,132,0.014
com.google.javascript.jscomp.CompilerInput,133,0.014
com.google.javascript.jscomp.Compiler,1782,0.014
com.google.javascript.jscomp.Compiler,1783,0.014
com.google.javascript.jscomp.Tracer,969,0.014
com.google.javascript.jscomp.Tracer,970,0.014
com.google.javascript.jscomp.Tracer,971,0.014
org.kohsuke.args4j.CmdLineParser,542,0.014
org.kohsuke.args4j.CmdLineParser,544,0.014
org.kohsuke.args4j.CmdLineParser,547,0.014
org.kohsuke.args4j.CmdLineParser,548,0.014
org.kohsuke.args4j.CmdLineParser,549,0.014
com.google.javascript.jscomp.WarningLevel,26,0.014
com.google.javascript.jscomp.Compiler,862,0.014
org.kohsuke.args4j.CmdLineParser,493,0.014
com.google.javascript.jscomp.CommandLineRunner,397,0.014
com.google.javascript.jscomp.CompilerTestCase,242,0.014
com.google.javascript.jscomp.CompilerTestCase,243,0.014
com.google.javascript.jscomp.Compiler,454,0.014
com.google.javascript.jscomp.Compiler,495,0.014
com.google.javascript.jscomp.Compiler,506,0.014
com.google.javascript.jscomp.Compiler,509,0.014
com.google.javascript.jscomp.Compiler,516,0.014
com.google.javascript.jscomp.Compiler,517,0.014
com.google.javascript.jscomp.Compiler,518,0.014
com.google.javascript.jscomp.DiagnosticGroup,59,0.014
com.google.protobuf.DescriptorProtos,3111,0.014
com.google.protobuf.DescriptorProtos,3118,0.014
com.google.protobuf.DescriptorProtos,3120,0.014
com.google.protobuf.DescriptorProtos,3122,0.014
com.google.protobuf.DescriptorProtos,3129,0.014
com.google.protobuf.DescriptorProtos,3133,0.014
com.google.protobuf.DescriptorProtos,3134,0.014
com.google.protobuf.DescriptorProtos,3136,0.014
com.google.protobuf.DescriptorProtos,3137,0.014
com.google.protobuf.DescriptorProtos,3139,0.014
com.google.protobuf.DescriptorProtos,3142,0.014
com.google.protobuf.DescriptorProtos,3250,0.014
com.google.protobuf.DescriptorProtos,3079,0.014
com.google.protobuf.DescriptorProtos,3079,0.014
com.google.protobuf.DescriptorProtos,3079,0.014
com.google.protobuf.DescriptorProtos,3079,0.014
com.google.protobuf.DescriptorProtos,2494,0.014
com.google.protobuf.DescriptorProtos,2501,0.014
com.google.protobuf.DescriptorProtos,2508,0.014
com.google.protobuf.DescriptorProtos,2514,0.014
com.google.protobuf.DescriptorProtos,2515,0.014
com.google.protobuf.DescriptorProtos,2521,0.014
com.google.protobuf.DescriptorProtos,2522,0.014
com.google.protobuf.DescriptorProtos,2528,0.014
com.google.protobuf.DescriptorProtos,2535,0.014
com.google.protobuf.DescriptorProtos,2536,0.014
com.google.protobuf.DescriptorProtos,2542,0.014
com.google.protobuf.DescriptorProtos,2543,0.014
com.google.protobuf.DescriptorProtos,2546,0.014
com.google.protobuf.DescriptorProtos,2547,0.014
com.google.protobuf.DescriptorProtos,2548,0.014
com.google.protobuf.DescriptorProtos,2549,0.014
com.google.protobuf.DescriptorProtos,2551,0.014
com.google.protobuf.DescriptorProtos,2554,0.014
com.google.protobuf.DescriptorProtos,2697,0.014
com.google.protobuf.DescriptorProtos,2294,0.014
com.google.protobuf.DescriptorProtos,2294,0.014
com.google.protobuf.DescriptorProtos,2294,0.014
com.google.protobuf.DescriptorProtos,2294,0.014
com.google.protobuf.DescriptorProtos,2294,0.014
com.google.protobuf.DescriptorProtos,2294,0.014
com.google.protobuf.DescriptorProtos,2294,0.014
com.google.protobuf.DescriptorProtos,2294,0.014
com.google.protobuf.DescriptorProtos,2294,0.014
com.google.protobuf.DescriptorProtos,2294,0.014
com.google.protobuf.DescriptorProtos,2294,0.014
com.google.protobuf.DescriptorProtos,2294,0.014
com.google.javascript.jscomp.FunctionInfo,50,0.014
com.google.javascript.jscomp.FunctionInfo,51,0.014
com.google.javascript.jscomp.FunctionInfo,53,0.014
com.google.javascript.jscomp.FunctionInfo,59,0.014
com.google.javascript.jscomp.FunctionInfo,61,0.014
com.google.javascript.jscomp.FunctionInfo,67,0.014
com.google.javascript.jscomp.FunctionInfo,69,0.014
com.google.javascript.jscomp.FunctionInfo,75,0.014
com.google.protobuf.Descriptors,1615,0.014
com.google.protobuf.Descriptors,1616,0.014
com.google.protobuf.Descriptors,1617,0.014
com.google.protobuf.Descriptors,1642,0.014
com.google.protobuf.Descriptors,1644,0.014
com.google.protobuf.Descriptors,1692,0.014
com.google.protobuf.Descriptors,1696,0.014
com.google.protobuf.Descriptors,1706,0.014
com.google.protobuf.Descriptors,1708,0.014
com.google.protobuf.Descriptors,1709,0.014
com.google.protobuf.Descriptors,1711,0.014
com.google.protobuf.Descriptors,1712,0.014
com.google.protobuf.Descriptors,1731,0.014
com.google.protobuf.Descriptors,1764,0.014
com.google.protobuf.Descriptors,1766,0.014
com.google.protobuf.Descriptors,1767,0.014
com.google.protobuf.Descriptors,1769,0.014
com.google.protobuf.Descriptors,1770,0.014
com.google.protobuf.Descriptors,1773,0.014
com.google.protobuf.Descriptors,1776,0.014
com.google.protobuf.Descriptors,1784,0.014
com.google.protobuf.Descriptors,1816,0.014
com.google.protobuf.Descriptors,1818,0.014
com.google.protobuf.Descriptors,1819,0.014
com.google.protobuf.Descriptors,1827,0.014
com.google.protobuf.Descriptors,1835,0.014
com.google.protobuf.Descriptors,1837,0.014
com.google.protobuf.Descriptors,1838,0.014
com.google.protobuf.Descriptors,1843,0.014
com.google.protobuf.Descriptors,1851,0.014
com.google.protobuf.Descriptors,1852,0.014
com.google.protobuf.Descriptors,1855,0.014
com.google.protobuf.Descriptors,1856,0.014
com.google.protobuf.Descriptors,1857,0.014
com.google.protobuf.Descriptors,1860,0.014
com.google.protobuf.Descriptors,1865,0.014
com.google.protobuf.Descriptors,1872,0.014
com.google.protobuf.Descriptors,1877,0.014
com.google.protobuf.DescriptorProtos,8820,0.014
com.google.protobuf.DescriptorProtos,9078,0.014
com.google.protobuf.DescriptorProtos,6,0.014
com.google.protobuf.DescriptorProtos,6,0.014
com.google.protobuf.DescriptorProtos,6,0.014
com.google.protobuf.DescriptorProtos,6,0.014
com.google.protobuf.DescriptorProtos,6,0.014
com.google.protobuf.DescriptorProtos,6,0.014
com.google.protobuf.DescriptorProtos,6,0.014
com.google.protobuf.DescriptorProtos,6,0.014
com.google.protobuf.DescriptorProtos,6,0.014
com.google.protobuf.DescriptorProtos,6,0.014
com.google.protobuf.DescriptorProtos,6,0.014
com.google.protobuf.DescriptorProtos,6,0.014
com.google.protobuf.DescriptorProtos,6,0.014
com.google.protobuf.DescriptorProtos,6,0.014
com.google.protobuf.DescriptorProtos,6,0.014
com.google.protobuf.DescriptorProtos,6,0.014
com.google.protobuf.DescriptorProtos,6,0.014
com.google.protobuf.DescriptorProtos,6,0.014
com.google.protobuf.DescriptorProtos,6,0.014
com.google.protobuf.DescriptorProtos,6,0.014
com.google.protobuf.DescriptorProtos,6,0.014
com.google.protobuf.DescriptorProtos,6,0.014
com.google.protobuf.DescriptorProtos,6,0.014
com.google.protobuf.DescriptorProtos,6,0.014
com.google.protobuf.DescriptorProtos,6,0.014
com.google.protobuf.DescriptorProtos,6,0.014
com.google.protobuf.DescriptorProtos,6,0.014
com.google.protobuf.DescriptorProtos,6,0.014
com.google.protobuf.DescriptorProtos,6,0.014
com.google.protobuf.DescriptorProtos,6,0.014
com.google.protobuf.DescriptorProtos,6,0.014
com.google.protobuf.DescriptorProtos,6,0.014
com.google.protobuf.DescriptorProtos,6,0.014
com.google.protobuf.DescriptorProtos,6,0.014
com.google.protobuf.DescriptorProtos,6,0.014
com.google.protobuf.DescriptorProtos,6,0.014
com.google.protobuf.DescriptorProtos,6,0.014
com.google.protobuf.DescriptorProtos,6,0.014
com.google.protobuf.DescriptorProtos,6,0.014
com.google.protobuf.DescriptorProtos,6,0.014
com.google.protobuf.DescriptorProtos,6,0.014
com.google.protobuf.DescriptorProtos,6,0.014
com.google.protobuf.DescriptorProtos,6,0.014
com.google.protobuf.DescriptorProtos,6,0.014
com.google.protobuf.DescriptorProtos,6,0.014
com.google.protobuf.DescriptorProtos,6,0.014
com.google.protobuf.DescriptorProtos,6,0.014
com.google.protobuf.DescriptorProtos,6,0.014
com.google.protobuf.DescriptorProtos,6,0.014
com.google.protobuf.DescriptorProtos,6,0.014
com.google.protobuf.DescriptorProtos,6,0.014
com.google.protobuf.DescriptorProtos,6,0.014
com.google.protobuf.DescriptorProtos,6,0.014
com.google.protobuf.DescriptorProtos,6,0.014
com.google.protobuf.DescriptorProtos,6,0.014
com.google.protobuf.DescriptorProtos,2712,0.014
com.google.protobuf.DescriptorProtos,2713,0.014
com.google.protobuf.DescriptorProtos,2714,0.014
com.google.protobuf.DescriptorProtos,2718,0.014
com.google.protobuf.DescriptorProtos,2763,0.014
com.google.protobuf.DescriptorProtos,2767,0.014
com.google.protobuf.DescriptorProtos,2768,0.014
com.google.protobuf.DescriptorProtos,2769,0.014
com.google.protobuf.DescriptorProtos,2815,0.014
com.google.protobuf.DescriptorProtos,2819,0.014
com.google.protobuf.DescriptorProtos,2820,0.014
com.google.protobuf.DescriptorProtos,2822,0.014
com.google.protobuf.DescriptorProtos,2823,0.014
com.google.protobuf.DescriptorProtos,2833,0.014
com.google.protobuf.DescriptorProtos,2834,0.014
com.google.protobuf.DescriptorProtos,2841,0.014
com.google.protobuf.DescriptorProtos,2842,0.014
com.google.protobuf.DescriptorProtos,2845,0.014
com.google.protobuf.DescriptorProtos,2846,0.014
com.google.protobuf.DescriptorProtos,2847,0.014
com.google.protobuf.DescriptorProtos,2850,0.014
com.google.protobuf.DescriptorProtos,2852,0.014
com.google.protobuf.DescriptorProtos,2855,0.014
com.google.protobuf.DescriptorProtos,2856,0.014
com.google.protobuf.DescriptorProtos,2857,0.014
com.google.protobuf.DescriptorProtos,2860,0.014
com.google.protobuf.DescriptorProtos,2862,0.014
com.google.protobuf.DescriptorProtos,2865,0.014
com.google.protobuf.DescriptorProtos,2866,0.014
com.google.protobuf.DescriptorProtos,2869,0.014
com.google.protobuf.DescriptorProtos,2870,0.014
com.google.protobuf.DescriptorProtos,2882,0.014
com.google.protobuf.DescriptorProtos,2894,0.014
com.google.protobuf.DescriptorProtos,2897,0.014
com.google.protobuf.DescriptorProtos,2898,0.014
com.google.protobuf.DescriptorProtos,2899,0.014
com.google.protobuf.DescriptorProtos,2915,0.014
com.google.protobuf.DescriptorProtos,2916,0.014
com.google.protobuf.DescriptorProtos,2917,0.014
com.google.protobuf.DescriptorProtos,2933,0.014
com.google.protobuf.DescriptorProtos,2936,0.014
com.google.protobuf.DescriptorProtos,2937,0.014
com.google.protobuf.DescriptorProtos,2938,0.014
