org.apache.commons.compress.archivers.zip.Zip64ExtendedInformationExtraField,325,0.575
org.apache.commons.compress.archivers.zip.Zip64ExtendedInformationExtraField,326,0.575
org.apache.commons.compress.archivers.zip.ZipArchiveOutputStream,1506,0.575
org.apache.commons.compress.archivers.zip.ZipArchiveOutputStream,518,0.559
org.apache.commons.compress.archivers.zip.ZipArchiveOutputStream,519,0.559
org.apache.commons.compress.archivers.zip.Zip64ExtendedInformationExtraField,146,0.546
org.apache.commons.compress.archivers.zip.Zip64ExtendedInformationExtraField,147,0.546
org.apache.commons.compress.archivers.zip.Zip64ExtendedInformationExtraField,309,0.532
org.apache.commons.compress.archivers.zip.Zip64ExtendedInformationExtraField,310,0.532
org.apache.commons.compress.archivers.zip.ZipArchiveOutputStream,1459,0.532
org.apache.commons.compress.archivers.zip.ZipArchiveOutputStream,1503,0.532
org.apache.commons.compress.archivers.zip.Zip64ExtendedInformationExtraField,142,0.509
org.apache.commons.compress.archivers.zip.Zip64ExtendedInformationExtraField,143,0.509
org.apache.commons.compress.archivers.zip.ZipArchiveOutputStream,1090,0.508
org.apache.commons.compress.archivers.zip.ZipArchiveOutputStream,1426,0.498
org.apache.commons.compress.archivers.zip.ZipArchiveOutputStream,1427,0.498
org.apache.commons.compress.archivers.zip.ZipArchiveOutputStream,1489,0.498
org.apache.commons.compress.archivers.zip.ZipArchiveOutputStream,1490,0.498
org.apache.commons.compress.archivers.zip.ZipArchiveEntry,626,0.479
org.apache.commons.compress.archivers.zip.ZipArchiveOutputStream,1484,0.47
org.apache.commons.compress.archivers.zip.ZipArchiveOutputStream,1485,0.47
org.apache.commons.compress.archivers.zip.ZipArchiveOutputStream,1497,0.47
org.apache.commons.compress.archivers.zip.ZipArchiveOutputStream,1499,0.47
org.apache.commons.compress.archivers.zip.ZipArchiveOutputStream,1500,0.47
org.apache.commons.compress.archivers.zip.ZipArchiveOutputStream,1502,0.47
org.apache.commons.compress.archivers.zip.ZipArchiveOutputStream,1505,0.47
org.apache.commons.compress.archivers.zip.ZipArchiveOutputStream,1508,0.47
org.apache.commons.compress.archivers.zip.ZipArchiveOutputStream,1748,0.457
org.apache.commons.compress.archivers.zip.ZipArchiveOutputStream,1749,0.457
org.apache.commons.compress.archivers.zip.ZipArchiveOutputStream,894,0.446
org.apache.commons.compress.archivers.zip.ZipEightByteInteger,166,0.445
org.apache.commons.compress.archivers.zip.ZipEightByteInteger,196,0.445
org.apache.commons.compress.archivers.zip.ZipArchiveOutputStream,1634,0.445
org.apache.commons.compress.archivers.zip.ZipArchiveOutputStream,1635,0.445
org.apache.commons.compress.archivers.zip.ZipArchiveOutputStream,1636,0.445
org.apache.commons.compress.archivers.zip.ZipArchiveOutputStream,1645,0.445
org.apache.commons.compress.archivers.zip.ZipArchiveOutputStream,1648,0.445
org.apache.commons.compress.archivers.zip.ZipArchiveOutputStream,1649,0.445
org.apache.commons.compress.archivers.zip.ZipArchiveOutputStream,1660,0.445
org.apache.commons.compress.archivers.zip.ZipArchiveOutputStream,1661,0.445
org.apache.commons.compress.archivers.zip.ZipArchiveOutputStream,1664,0.445
org.apache.commons.compress.archivers.zip.ZipArchiveOutputStream,1665,0.445
org.apache.commons.compress.archivers.zip.ZipArchiveOutputStream,1668,0.445
org.apache.commons.compress.archivers.zip.ZipArchiveOutputStream,1671,0.445
org.apache.commons.compress.archivers.zip.ZipArchiveOutputStream,1674,0.445
org.apache.commons.compress.archivers.zip.ZipArchiveOutputStream,1676,0.445
org.apache.commons.compress.archivers.zip.ZipArchiveOutputStream,1677,0.445
org.apache.commons.compress.archivers.zip.ZipArchiveOutputStream,1678,0.445
org.apache.commons.compress.archivers.zip.ZipArchiveOutputStream,1681,0.445
org.apache.commons.compress.archivers.zip.ZipArchiveOutputStream,1682,0.445
org.apache.commons.compress.archivers.zip.ZipArchiveOutputStream,1685,0.445
org.apache.commons.compress.archivers.zip.ZipArchiveOutputStream,1686,0.445
org.apache.commons.compress.archivers.zip.ZipArchiveOutputStream,1690,0.445
org.apache.commons.compress.archivers.zip.ZipArchiveOutputStream,1703,0.445
org.apache.commons.compress.archivers.zip.ZipArchiveOutputStream,1706,0.445
org.apache.commons.compress.archivers.zip.ZipArchiveOutputStream,1708,0.445
org.apache.commons.compress.archivers.zip.ZipArchiveOutputStream,1710,0.445
org.apache.commons.compress.archivers.zip.ZipArchiveOutputStream,1716,0.445
org.apache.commons.compress.archivers.zip.ZipArchiveOutputStream,1718,0.445
org.apache.commons.compress.archivers.zip.ZipArchiveEntry,633,0.438
org.apache.commons.compress.archivers.zip.Zip64ExtendedInformationExtraField,118,0.438
org.apache.commons.compress.archivers.zip.Zip64ExtendedInformationExtraField,139,0.438
org.apache.commons.compress.archivers.zip.Zip64ExtendedInformationExtraField,140,0.438
org.apache.commons.compress.archivers.zip.Zip64ExtendedInformationExtraField,141,0.438
org.apache.commons.compress.archivers.zip.Zip64ExtendedInformationExtraField,145,0.438
org.apache.commons.compress.archivers.zip.Zip64ExtendedInformationExtraField,149,0.438
org.apache.commons.compress.archivers.zip.StreamCompressor,215,0.435
org.apache.commons.compress.archivers.zip.StreamCompressor,216,0.435
org.apache.commons.compress.archivers.zip.StreamCompressor,217,0.435
org.apache.commons.compress.archivers.zip.StreamCompressor,218,0.435
org.apache.commons.compress.archivers.zip.StreamCompressor,219,0.435
org.apache.commons.compress.archivers.zip.ZipArchiveOutputStream,580,0.435
org.apache.commons.compress.archivers.zip.ZipArchiveOutputStream,581,0.435
org.apache.commons.compress.archivers.zip.ZipArchiveOutputStream,586,0.435
org.apache.commons.compress.archivers.zip.ZipArchiveOutputStream,608,0.435
org.apache.commons.compress.archivers.zip.ZipArchiveOutputStream,609,0.435
org.apache.commons.compress.archivers.zip.ZipArchiveOutputStream,610,0.435
org.apache.commons.compress.archivers.zip.ZipArchiveOutputStream,631,0.435
org.apache.commons.compress.archivers.zip.ZipArchiveOutputStream,635,0.435
org.apache.commons.compress.archivers.zip.ZipArchiveOutputStream,636,0.435
org.apache.commons.compress.archivers.zip.ZipArchiveOutputStream,638,0.435
org.apache.commons.compress.archivers.zip.ZipArchiveOutputStream,639,0.435
org.apache.commons.compress.archivers.zip.ZipArchiveOutputStream,748,0.435
org.apache.commons.compress.archivers.zip.ZipArchiveOutputStream,1309,0.435
org.apache.commons.compress.archivers.zip.ZipArchiveOutputStream,1338,0.435
org.apache.commons.compress.archivers.zip.ZipArchiveOutputStream,1339,0.435
org.apache.commons.compress.archivers.zip.ZipArchiveOutputStream,1347,0.435
org.apache.commons.compress.archivers.zip.ZipArchiveOutputStream,1356,0.435
org.apache.commons.compress.archivers.zip.ZipArchiveOutputStream,1358,0.435
org.apache.commons.compress.archivers.zip.ZipArchiveOutputStream,1371,0.435
org.apache.commons.compress.archivers.zip.ZipArchiveOutputStream,1383,0.435
org.apache.commons.compress.archivers.zip.ZipArchiveOutputStream,1384,0.435
org.apache.commons.compress.archivers.zip.ZipArchiveOutputStream,1387,0.435
org.apache.commons.compress.archivers.zip.ZipArchiveOutputStream,1388,0.435
org.apache.commons.compress.archivers.zip.ZipArchiveOutputStream,1389,0.435
org.apache.commons.compress.archivers.zip.ZipArchiveOutputStream,1392,0.435
org.apache.commons.compress.archivers.zip.ZipArchiveOutputStream,1393,0.435
org.apache.commons.compress.archivers.zip.ZipArchiveOutputStream,1394,0.435
org.apache.commons.compress.archivers.zip.ZipArchiveOutputStream,1395,0.435
org.apache.commons.compress.archivers.zip.ZipArchiveOutputStream,1396,0.435
org.apache.commons.compress.archivers.zip.ZipArchiveOutputStream,1398,0.435
org.apache.commons.compress.archivers.zip.ZipArchiveOutputStream,1402,0.435
org.apache.commons.compress.archivers.zip.ZipArchiveOutputStream,1405,0.435
org.apache.commons.compress.archivers.zip.ZipArchiveOutputStream,1406,0.435
org.apache.commons.compress.archivers.zip.ZipArchiveOutputStream,1407,0.435
org.apache.commons.compress.archivers.zip.ZipArchiveOutputStream,1409,0.435
org.apache.commons.compress.archivers.zip.ZipArchiveOutputStream,1412,0.435
org.apache.commons.compress.archivers.zip.ZipArchiveOutputStream,1416,0.435
org.apache.commons.compress.archivers.zip.ZipArchiveOutputStream,1421,0.435
org.apache.commons.compress.archivers.zip.ZipArchiveOutputStream,1422,0.435
org.apache.commons.compress.archivers.zip.ZipArchiveOutputStream,1433,0.435
org.apache.commons.compress.archivers.zip.ZipArchiveOutputStream,1436,0.435
org.apache.commons.compress.archivers.zip.ZipArchiveOutputStream,1438,0.435
org.apache.commons.compress.archivers.zip.ZipArchiveOutputStream,1441,0.435
org.apache.commons.compress.archivers.zip.ZipArchiveOutputStream,1448,0.435
org.apache.commons.compress.archivers.zip.ZipArchiveOutputStream,1452,0.435
org.apache.commons.compress.archivers.zip.ZipArchiveOutputStream,1455,0.435
org.apache.commons.compress.archivers.zip.ZipArchiveOutputStream,1458,0.435
org.apache.commons.compress.archivers.zip.ZipArchiveOutputStream,1465,0.435
org.apache.commons.compress.archivers.zip.ZipArchiveOutputStream,1467,0.435
org.apache.commons.compress.archivers.zip.ZipArchiveOutputStream,1468,0.435
org.apache.commons.compress.archivers.zip.ZipArchiveOutputStream,1470,0.435
org.apache.commons.compress.archivers.zip.ZipArchiveOutputStream,1473,0.435
org.apache.commons.compress.archivers.zip.ZipArchiveOutputStream,1474,0.435
org.apache.commons.compress.archivers.zip.ZipArchiveOutputStream,1483,0.435
org.apache.commons.compress.archivers.zip.ZipArchiveOutputStream,1510,0.435
org.apache.commons.compress.archivers.zip.ZipArchiveOutputStream,1998,0.435
org.apache.commons.compress.archivers.zip.ZipArchiveOutputStream,1998,0.435
org.apache.commons.compress.archivers.zip.ZipUtil,331,0.434
org.apache.commons.compress.archivers.zip.ZipArchiveOutputStream,1486,0.433
org.apache.commons.compress.archivers.zip.ZipArchiveEntry,760,0.43
org.apache.commons.compress.archivers.zip.ZipArchiveOutputStream,537,0.43
org.apache.commons.compress.archivers.zip.ZipArchiveOutputStream,538,0.43
org.apache.commons.compress.archivers.zip.ZipArchiveOutputStream,539,0.43
org.apache.commons.compress.archivers.zip.ZipArchiveOutputStream,546,0.43
org.apache.commons.compress.archivers.zip.ZipArchiveOutputStream,576,0.43
org.apache.commons.compress.archivers.zip.ZipArchiveOutputStream,577,0.43
org.apache.commons.compress.archivers.zip.ZipArchiveOutputStream,578,0.43
org.apache.commons.compress.archivers.zip.ZipArchiveOutputStream,579,0.43
org.apache.commons.compress.archivers.zip.ZipArchiveOutputStream,1089,0.43
org.apache.commons.compress.archivers.zip.ZipArchiveEntry,909,0.43
org.apache.commons.compress.archivers.zip.ZipUtil,321,0.43
org.apache.commons.compress.archivers.zip.ZipArchiveEntry,1124,0.429
org.apache.commons.compress.archivers.zip.ZipArchiveOutputStream,529,0.428
org.apache.commons.compress.archivers.zip.ZipArchiveOutputStream,533,0.428
org.apache.commons.compress.archivers.zip.StreamCompressor,140,0.425
org.apache.commons.compress.archivers.zip.StreamCompressor,149,0.425
org.apache.commons.compress.archivers.zip.StreamCompressor,202,0.425
org.apache.commons.compress.archivers.zip.StreamCompressor,203,0.425
org.apache.commons.compress.archivers.zip.StreamCompressor,204,0.425
org.apache.commons.compress.archivers.zip.StreamCompressor,209,0.425
org.apache.commons.compress.archivers.zip.StreamCompressor,210,0.425
org.apache.commons.compress.archivers.zip.ZipArchiveOutputStream,1961,0.425
org.apache.commons.compress.archivers.zip.ZipArchiveOutputStream,1961,0.425
org.apache.commons.compress.archivers.zip.ZipArchiveOutputStream,1961,0.425
org.apache.commons.compress.archivers.zip.ExtraFieldUtils,272,0.425
org.apache.commons.compress.archivers.zip.ExtraFieldUtils,273,0.425
org.apache.commons.compress.archivers.zip.ExtraFieldUtils,275,0.425
org.apache.commons.compress.archivers.zip.ExtraFieldUtils,278,0.425
org.apache.commons.compress.archivers.zip.ExtraFieldUtils,279,0.425
org.apache.commons.compress.archivers.zip.ExtraFieldUtils,282,0.425
org.apache.commons.compress.archivers.zip.ExtraFieldUtils,283,0.425
org.apache.commons.compress.archivers.zip.ExtraFieldUtils,284,0.425
org.apache.commons.compress.archivers.zip.ExtraFieldUtils,296,0.425
org.apache.commons.compress.archivers.zip.ExtraFieldUtils,302,0.425
org.apache.commons.compress.archivers.zip.ZipArchiveOutputStream,599,0.425
org.apache.commons.compress.archivers.zip.ZipArchiveOutputStream,601,0.425
org.apache.commons.compress.archivers.zip.ZipArchiveOutputStream,603,0.425
org.apache.commons.compress.archivers.zip.ZipArchiveOutputStream,604,0.425
org.apache.commons.compress.archivers.zip.ZipArchiveOutputStream,605,0.425
org.apache.commons.compress.archivers.zip.ZipArchiveOutputStream,606,0.425
org.apache.commons.compress.archivers.zip.ZipArchiveOutputStream,607,0.425
org.apache.commons.compress.archivers.zip.ZipArchiveOutputStream,642,0.425
org.apache.commons.compress.archivers.zip.ZipArchiveOutputStream,646,0.425
org.apache.commons.compress.archivers.zip.ZipArchiveOutputStream,650,0.425
org.apache.commons.compress.archivers.zip.ZipArchiveOutputStream,651,0.425
org.apache.commons.compress.archivers.zip.ZipArchiveOutputStream,653,0.425
org.apache.commons.compress.archivers.zip.ZipArchiveOutputStream,689,0.425
org.apache.commons.compress.archivers.zip.ZipArchiveOutputStream,692,0.425
org.apache.commons.compress.archivers.zip.ZipArchiveOutputStream,703,0.425
org.apache.commons.compress.archivers.zip.ZipArchiveOutputStream,734,0.425
org.apache.commons.compress.archivers.zip.ZipArchiveOutputStream,744,0.425
org.apache.commons.compress.archivers.zip.ZipArchiveOutputStream,745,0.425
org.apache.commons.compress.archivers.zip.ZipArchiveOutputStream,752,0.425
org.apache.commons.compress.archivers.zip.ZipArchiveOutputStream,1046,0.425
org.apache.commons.compress.archivers.zip.ZipArchiveOutputStream,1049,0.425
org.apache.commons.compress.archivers.zip.ZipArchiveOutputStream,1050,0.425
org.apache.commons.compress.archivers.zip.ZipArchiveOutputStream,1051,0.425
org.apache.commons.compress.archivers.zip.ZipArchiveOutputStream,1052,0.425
org.apache.commons.compress.archivers.zip.ZipArchiveOutputStream,1961,0.423
org.apache.commons.compress.archivers.zip.ZipArchiveOutputStream,1961,0.423
org.apache.commons.compress.archivers.zip.ZipArchiveEntry,418,0.423
org.apache.commons.compress.archivers.zip.ZipArchiveOutputStream,822,0.423
org.apache.commons.compress.archivers.zip.ZipArchiveOutputStream,853,0.423
org.apache.commons.compress.archivers.zip.ZipArchiveOutputStream,877,0.423
org.apache.commons.compress.archivers.zip.ZipArchiveOutputStream,881,0.423
org.apache.commons.compress.archivers.zip.ZipArchiveOutputStream,882,0.423
org.apache.commons.compress.archivers.zip.ZipArchiveOutputStream,926,0.423
org.apache.commons.compress.archivers.zip.ZipArchiveOutputStream,943,0.423
org.apache.commons.compress.archivers.zip.ZipArchiveOutputStream,1156,0.423
org.apache.commons.compress.archivers.zip.ZipArchiveOutputStream,1157,0.423
org.apache.commons.compress.archivers.zip.ZipArchiveOutputStream,1159,0.423
org.apache.commons.compress.archivers.zip.ZipArchiveOutputStream,1163,0.423
org.apache.commons.compress.archivers.zip.ZipArchiveOutputStream,1164,0.423
org.apache.commons.compress.archivers.zip.ZipArchiveOutputStream,1172,0.423
org.apache.commons.compress.archivers.zip.ZipArchiveOutputStream,1173,0.423
org.apache.commons.compress.archivers.zip.ZipArchiveOutputStream,1174,0.423
org.apache.commons.compress.archivers.zip.ZipArchiveOutputStream,1175,0.423
org.apache.commons.compress.archivers.zip.ZipArchiveOutputStream,1176,0.423
org.apache.commons.compress.archivers.zip.ZipArchiveOutputStream,1177,0.423
org.apache.commons.compress.archivers.zip.ZipArchiveOutputStream,1182,0.423
org.apache.commons.compress.archivers.zip.ZipArchiveOutputStream,1183,0.423
org.apache.commons.compress.archivers.zip.ZipArchiveOutputStream,1186,0.423
org.apache.commons.compress.archivers.zip.ZipArchiveOutputStream,1189,0.423
org.apache.commons.compress.archivers.zip.ZipArchiveOutputStream,1190,0.423
org.apache.commons.compress.archivers.zip.ZipArchiveOutputStream,1194,0.423
org.apache.commons.compress.archivers.zip.ZipArchiveOutputStream,1206,0.423
org.apache.commons.compress.archivers.zip.ZipArchiveOutputStream,1207,0.423
org.apache.commons.compress.archivers.zip.ZipArchiveOutputStream,1208,0.423
org.apache.commons.compress.archivers.zip.ZipArchiveOutputStream,1209,0.423
org.apache.commons.compress.archivers.zip.ZipArchiveOutputStream,1211,0.423
org.apache.commons.compress.archivers.zip.ZipArchiveOutputStream,1214,0.423
org.apache.commons.compress.archivers.zip.ZipArchiveOutputStream,1215,0.423
org.apache.commons.compress.archivers.zip.ZipArchiveOutputStream,1217,0.423
org.apache.commons.compress.archivers.zip.ZipArchiveOutputStream,1219,0.423
org.apache.commons.compress.archivers.zip.ZipArchiveOutputStream,1220,0.423
org.apache.commons.compress.archivers.zip.ZipArchiveOutputStream,1223,0.423
org.apache.commons.compress.archivers.zip.ZipArchiveOutputStream,1225,0.423
org.apache.commons.compress.archivers.zip.ZipArchiveOutputStream,1228,0.423
org.apache.commons.compress.archivers.zip.ZipArchiveOutputStream,1236,0.423
org.apache.commons.compress.archivers.zip.ZipArchiveOutputStream,1253,0.423
org.apache.commons.compress.archivers.zip.ZipArchiveOutputStream,1256,0.423
org.apache.commons.compress.archivers.zip.ZipArchiveOutputStream,1259,0.423
org.apache.commons.compress.archivers.zip.ZipArchiveOutputStream,1262,0.423
org.apache.commons.compress.archivers.zip.ZipArchiveOutputStream,1264,0.423
org.apache.commons.compress.archivers.zip.ZipArchiveOutputStream,1766,0.423
org.apache.commons.compress.archivers.zip.ZipArchiveOutputStream,1767,0.423
org.apache.commons.compress.archivers.zip.ZipArchiveOutputStream,1768,0.423
org.apache.commons.compress.archivers.zip.ZipArchiveOutputStream,1771,0.423
org.apache.commons.compress.archivers.zip.ZipArchiveOutputStream,1775,0.423
org.apache.commons.compress.archivers.zip.ZipArchiveOutputStream,1785,0.423
org.apache.commons.compress.archivers.zip.ZipArchiveOutputStream,1876,0.423
org.apache.commons.compress.archivers.zip.ZipArchiveOutputStream,1899,0.423
org.apache.commons.compress.archivers.zip.ZipArchiveOutputStream,1900,0.423
org.apache.commons.compress.archivers.zip.ZipArchiveOutputStream,1905,0.423
org.apache.commons.compress.archivers.zip.GeneralPurposeBit,123,0.422
org.apache.commons.compress.archivers.zip.Zip64ExtendedInformationExtraField,127,0.421
org.apache.commons.compress.archivers.zip.Zip64ExtendedInformationExtraField,130,0.421
org.apache.commons.compress.archivers.zip.Zip64ExtendedInformationExtraField,131,0.421
org.apache.commons.compress.archivers.zip.Zip64ExtendedInformationExtraField,132,0.421
org.apache.commons.compress.archivers.zip.ZipArchiveOutputStream,1961,0.421
org.apache.commons.compress.archivers.zip.ZipLong,158,0.421
org.apache.commons.compress.archivers.zip.ZipLong,159,0.421
org.apache.commons.compress.archivers.zip.ZipArchiveOutputStream,855,0.421
org.apache.commons.compress.archivers.zip.ZipArchiveOutputStream,859,0.421
org.apache.commons.compress.archivers.zip.ZipArchiveOutputStream,863,0.421
org.apache.commons.compress.archivers.zip.ZipArchiveOutputStream,872,0.421
org.apache.commons.compress.archivers.zip.ZipArchiveOutputStream,873,0.421
org.apache.commons.compress.archivers.zip.ZipArchiveOutputStream,874,0.421
org.apache.commons.compress.archivers.zip.ZipArchiveOutputStream,1240,0.421
org.apache.commons.compress.archivers.zip.ZipArchiveOutputStream,1241,0.421
org.apache.commons.compress.archivers.zip.ZipArchiveOutputStream,1847,0.421
org.apache.commons.compress.archivers.zip.ZipUtil,82,0.42
org.apache.commons.compress.archivers.zip.ZipUtil,83,0.42
org.apache.commons.compress.archivers.zip.ZipUtil,85,0.42
org.apache.commons.compress.archivers.zip.ZipUtil,86,0.42
org.apache.commons.compress.archivers.zip.ZipUtil,87,0.42
org.apache.commons.compress.archivers.zip.ZipUtil,88,0.42
org.apache.commons.compress.archivers.zip.ZipUtil,89,0.42
org.apache.commons.compress.archivers.zip.ZipUtil,90,0.42
org.apache.commons.compress.archivers.zip.ZipArchiveEntry,899,0.418
org.apache.commons.compress.archivers.zip.ZipArchiveEntry,900,0.418
org.apache.commons.compress.archivers.zip.ZipUtil,75,0.418
org.apache.commons.compress.archivers.zip.ZipUtil,77,0.418
org.apache.commons.compress.archivers.zip.ZipUtil,78,0.418
org.apache.commons.compress.archivers.zip.StreamCompressor,167,0.418
org.apache.commons.compress.archivers.zip.StreamCompressor,269,0.418
org.apache.commons.compress.archivers.zip.StreamCompressor,270,0.418
org.apache.commons.compress.archivers.zip.StreamCompressor,273,0.418
org.apache.commons.compress.archivers.zip.StreamCompressor,274,0.418
org.apache.commons.compress.archivers.zip.StreamCompressor,275,0.418
org.apache.commons.compress.archivers.zip.StreamCompressor,276,0.418
org.apache.commons.compress.archivers.zip.ZipArchiveEntry,751,0.418
org.apache.commons.compress.archivers.zip.ZipArchiveEntry,752,0.418
org.apache.commons.compress.archivers.zip.ZipArchiveOutputStream,1060,0.418
org.apache.commons.compress.archivers.zip.ZipArchiveOutputStream,1061,0.418
org.apache.commons.compress.archivers.zip.ZipArchiveEntry,293,0.418
org.apache.commons.compress.archivers.zip.ZipUtil,350,0.416
org.apache.commons.compress.archivers.zip.ZipUtil,359,0.416
org.apache.commons.compress.archivers.zip.NioZipEncoding,69,0.416
org.apache.commons.compress.archivers.zip.NioZipEncoding,71,0.416
org.apache.commons.compress.archivers.zip.ZipArchiveEntry,322,0.416
org.apache.commons.compress.archivers.zip.ZipArchiveEntry,548,0.414
org.apache.commons.compress.archivers.zip.NioZipEncoding,166,0.414
org.apache.commons.compress.archivers.zip.NioZipEncoding,167,0.414
org.apache.commons.compress.archivers.zip.NioZipEncoding,168,0.414
org.apache.commons.compress.archivers.zip.NioZipEncoding,169,0.414
org.apache.commons.compress.archivers.zip.ZipEncodingHelper,77,0.414
org.apache.commons.compress.archivers.zip.ZipArchiveOutputStream,1961,0.413
org.apache.commons.compress.archivers.zip.ZipArchiveEntry,343,0.413
org.apache.commons.compress.archivers.zip.ZipArchiveOutputStream,821,0.413
org.apache.commons.compress.archivers.zip.ZipArchiveOutputStream,837,0.413
org.apache.commons.compress.archivers.zip.ZipArchiveOutputStream,841,0.413
org.apache.commons.compress.archivers.zip.ZipArchiveOutputStream,845,0.413
org.apache.commons.compress.archivers.zip.ZipArchiveOutputStream,846,0.413
org.apache.commons.compress.archivers.zip.ZipArchiveOutputStream,848,0.413
org.apache.commons.compress.archivers.zip.ZipArchiveOutputStream,850,0.413
org.apache.commons.compress.archivers.zip.ZipArchiveOutputStream,851,0.413
org.apache.commons.compress.archivers.zip.ZipArchiveOutputStream,889,0.413
org.apache.commons.compress.archivers.zip.ZipArchiveOutputStream,893,0.413
org.apache.commons.compress.archivers.zip.ZipArchiveOutputStream,896,0.413
org.apache.commons.compress.archivers.zip.ZipArchiveOutputStream,907,0.413
org.apache.commons.compress.archivers.zip.ZipArchiveOutputStream,920,0.413
org.apache.commons.compress.archivers.zip.ZipArchiveOutputStream,1889,0.413
org.apache.commons.compress.archivers.zip.ZipUtil,345,0.412
org.apache.commons.compress.archivers.zip.GeneralPurposeBit,187,0.411
org.apache.commons.compress.archivers.zip.GeneralPurposeBit,195,0.411
org.apache.commons.compress.archivers.zip.ZipArchiveOutputStream,1917,0.411
org.apache.commons.compress.archivers.zip.ZipArchiveOutputStream,1921,0.411
org.apache.commons.compress.archivers.zip.ZipArchiveEntry,681,0.411
org.apache.commons.compress.archivers.zip.ZipArchiveEntry,688,0.411
org.apache.commons.compress.archivers.zip.ZipArchiveEntry,819,0.411
org.apache.commons.compress.archivers.zip.ZipArchiveEntry,822,0.411
org.apache.commons.compress.archivers.zip.ZipArchiveEntry,823,0.411
org.apache.commons.compress.archivers.zip.ZipArchiveOutputStream,1310,0.41
org.apache.commons.compress.archivers.zip.ZipArchiveOutputStream,1893,0.409
org.apache.commons.compress.archivers.zip.GeneralPurposeBit,95,0.407
org.apache.commons.compress.archivers.zip.GeneralPurposeBit,96,0.407
org.apache.commons.compress.archivers.zip.ZipArchiveEntry,305,0.407
org.apache.commons.compress.archivers.zip.ZipArchiveEntry,309,0.407
org.apache.commons.compress.archivers.zip.ZipArchiveEntry,310,0.407
org.apache.commons.compress.archivers.zip.Zip64ExtendedInformationExtraField,108,0.405
org.apache.commons.compress.archivers.zip.Zip64ExtendedInformationExtraField,113,0.405
org.apache.commons.compress.archivers.zip.Zip64ExtendedInformationExtraField,126,0.405
org.apache.commons.compress.archivers.zip.Zip64ExtendedInformationExtraField,134,0.405
org.apache.commons.compress.archivers.zip.ZipArchiveEntry,644,0.405
org.apache.commons.compress.archivers.zip.ZipArchiveEntry,648,0.405
org.apache.commons.compress.archivers.zip.ZipArchiveEntry,649,0.405
org.apache.commons.compress.archivers.zip.ZipArchiveEntry,650,0.405
org.apache.commons.compress.archivers.zip.ZipArchiveEntry,654,0.405
org.apache.commons.compress.archivers.zip.ZipArchiveEntry,657,0.405
org.apache.commons.compress.archivers.zip.ZipArchiveEntry,658,0.405
org.apache.commons.compress.archivers.zip.ZipArchiveEntry,659,0.405
org.apache.commons.compress.archivers.zip.ZipArchiveOutputStream,1776,0.405
org.apache.commons.compress.archivers.zip.ZipArchiveOutputStream,1846,0.405
org.apache.commons.compress.archivers.zip.ZipArchiveOutputStream,1849,0.405
org.apache.commons.compress.archivers.zip.ZipArchiveOutputStream,1850,0.405
org.apache.commons.compress.archivers.zip.ZipArchiveOutputStream,1851,0.405
org.apache.commons.compress.archivers.zip.ZipArchiveOutputStream,1853,0.405
org.apache.commons.compress.archivers.zip.ZipArchiveOutputStream,1860,0.405
org.apache.commons.compress.archivers.zip.ZipArchiveOutputStream,1864,0.405
org.apache.commons.compress.archivers.zip.ZipArchiveOutputStream,1866,0.405
org.apache.commons.compress.archivers.zip.ZipShort,103,0.404
org.apache.commons.compress.archivers.zip.ZipShort,104,0.404
org.apache.commons.compress.archivers.zip.ZipArchiveEntry,772,0.404
org.apache.commons.compress.archivers.zip.ZipArchiveOutputStream,548,0.402
org.apache.commons.compress.archivers.zip.ZipArchiveOutputStream,551,0.402
org.apache.commons.compress.archivers.zip.ZipArchiveOutputStream,552,0.402
org.apache.commons.compress.archivers.zip.ZipArchiveOutputStream,553,0.402
org.apache.commons.compress.archivers.zip.ZipArchiveOutputStream,563,0.402
org.apache.commons.compress.archivers.zip.ZipArchiveOutputStream,564,0.402
org.apache.commons.compress.archivers.zip.ZipArchiveOutputStream,587,0.402
org.apache.commons.compress.archivers.zip.ZipArchiveOutputStream,588,0.402
org.apache.commons.compress.archivers.zip.ZipArchiveOutputStream,1520,0.402
org.apache.commons.compress.archivers.zip.ZipArchiveOutputStream,1524,0.402
org.apache.commons.compress.archivers.zip.ZipArchiveOutputStream,1572,0.402
org.apache.commons.compress.archivers.zip.ZipArchiveOutputStream,1621,0.402
org.apache.commons.compress.archivers.zip.Zip64ExtendedInformationExtraField,277,0.4
org.apache.commons.compress.archivers.zip.Zip64ExtendedInformationExtraField,278,0.4
org.apache.commons.compress.archivers.zip.Zip64ExtendedInformationExtraField,293,0.4
org.apache.commons.compress.archivers.zip.Zip64ExtendedInformationExtraField,294,0.4
org.apache.commons.compress.archivers.zip.Zip64ExtendedInformationExtraField,331,0.4
org.apache.commons.compress.archivers.zip.Zip64ExtendedInformationExtraField,332,0.4
org.apache.commons.compress.archivers.zip.Zip64ExtendedInformationExtraField,335,0.4
org.apache.commons.compress.archivers.zip.Zip64ExtendedInformationExtraField,336,0.4
org.apache.commons.compress.archivers.zip.ZipArchiveOutputStream,1423,0.4
org.apache.commons.compress.archivers.zip.ZipArchiveEntry,622,0.398
org.apache.commons.compress.archivers.zip.ZipArchiveEntry,625,0.398
org.apache.commons.compress.archivers.zip.ZipArchiveEntry,628,0.398
org.apache.commons.compress.archivers.zip.ZipArchiveEntry,629,0.398
org.apache.commons.compress.archivers.zip.ZipArchiveEntry,630,0.398
org.apache.commons.compress.archivers.zip.ZipArchiveEntry,631,0.398
org.apache.commons.compress.archivers.zip.ZipArchiveEntry,632,0.398
org.apache.commons.compress.archivers.zip.ZipArchiveEntry,636,0.398
org.apache.commons.compress.archivers.zip.ZipArchiveEntry,637,0.398
org.apache.commons.compress.archivers.zip.ExtraFieldUtils,280,0.396
org.apache.commons.compress.archivers.zip.ExtraFieldUtils,285,0.396
org.apache.commons.compress.archivers.zip.ExtraFieldUtils,287,0.396
org.apache.commons.compress.archivers.zip.ExtraFieldUtils,289,0.396
org.apache.commons.compress.archivers.zip.ExtraFieldUtils,290,0.396
org.apache.commons.compress.archivers.zip.ExtraFieldUtils,291,0.396
org.apache.commons.compress.archivers.zip.ExtraFieldUtils,292,0.396
org.apache.commons.compress.archivers.zip.ExtraFieldUtils,293,0.396
org.apache.commons.compress.archivers.zip.ZipArchiveEntry,399,0.396
org.apache.commons.compress.archivers.zip.ZipArchiveEntry,790,0.396
org.apache.commons.compress.archivers.zip.ZipArchiveEntry,791,0.396
org.apache.commons.compress.archivers.zip.ZipArchiveEntry,794,0.396
org.apache.commons.compress.archivers.zip.ZipArchiveEntry,795,0.396
org.apache.commons.compress.archivers.zip.ZipArchiveEntry,808,0.393
org.apache.commons.compress.archivers.ArchiveOutputStream,152,0.391
org.apache.commons.compress.archivers.ArchiveOutputStream,153,0.391
org.apache.commons.compress.archivers.ArchiveOutputStream,155,0.391
org.apache.commons.compress.archivers.zip.ZipEightByteInteger,133,0.391
org.apache.commons.compress.archivers.zip.StreamCompressor,240,0.39
org.apache.commons.compress.archivers.zip.StreamCompressor,241,0.39
org.apache.commons.compress.archivers.zip.StreamCompressor,242,0.39
org.apache.commons.compress.archivers.zip.StreamCompressor,244,0.39
org.apache.commons.compress.archivers.zip.StreamCompressor,246,0.39
org.apache.commons.compress.archivers.zip.StreamCompressor,247,0.39
org.apache.commons.compress.archivers.zip.StreamCompressor,248,0.39
org.apache.commons.compress.archivers.zip.StreamCompressor,249,0.39
org.apache.commons.compress.archivers.zip.Zip64ExtendedInformationExtraField,329,0.386
org.apache.commons.compress.archivers.zip.Zip64ExtendedInformationExtraField,330,0.386
org.apache.commons.compress.archivers.zip.Zip64ExtendedInformationExtraField,334,0.386
org.apache.commons.compress.archivers.zip.Zip64ExtendedInformationExtraField,338,0.386
org.apache.commons.compress.archivers.zip.ZipArchiveEntry,684,0.384
org.apache.commons.compress.archivers.zip.ZipArchiveOutputStream,1925,0.384
org.apache.commons.compress.archivers.zip.ZipEncodingHelper,55,0.381
org.apache.commons.compress.archivers.zip.ZipEncodingHelper,56,0.381
org.apache.commons.compress.archivers.zip.ZipEncodingHelper,62,0.381
org.apache.commons.compress.archivers.zip.ZipEncodingHelper,63,0.381
org.apache.commons.compress.archivers.zip.ZipEncodingHelper,72,0.381
org.apache.commons.compress.archivers.zip.ZipEncodingHelper,76,0.381
org.apache.commons.compress.archivers.zip.ZipArchiveEntry,683,0.38
org.apache.commons.compress.archivers.zip.NioZipEncoding,86,0.379
org.apache.commons.compress.archivers.zip.NioZipEncoding,88,0.379
org.apache.commons.compress.archivers.zip.ZipShort,70,0.377
org.apache.commons.compress.archivers.zip.ZipShort,71,0.377
org.apache.commons.compress.archivers.zip.ZipShort,72,0.377
org.apache.commons.compress.archivers.zip.ZipArchiveEntry,792,0.377
org.apache.commons.compress.archivers.zip.NioZipEncoding,79,0.376
org.apache.commons.compress.archivers.zip.NioZipEncoding,81,0.376
org.apache.commons.compress.archivers.zip.NioZipEncoding,82,0.376
org.apache.commons.compress.archivers.zip.NioZipEncoding,83,0.376
org.apache.commons.compress.archivers.zip.NioZipEncoding,85,0.376
org.apache.commons.compress.archivers.zip.NioZipEncoding,121,0.376
org.apache.commons.compress.archivers.zip.NioZipEncoding,124,0.376
org.apache.commons.compress.archivers.zip.NioZipEncoding,125,0.376
org.apache.commons.compress.archivers.zip.NioZipEncoding,126,0.376
org.apache.commons.compress.archivers.zip.NioZipEncoding,165,0.376
org.apache.commons.compress.archivers.zip.NioZipEncoding,201,0.376
org.apache.commons.compress.archivers.zip.NioZipEncoding,202,0.376
org.apache.commons.compress.archivers.zip.NioZipEncoding,203,0.376
org.apache.commons.compress.archivers.zip.ZipShort,132,0.375
org.apache.commons.compress.archivers.zip.ZipShort,135,0.375
org.apache.commons.compress.archivers.zip.ZipArchiveOutputStream,921,0.375
org.apache.commons.compress.archivers.zip.ZipArchiveOutputStream,1231,0.375
org.apache.commons.compress.archivers.zip.ZipShort,80,0.374
org.apache.commons.compress.archivers.zip.StreamCompressor,223,0.373
org.apache.commons.compress.archivers.zip.StreamCompressor,224,0.373
org.apache.commons.compress.archivers.zip.ZipArchiveOutputStream,565,0.373
org.apache.commons.compress.archivers.zip.ZipArchiveOutputStream,566,0.373
org.apache.commons.compress.archivers.zip.ZipArchiveOutputStream,567,0.373
org.apache.commons.compress.archivers.zip.ZipArchiveOutputStream,568,0.373
org.apache.commons.compress.archivers.zip.ZipArchiveOutputStream,572,0.373
org.apache.commons.compress.archivers.zip.ZipArchiveOutputStream,573,0.373
org.apache.commons.compress.archivers.zip.ZipArchiveOutputStream,1093,0.373
org.apache.commons.compress.archivers.zip.ZipArchiveOutputStream,1526,0.373
org.apache.commons.compress.archivers.zip.ZipArchiveOutputStream,1529,0.373
org.apache.commons.compress.archivers.zip.ZipArchiveOutputStream,1530,0.373
org.apache.commons.compress.archivers.zip.ZipArchiveOutputStream,1533,0.373
org.apache.commons.compress.archivers.zip.ZipArchiveOutputStream,1536,0.373
org.apache.commons.compress.archivers.zip.ZipArchiveOutputStream,1539,0.373
org.apache.commons.compress.archivers.zip.ZipArchiveOutputStream,1542,0.373
org.apache.commons.compress.archivers.zip.ZipArchiveOutputStream,1545,0.373
org.apache.commons.compress.archivers.zip.ZipArchiveOutputStream,1546,0.373
org.apache.commons.compress.archivers.zip.ZipArchiveOutputStream,1547,0.373
org.apache.commons.compress.archivers.zip.ZipArchiveOutputStream,1550,0.373
org.apache.commons.compress.archivers.zip.ZipArchiveOutputStream,1552,0.373
org.apache.commons.compress.archivers.zip.ZipArchiveOutputStream,1555,0.373
org.apache.commons.compress.archivers.zip.ZipArchiveOutputStream,1556,0.373
org.apache.commons.compress.archivers.zip.ZipArchiveOutputStream,1559,0.373
org.apache.commons.compress.archivers.zip.ZipArchiveOutputStream,1560,0.373
org.apache.commons.compress.archivers.zip.ZipArchiveOutputStream,1561,0.373
org.apache.commons.compress.archivers.zip.ZipArchiveOutputStream,1562,0.373
org.apache.commons.compress.archivers.zip.ZipArchiveOutputStream,1563,0.373
org.apache.commons.compress.AbstractTestCase,122,0.372
org.apache.commons.compress.AbstractTestCase,133,0.372
org.apache.commons.compress.archivers.zip.ZipEncodingHelper,58,0.37
org.apache.commons.compress.archivers.zip.ZipEncodingHelper,60,0.37
org.apache.commons.compress.archivers.zip.ExtraFieldUtils,240,0.37
org.apache.commons.compress.archivers.zip.ExtraFieldUtils,246,0.37
org.apache.commons.compress.archivers.zip.ExtraFieldUtils,248,0.37
org.apache.commons.compress.archivers.zip.ExtraFieldUtils,250,0.37
org.apache.commons.compress.archivers.zip.ExtraFieldUtils,251,0.37
org.apache.commons.compress.archivers.zip.ExtraFieldUtils,252,0.37
org.apache.commons.compress.archivers.zip.ExtraFieldUtils,253,0.37
org.apache.commons.compress.archivers.zip.ExtraFieldUtils,254,0.37
org.apache.commons.compress.archivers.zip.ZipShort,89,0.37
org.apache.commons.compress.archivers.zip.ZipShort,90,0.37
org.apache.commons.compress.archivers.zip.ZipShort,91,0.37
org.apache.commons.compress.archivers.zip.ZipArchiveOutputStream,775,0.367
org.apache.commons.compress.archivers.zip.ZipArchiveOutputStream,776,0.367
org.apache.commons.compress.archivers.zip.ZipLong,154,0.355
org.apache.commons.compress.archivers.zip.ZipLong,155,0.355
org.apache.commons.compress.archivers.zip.ZipArchiveOutputStream,1573,0.355
org.apache.commons.compress.archivers.zip.ZipArchiveOutputStream,1625,0.355
org.apache.commons.compress.archivers.zip.ZipArchiveOutputStream,1630,0.355
org.apache.commons.compress.archivers.zip.ZipArchiveEntry,682,0.354
org.apache.commons.compress.utils.ByteUtils,174,0.353
org.apache.commons.compress.utils.ByteUtils,175,0.353
org.apache.commons.compress.utils.ByteUtils,176,0.353
org.apache.commons.compress.utils.ByteUtils,177,0.353
org.apache.commons.compress.utils.ByteUtils,179,0.353
org.apache.commons.compress.archivers.zip.ZipArchiveOutputStream,1961,0.353
org.apache.commons.compress.archivers.zip.ZipArchiveOutputStream,632,0.353
org.apache.commons.compress.archivers.zip.ZipArchiveOutputStream,767,0.353
org.apache.commons.compress.archivers.zip.ZipArchiveOutputStream,769,0.353
org.apache.commons.compress.archivers.zip.ZipArchiveOutputStream,770,0.353
org.apache.commons.compress.archivers.zip.ZipArchiveOutputStream,771,0.353
org.apache.commons.compress.archivers.zip.ZipArchiveOutputStream,779,0.353
org.apache.commons.compress.archivers.zip.ZipArchiveOutputStream,809,0.353
org.apache.commons.compress.archivers.zip.ZipArchiveOutputStream,810,0.353
org.apache.commons.compress.archivers.zip.ZipArchiveOutputStream,864,0.352
org.apache.commons.compress.archivers.zip.ZipLong,139,0.35
org.apache.commons.compress.archivers.zip.ZipLong,140,0.35
org.apache.commons.compress.archivers.zip.ZipLong,141,0.35
org.apache.commons.compress.archivers.zip.ZipArchiveEntry,551,0.35
org.apache.commons.compress.archivers.zip.ZipArchiveEntry,729,0.35
org.apache.commons.compress.archivers.zip.ZipArchiveEntry,730,0.35
org.apache.commons.compress.archivers.zip.ZipEightByteInteger,177,0.35
org.apache.commons.compress.archivers.zip.ZipEightByteInteger,178,0.35
org.apache.commons.compress.archivers.zip.ZipEightByteInteger,179,0.35
org.apache.commons.compress.archivers.zip.ZipEightByteInteger,180,0.35
org.apache.commons.compress.archivers.zip.ZipEightByteInteger,181,0.35
org.apache.commons.compress.archivers.zip.ZipEightByteInteger,182,0.35
org.apache.commons.compress.archivers.zip.ZipEightByteInteger,183,0.35
org.apache.commons.compress.archivers.zip.ZipEightByteInteger,184,0.35
org.apache.commons.compress.archivers.zip.ZipEightByteInteger,185,0.35
org.apache.commons.compress.archivers.zip.ZipEightByteInteger,186,0.35
org.apache.commons.compress.archivers.zip.ExtraFieldUtils,232,0.346
org.apache.commons.compress.archivers.zip.ExtraFieldUtils,233,0.346
org.apache.commons.compress.archivers.zip.ExtraFieldUtils,235,0.346
org.apache.commons.compress.archivers.zip.ExtraFieldUtils,238,0.346
org.apache.commons.compress.archivers.zip.ExtraFieldUtils,239,0.346
org.apache.commons.compress.archivers.zip.ExtraFieldUtils,243,0.346
org.apache.commons.compress.archivers.zip.ExtraFieldUtils,244,0.346
org.apache.commons.compress.archivers.zip.ExtraFieldUtils,245,0.346
org.apache.commons.compress.archivers.zip.ExtraFieldUtils,257,0.346
org.apache.commons.compress.archivers.zip.ExtraFieldUtils,263,0.346
org.apache.commons.compress.archivers.zip.StreamCompressor,337,0.345
org.apache.commons.compress.archivers.zip.StreamCompressor,338,0.345
org.apache.commons.compress.archivers.zip.ZipEightByteInteger,108,0.343
org.apache.commons.compress.archivers.zip.ZipArchiveOutputStream,1094,0.343
org.apache.commons.compress.archivers.zip.ZipArchiveOutputStream,1095,0.343
org.apache.commons.compress.archivers.zip.StreamCompressor,108,0.337
org.apache.commons.compress.archivers.zip.ZipArchiveOutputStream,1918,0.337
org.apache.commons.compress.archivers.zip.ZipEightByteInteger,142,0.335
org.apache.commons.compress.archivers.zip.ZipEightByteInteger,143,0.335
org.apache.commons.compress.archivers.zip.ZipEightByteInteger,144,0.335
org.apache.commons.compress.archivers.zip.ZipEightByteInteger,145,0.335
org.apache.commons.compress.archivers.zip.ZipEightByteInteger,146,0.335
org.apache.commons.compress.archivers.zip.ZipEightByteInteger,147,0.335
org.apache.commons.compress.archivers.zip.ZipEightByteInteger,148,0.335
org.apache.commons.compress.archivers.zip.ZipEightByteInteger,149,0.335
org.apache.commons.compress.archivers.zip.ZipEightByteInteger,150,0.335
org.apache.commons.compress.archivers.zip.ZipEightByteInteger,151,0.335
org.apache.commons.compress.archivers.zip.ZipEightByteInteger,152,0.335
org.apache.commons.compress.archivers.zip.ZipEightByteInteger,155,0.335
org.apache.commons.compress.archivers.zip.ZipUtil,332,0.332
org.apache.commons.compress.archivers.zip.ZipUtil,333,0.332
org.apache.commons.compress.archivers.zip.ZipMethod,209,0.332
org.apache.commons.compress.archivers.zip.ZipArchiveOutputStream,866,0.323
org.apache.commons.compress.archivers.zip.StreamCompressor,207,0.318
org.apache.commons.compress.archivers.zip.ZipArchiveOutputStream,712,0.318
org.apache.commons.compress.archivers.zip.ZipLong,115,0.317
org.apache.commons.compress.archivers.zip.ZipUtil,334,0.317
org.apache.commons.compress.archivers.zip.ZipArchiveOutputStream,870,0.306
org.apache.commons.compress.harmony.pack200.Archive,96,0.305
org.apache.commons.compress.harmony.pack200.Archive,99,0.305
org.apache.commons.compress.harmony.pack200.Archive,113,0.305
org.apache.commons.compress.harmony.pack200.Archive,115,0.305
org.apache.commons.compress.harmony.pack200.Archive,121,0.305
org.apache.commons.compress.harmony.pack200.Archive,122,0.305
org.apache.commons.compress.harmony.pack200.Archive,123,0.305
org.apache.commons.compress.harmony.pack200.Archive,125,0.305
org.apache.commons.compress.harmony.pack200.Archive,127,0.305
org.apache.commons.compress.harmony.pack200.Archive,128,0.305
org.apache.commons.compress.harmony.pack200.Archive,129,0.305
org.apache.commons.compress.harmony.pack200.Archive,141,0.305
org.apache.commons.compress.harmony.pack200.Archive,142,0.305
org.apache.commons.compress.harmony.pack200.Archive,143,0.305
org.apache.commons.compress.harmony.pack200.Archive,144,0.305
org.apache.commons.compress.harmony.pack200.Archive,146,0.305
org.apache.commons.compress.harmony.pack200.Archive,148,0.305
org.apache.commons.compress.harmony.pack200.Archive,149,0.305
org.apache.commons.compress.harmony.pack200.Archive,150,0.305
org.apache.commons.compress.harmony.pack200.Archive,160,0.305
org.apache.commons.compress.harmony.pack200.Archive,169,0.305
org.apache.commons.compress.harmony.pack200.Archive,170,0.305
org.apache.commons.compress.harmony.pack200.Archive,172,0.305
org.apache.commons.compress.harmony.pack200.Archive,177,0.305
org.apache.commons.compress.harmony.pack200.Archive,178,0.305
org.apache.commons.compress.harmony.pack200.Archive,182,0.305
org.apache.commons.compress.harmony.pack200.Archive,183,0.305
org.apache.commons.compress.harmony.pack200.Archive,188,0.305
org.apache.commons.compress.harmony.pack200.Archive,191,0.305
org.apache.commons.compress.harmony.pack200.Archive,192,0.305
org.apache.commons.compress.harmony.pack200.Archive,198,0.305
org.apache.commons.compress.harmony.pack200.Archive,199,0.305
org.apache.commons.compress.harmony.pack200.Archive,205,0.305
org.apache.commons.compress.harmony.pack200.Archive,206,0.305
org.apache.commons.compress.harmony.pack200.Archive,209,0.305
org.apache.commons.compress.harmony.pack200.Archive,210,0.305
org.apache.commons.compress.harmony.pack200.Archive,213,0.305
org.apache.commons.compress.harmony.pack200.PackingUtils,62,0.305
org.apache.commons.compress.harmony.pack200.PackingUtils,65,0.305
org.apache.commons.compress.harmony.pack200.PackingUtils,68,0.305
org.apache.commons.compress.harmony.pack200.PackingUtils,69,0.305
org.apache.commons.compress.harmony.pack200.PackingUtils,73,0.305
org.apache.commons.compress.harmony.pack200.PackingUtils,74,0.305
org.apache.commons.compress.harmony.pack200.PackingUtils,81,0.305
org.apache.commons.compress.harmony.pack200.PackingUtils,82,0.305
org.apache.commons.compress.harmony.pack200.PackingUtils,85,0.305
org.apache.commons.compress.harmony.pack200.PackingUtils,86,0.305
org.apache.commons.compress.harmony.pack200.PackingUtils,192,0.305
org.apache.commons.compress.harmony.pack200.PackingUtils,193,0.305
org.apache.commons.compress.harmony.pack200.PackingUtils,197,0.305
org.apache.commons.compress.harmony.pack200.PackingUtils,200,0.305
org.apache.commons.compress.harmony.pack200.PackingUtils,201,0.305
org.apache.commons.compress.harmony.pack200.PackingUtils,204,0.305
org.apache.commons.compress.harmony.pack200.PackingOptions,57,0.305
org.apache.commons.compress.harmony.pack200.PackingOptions,80,0.305
org.apache.commons.compress.harmony.pack200.PackingOptions,88,0.305
org.apache.commons.compress.harmony.pack200.PackingOptions,101,0.305
org.apache.commons.compress.harmony.pack200.PackingOptions,232,0.305
org.apache.commons.compress.harmony.pack200.PackingOptions,244,0.305
org.apache.commons.compress.java.util.jar.Pack200,63,0.305
org.apache.commons.compress.java.util.jar.Pack200,64,0.305
org.apache.commons.compress.java.util.jar.Pack200,69,0.305
org.apache.commons.compress.java.util.jar.Pack200,70,0.305
org.apache.commons.compress.harmony.pack200.Archive,302,0.305
org.apache.commons.compress.harmony.pack200.Archive,273,0.305
org.apache.commons.compress.java.util.jar.Pack200,60,0.305
org.apache.commons.compress.java.util.jar.Pack200,61,0.305
org.apache.commons.compress.harmony.pack200.Pack200PackerAdapter,68,0.305
org.apache.commons.compress.harmony.pack200.Pack200PackerAdapter,69,0.305
org.apache.commons.compress.harmony.pack200.Pack200PackerAdapter,70,0.305
org.apache.commons.compress.harmony.pack200.Pack200PackerAdapter,78,0.305
org.apache.commons.compress.harmony.pack200.Pack200PackerAdapter,80,0.305
org.apache.commons.compress.harmony.pack200.Pack200PackerAdapter,85,0.305
org.apache.commons.compress.harmony.pack200.Pack200PackerAdapter,90,0.305
org.apache.commons.compress.harmony.pack200.Pack200PackerAdapter,95,0.305
org.apache.commons.compress.harmony.pack200.Pack200PackerAdapter,97,0.305
org.apache.commons.compress.harmony.pack200.Pack200PackerAdapter,101,0.305
org.apache.commons.compress.archivers.zip.StreamCompressor,205,0.305
org.apache.commons.compress.archivers.zip.StreamCompressor,227,0.305
org.apache.commons.compress.archivers.zip.StreamCompressor,228,0.305
org.apache.commons.compress.archivers.zip.StreamCompressor,229,0.305
org.apache.commons.compress.archivers.zip.StreamCompressor,231,0.305
org.apache.commons.compress.archivers.zip.StreamCompressor,235,0.305
org.apache.commons.compress.archivers.zip.StreamCompressor,253,0.305
org.apache.commons.compress.archivers.zip.StreamCompressor,262,0.305
org.apache.commons.compress.archivers.zip.StreamCompressor,263,0.305
org.apache.commons.compress.archivers.zip.StreamCompressor,264,0.305
org.apache.commons.compress.archivers.zip.StreamCompressor,266,0.305
org.apache.commons.compress.archivers.zip.ZipArchiveOutputStream,1961,0.305
org.apache.commons.compress.archivers.zip.ZipArchiveOutputStream,690,0.305
org.apache.commons.compress.archivers.zip.ZipArchiveOutputStream,708,0.305
org.apache.commons.compress.archivers.zip.ZipArchiveOutputStream,709,0.305
org.apache.commons.compress.archivers.zip.ZipArchiveOutputStream,710,0.305
org.apache.commons.compress.archivers.zip.StreamCompressor,236,0.293
org.apache.commons.compress.archivers.zip.StreamCompressor,256,0.293
org.apache.commons.compress.archivers.zip.StreamCompressor,257,0.293
org.apache.commons.compress.archivers.zip.StreamCompressor,259,0.293
org.apache.commons.compress.archivers.zip.ZipArchiveOutputStream,780,0.288
org.apache.commons.compress.archivers.zip.ZipArchiveOutputStream,781,0.288
org.apache.commons.compress.archivers.zip.ZipArchiveOutputStream,783,0.288
org.apache.commons.compress.archivers.zip.ZipArchiveOutputStream,787,0.288
org.apache.commons.compress.archivers.zip.ZipArchiveOutputStream,788,0.288
org.apache.commons.compress.archivers.zip.ZipArchiveOutputStream,790,0.288
org.apache.commons.compress.archivers.zip.ZipArchiveOutputStream,1318,0.249
org.apache.commons.compress.archivers.zip.ZipArchiveOutputStream,1319,0.249
org.apache.commons.compress.archivers.zip.ZipArchiveOutputStream,1094,0.249
org.apache.commons.compress.archivers.zip.StreamCompressor,306,0.247
org.apache.commons.compress.archivers.zip.StreamCompressor,307,0.247
org.apache.commons.compress.archivers.zip.ZipArchiveOutputStream,1922,0.245
org.apache.commons.compress.archivers.zip.StreamCompressor,75,0.24
org.apache.commons.compress.archivers.zip.ZipArchiveOutputStream,729,0.236
org.apache.commons.compress.archivers.zip.ZipArchiveOutputStream,730,0.236
org.apache.commons.compress.archivers.zip.ZipArchiveOutputStream,731,0.236
org.apache.commons.compress.harmony.pack200.Archive,118,0.216
org.apache.commons.compress.harmony.pack200.Archive,207,0.216
org.apache.commons.compress.harmony.pack200.PackingUtils,174,0.216
org.apache.commons.compress.harmony.pack200.PackingUtils,175,0.216
org.apache.commons.compress.harmony.pack200.PackingUtils,178,0.216
org.apache.commons.compress.harmony.pack200.PackingUtils,179,0.216
org.apache.commons.compress.harmony.pack200.PackingUtils,180,0.216
org.apache.commons.compress.harmony.pack200.PackingUtils,181,0.216
org.apache.commons.compress.harmony.pack200.PackingUtils,185,0.216
org.apache.commons.compress.harmony.pack200.PackingUtils,188,0.216
org.apache.commons.compress.compressors.pack200.Pack200Utils,130,0.216
org.apache.commons.compress.compressors.pack200.Pack200Utils,133,0.216
org.apache.commons.compress.compressors.pack200.Pack200Utils,134,0.216
org.apache.commons.compress.compressors.pack200.Pack200Utils,136,0.216
org.apache.commons.compress.compressors.pack200.Pack200Utils,137,0.216
org.apache.commons.compress.compressors.pack200.Pack200Utils,138,0.216
org.apache.commons.compress.compressors.pack200.Pack200Utils,139,0.216
org.apache.commons.compress.compressors.pack200.Pack200Utils,140,0.216
org.apache.commons.compress.compressors.pack200.Pack200Utils,141,0.216
org.apache.commons.compress.compressors.pack200.Pack200Utils,141,0.216
org.apache.commons.compress.compressors.pack200.Pack200Utils,150,0.216
org.apache.commons.compress.harmony.pack200.Pack200Adapter,36,0.216
org.apache.commons.compress.harmony.pack200.Pack200Adapter,44,0.216
org.apache.commons.compress.harmony.pack200.Pack200Adapter,45,0.216
org.apache.commons.compress.harmony.pack200.Pack200Adapter,57,0.216
org.apache.commons.compress.harmony.pack200.Pack200Adapter,58,0.216
org.apache.commons.compress.harmony.pack200.Pack200PackerAdapter,37,0.216
org.apache.commons.compress.harmony.pack200.Pack200PackerAdapter,40,0.216
org.apache.commons.compress.harmony.pack200.Pack200PackerAdapter,42,0.216
org.apache.commons.compress.archivers.zip.ZipArchiveOutputStream,713,0.216
org.apache.commons.compress.archivers.zip.ZipArchiveOutputStream,721,0.216
org.apache.commons.compress.archivers.zip.ZipArchiveOutputStream,1229,0.216
org.apache.commons.compress.archivers.zip.ZipArchiveOutputStream,1599,0.216
org.apache.commons.compress.archivers.zip.ZipArchiveOutputStream,1351,0.216
org.apache.commons.compress.harmony.pack200.Archive,116,0.216
org.apache.commons.compress.harmony.pack200.Pack200PackerAdapter,51,0.216
org.apache.commons.compress.harmony.pack200.Pack200PackerAdapter,54,0.216
org.apache.commons.compress.harmony.pack200.Pack200PackerAdapter,55,0.216
org.apache.commons.compress.harmony.pack200.Pack200PackerAdapter,58,0.216
org.apache.commons.compress.compressors.pack200.Pack200CompressorOutputStream,112,0.216
org.apache.commons.compress.compressors.pack200.Pack200CompressorOutputStream,113,0.216
org.apache.commons.compress.compressors.pack200.Pack200CompressorOutputStream,118,0.216
org.apache.commons.compress.compressors.pack200.Pack200CompressorOutputStream,121,0.216
org.apache.commons.compress.compressors.pack200.Pack200CompressorOutputStream,123,0.216
org.apache.commons.compress.compressors.pack200.Pack200CompressorOutputStream,124,0.216
org.apache.commons.compress.compressors.pack200.Pack200CompressorOutputStream,125,0.216
org.apache.commons.compress.compressors.pack200.Pack200CompressorOutputStream,121,0.216
org.apache.commons.compress.compressors.pack200.Pack200CompressorOutputStream,123,0.216
org.apache.commons.compress.compressors.pack200.Pack200CompressorOutputStream,124,0.216
org.apache.commons.compress.compressors.pack200.Pack200CompressorOutputStream,125,0.216
org.apache.commons.compress.compressors.pack200.Pack200CompressorOutputStream,126,0.216
org.apache.commons.compress.compressors.pack200.Pack200CompressorOutputStream,129,0.216
org.apache.commons.compress.compressors.pack200.Pack200CompressorOutputStream,130,0.216
org.apache.commons.compress.compressors.pack200.Pack200CompressorOutputStream,131,0.216
org.apache.commons.compress.compressors.pack200.Pack200CompressorOutputStream,132,0.216
org.apache.commons.compress.compressors.pack200.Pack200CompressorOutputStream,135,0.216
org.apache.commons.compress.compressors.pack200.Pack200CompressorOutputStream,136,0.216
org.apache.commons.compress.compressors.pack200.Pack200CompressorOutputStream,137,0.216
org.apache.commons.compress.compressors.pack200.Pack200CompressorOutputStream,139,0.216
org.apache.commons.compress.harmony.pack200.PackingUtils,147,0.216
org.apache.commons.compress.harmony.pack200.PackingUtils,150,0.216
org.apache.commons.compress.harmony.pack200.PackingUtils,151,0.216
org.apache.commons.compress.harmony.pack200.PackingUtils,160,0.216
org.apache.commons.compress.harmony.pack200.PackingUtils,161,0.216
org.apache.commons.compress.harmony.pack200.PackingUtils,162,0.216
org.apache.commons.compress.harmony.pack200.PackingUtils,166,0.216
org.apache.commons.compress.harmony.pack200.PackingUtils,169,0.216
org.apache.commons.compress.harmony.pack200.PackingUtils,198,0.216
org.apache.commons.compress.archivers.zip.ZipArchiveEntry,549,0.214
org.apache.commons.compress.archivers.zip.ZipArchiveEntry,561,0.214
org.apache.commons.compress.archivers.zip.ZipArchiveOutputStream,1576,0.203
org.apache.commons.compress.archivers.zip.ZipArchiveOutputStream,1577,0.203
org.apache.commons.compress.archivers.zip.ZipArchiveOutputStream,1580,0.203
org.apache.commons.compress.archivers.zip.ZipArchiveOutputStream,1585,0.203
org.apache.commons.compress.archivers.zip.ZipArchiveOutputStream,1590,0.203
org.apache.commons.compress.archivers.zip.ZipArchiveOutputStream,1592,0.203
org.apache.commons.compress.archivers.zip.ZipArchiveOutputStream,1598,0.203
org.apache.commons.compress.archivers.zip.ZipArchiveOutputStream,1622,0.203
org.apache.commons.compress.archivers.zip.ZipArchiveOutputStream,908,0.203
org.apache.commons.compress.archivers.zip.ZipArchiveOutputStream,913,0.203
org.apache.commons.compress.archivers.zip.ZipArchiveOutputStream,917,0.203
org.apache.commons.compress.archivers.zip.ZipArchiveOutputStream,1340,0.199
org.apache.commons.compress.archivers.zip.ZipArchiveOutputStream,1341,0.199
org.apache.commons.compress.archivers.zip.ZipArchiveOutputStream,1342,0.199
org.apache.commons.compress.archivers.zip.ZipArchiveOutputStream,1343,0.199
org.apache.commons.compress.archivers.zip.ZipArchiveOutputStream,1429,0.199
org.apache.commons.compress.archivers.zip.ZipArchiveOutputStream,1430,0.199
org.apache.commons.compress.archivers.zip.ZipArchiveOutputStream,1242,0.194
org.apache.commons.compress.archivers.zip.ZipArchiveOutputStream,1245,0.194
org.apache.commons.compress.archivers.zip.ZipArchiveOutputStream,1778,0.191
org.apache.commons.compress.AbstractTestCase,75,0.19
org.apache.commons.compress.archivers.zip.ZipArchiveOutputStream,1461,0.189
org.apache.commons.compress.archivers.zip.ZipArchiveOutputStream,946,0.188
org.apache.commons.compress.archivers.zip.ZipArchiveOutputStream,947,0.188
org.apache.commons.compress.archivers.zip.ZipArchiveOutputStream,1312,0.186
org.apache.commons.compress.archivers.zip.ZipArchiveOutputStream,1313,0.186
org.apache.commons.compress.archivers.zip.ZipArchiveOutputStream,1314,0.186
org.apache.commons.compress.archivers.zip.ZipArchiveOutputStream,1321,0.186
org.apache.commons.compress.archivers.zip.ZipArchiveOutputStream,753,0.184
org.apache.commons.compress.archivers.zip.ZipArchiveOutputStream,757,0.184
org.apache.commons.compress.archivers.zip.ZipArchiveOutputStream,1781,0.183
org.apache.commons.compress.archivers.zip.ZipArchiveOutputStream,1789,0.183
org.apache.commons.compress.archivers.zip.ZipArchiveOutputStream,945,0.182
org.apache.commons.compress.archivers.zip.ZipArchiveOutputStream,1246,0.18
org.apache.commons.compress.archivers.zip.ZipArchiveOutputStream,1247,0.18
org.apache.commons.compress.archivers.zip.ZipArchiveOutputStream,1769,0.178
org.apache.commons.compress.archivers.zip.ZipFile,662,0.176
org.apache.commons.compress.archivers.zip.ZipFile,668,0.176
org.apache.commons.compress.archivers.zip.ZipFile,669,0.176
org.apache.commons.compress.archivers.zip.ZipFile,670,0.176
org.apache.commons.compress.archivers.zip.ZipArchiveOutputStream,772,0.173
org.apache.commons.compress.archivers.zip.ZipArchiveOutputStream,773,0.173
org.apache.commons.compress.archivers.zip.GeneralPurposeBit,115,0.168
org.apache.commons.compress.archivers.zip.GeneralPurposeBit,116,0.168
org.apache.commons.compress.compressors.pack200.Pack200Utils,60,0.152
org.apache.commons.compress.compressors.pack200.Pack200Utils,131,0.152
org.apache.commons.compress.archivers.zip.ZipLong,168,0.152
org.apache.commons.compress.archivers.tar.TarArchiveEntry,865,0.152
org.apache.commons.compress.archivers.tar.TarArchiveEntry,1763,0.152
org.apache.commons.compress.archivers.ArchiveStreamFactory,549,0.152
org.apache.commons.compress.archivers.ArchiveStreamFactory,551,0.152
org.apache.commons.compress.archivers.ArchiveStreamFactory,553,0.152
org.apache.commons.compress.archivers.ArchiveStreamFactory,562,0.152
org.apache.commons.compress.archivers.ArchiveStreamFactory,563,0.152
org.apache.commons.compress.archivers.tar.TarUtils,127,0.152
org.apache.commons.compress.archivers.tar.TarUtils,135,0.152
org.apache.commons.compress.archivers.tar.TarUtils,123,0.152
org.apache.commons.compress.archivers.zip.ExtraFieldUtils,93,0.152
org.apache.commons.compress.archivers.zip.ExtraFieldUtils,94,0.152
org.apache.commons.compress.archivers.zip.ExtraFieldUtils,95,0.152
org.apache.commons.compress.archivers.zip.ExtraFieldUtils,113,0.152
org.apache.commons.compress.archivers.zip.UnrecognizedExtraField,135,0.152
org.apache.commons.compress.archivers.zip.UnrecognizedExtraField,136,0.152
org.apache.commons.compress.archivers.zip.AsiExtraField,272,0.152
org.apache.commons.compress.archivers.zip.AsiExtraField,277,0.152
org.apache.commons.compress.archivers.zip.AsiExtraField,278,0.152
org.apache.commons.compress.archivers.zip.AsiExtraField,279,0.152
org.apache.commons.compress.archivers.zip.AsiExtraField,280,0.152
org.apache.commons.compress.archivers.zip.AsiExtraField,281,0.152
org.apache.commons.compress.archivers.zip.AsiExtraField,282,0.152
org.apache.commons.compress.archivers.zip.AsiExtraField,283,0.152
org.apache.commons.compress.archivers.zip.AsiExtraField,284,0.152
org.apache.commons.compress.archivers.zip.AsiExtraField,285,0.152
org.apache.commons.compress.archivers.zip.AsiExtraField,287,0.152
org.apache.commons.compress.archivers.zip.AsiExtraField,290,0.152
org.apache.commons.compress.archivers.zip.AsiExtraField,292,0.152
org.apache.commons.compress.archivers.zip.AsiExtraField,293,0.152
org.apache.commons.compress.archivers.zip.AsiExtraField,297,0.152
org.apache.commons.compress.archivers.zip.AsiExtraField,298,0.152
org.apache.commons.compress.archivers.zip.AsiExtraField,299,0.152
org.apache.commons.compress.archivers.zip.AsiExtraField,300,0.152
org.apache.commons.compress.archivers.zip.AsiExtraField,302,0.152
org.apache.commons.compress.archivers.zip.AsiExtraField,303,0.152
org.apache.commons.compress.archivers.zip.AsiExtraField,304,0.152
org.apache.commons.compress.archivers.zip.AsiExtraField,307,0.152
org.apache.commons.compress.archivers.zip.AsiExtraField,308,0.152
org.apache.commons.compress.archivers.zip.AsiExtraField,309,0.152
org.apache.commons.compress.archivers.ar.ArArchiveOutputStream,141,0.152
org.apache.commons.compress.archivers.tar.TarArchiveEntry,995,0.152
org.apache.commons.compress.archivers.zip.ExtraFieldUtils,125,0.152
org.apache.commons.compress.archivers.zip.ExtraFieldUtils,397,0.152
org.apache.commons.compress.archivers.ar.ArArchiveOutputStream,80,0.152
org.apache.commons.compress.archivers.ar.ArArchiveOutputStream,217,0.152
org.apache.commons.compress.archivers.ar.ArArchiveOutputStream,218,0.152
org.apache.commons.compress.archivers.cpio.CpioArchiveOutputStream,204,0.152
org.apache.commons.compress.archivers.cpio.CpioArchiveOutputStream,390,0.152
org.apache.commons.compress.archivers.cpio.CpioArchiveOutputStream,498,0.152
org.apache.commons.compress.archivers.cpio.CpioArchiveOutputStream,499,0.152
org.apache.commons.compress.archivers.cpio.CpioArchiveOutputStream,501,0.152
org.apache.commons.compress.archivers.tar.TarArchiveOutputStream,313,0.152
org.apache.commons.compress.archivers.tar.TarArchiveOutputStream,314,0.152
org.apache.commons.compress.archivers.tar.TarArchiveOutputStream,316,0.152
org.apache.commons.compress.archivers.tar.TarArchiveOutputStream,425,0.152
org.apache.commons.compress.utils.FixedLengthBlockOutputStream,115,0.152
org.apache.commons.compress.utils.FixedLengthBlockOutputStream,167,0.152
org.apache.commons.compress.archivers.tar.TarArchiveEntry,948,0.152
org.apache.commons.compress.archivers.tar.TarArchiveEntry,949,0.152
org.apache.commons.compress.archivers.tar.TarArchiveEntry,950,0.152
org.apache.commons.compress.archivers.tar.TarArchiveEntry,951,0.152
org.apache.commons.compress.archivers.tar.TarArchiveEntry,953,0.152
org.apache.commons.compress.archivers.tar.TarArchiveEntry,954,0.152
org.apache.commons.compress.archivers.tar.TarArchiveEntry,955,0.152
org.apache.commons.compress.archivers.tar.TarArchiveEntry,956,0.152
org.apache.commons.compress.archivers.tar.TarArchiveEntry,957,0.152
org.apache.commons.compress.archivers.tar.TarArchiveEntry,961,0.152
org.apache.commons.compress.archivers.tar.TarArchiveEntry,967,0.152
org.apache.commons.compress.archivers.tar.TarArchiveEntry,968,0.152
org.apache.commons.compress.archivers.tar.TarArchiveEntry,969,0.152
org.apache.commons.compress.archivers.tar.TarArchiveEntry,974,0.152
org.apache.commons.compress.archivers.tar.TarArchiveEntry,1057,0.152
org.apache.commons.compress.archivers.tar.TarArchiveEntry,1073,0.152
org.apache.commons.compress.archivers.tar.TarArchiveEntry,949,0.152
org.apache.commons.compress.archivers.tar.TarArchiveInputStream,207,0.152
org.apache.commons.compress.archivers.tar.TarArchiveInputStream,208,0.152
org.apache.commons.compress.archivers.tar.TarArchiveInputStream,430,0.152
org.apache.commons.compress.archivers.tar.TarArchiveInputStream,641,0.152
org.apache.commons.compress.archivers.tar.TarArchiveInputStream,655,0.152
org.apache.commons.compress.archivers.tar.TarArchiveInputStream,656,0.152
org.apache.commons.compress.archivers.tar.TarArchiveInputStream,816,0.152
org.apache.commons.compress.archivers.tar.TarArchiveInputStream,915,0.152
org.apache.commons.compress.archivers.tar.TarArchiveInputStream,916,0.152
org.apache.commons.compress.archivers.tar.TarArchiveInputStream,922,0.152
org.apache.commons.compress.archivers.tar.TarArchiveInputStream,923,0.152
org.apache.commons.compress.archivers.tar.TarArchiveInputStream,927,0.152
org.apache.commons.compress.archivers.tar.TarArchiveInputStream,928,0.152
org.apache.commons.compress.archivers.tar.TarArchiveInputStream,931,0.152
org.apache.commons.compress.archivers.tar.TarArchiveInputStream,932,0.152
org.apache.commons.compress.archivers.tar.TarArchiveInputStream,935,0.152
org.apache.commons.compress.utils.BoundedInputStream,75,0.152
org.apache.commons.compress.archivers.zip.GeneralPurposeBit,157,0.152
org.apache.commons.compress.archivers.zip.GeneralPurposeBit,164,0.152
org.apache.commons.compress.archivers.zip.ZipArchiveInputStream,370,0.152
org.apache.commons.compress.archivers.zip.ZipArchiveInputStream,371,0.152
org.apache.commons.compress.archivers.zip.ZipArchiveInputStream,377,0.152
org.apache.commons.compress.archivers.zip.ZipArchiveInputStream,378,0.152
org.apache.commons.compress.archivers.zip.ZipArchiveInputStream,379,0.152
org.apache.commons.compress.archivers.zip.ZipArchiveInputStream,383,0.152
org.apache.commons.compress.archivers.zip.ZipArchiveInputStream,397,0.152
org.apache.commons.compress.archivers.zip.ZipArchiveInputStream,490,0.152
org.apache.commons.compress.archivers.zip.ZipArchiveInputStream,491,0.152
org.apache.commons.compress.archivers.zip.ZipArchiveInputStream,1284,0.152
org.apache.commons.compress.archivers.zip.ZipArchiveInputStream,296,0.152
org.apache.commons.compress.archivers.zip.ZipArchiveInputStream,1196,0.152
org.apache.commons.compress.archivers.zip.ZipArchiveInputStream,1245,0.152
org.apache.commons.compress.archivers.zip.ZipArchiveInputStream,1248,0.152
org.apache.commons.compress.archivers.zip.ZipArchiveInputStream,1250,0.152
org.apache.commons.compress.archivers.zip.ZipArchiveInputStream,1253,0.152
org.apache.commons.compress.archivers.zip.ZipArchiveInputStream,1266,0.152
org.apache.commons.compress.archivers.zip.ZipArchiveInputStream,1270,0.152
org.apache.commons.compress.archivers.zip.ZipArchiveInputStream,1271,0.152
org.apache.commons.compress.archivers.zip.ZipArchiveInputStream,1275,0.152
org.apache.commons.compress.archivers.zip.ZipEightByteInteger,205,0.152
org.apache.commons.compress.compressors.bzip2.BZip2Utils,90,0.152
org.apache.commons.compress.AbstractTestCase,62,0.151
org.apache.commons.compress.AbstractTestCase,63,0.151
org.apache.commons.compress.AbstractTestCase,64,0.151
org.apache.commons.compress.AbstractTestCase,65,0.151
org.apache.commons.compress.AbstractTestCase,68,0.151
org.apache.commons.compress.AbstractTestCase,69,0.151
org.apache.commons.compress.AbstractTestCase,70,0.151
org.apache.commons.compress.AbstractTestCase,71,0.151
org.apache.commons.compress.AbstractTestCase,80,0.151
org.apache.commons.compress.AbstractTestCase,81,0.151
org.apache.commons.compress.AbstractTestCase,82,0.151
org.apache.commons.compress.AbstractTestCase,83,0.151
org.apache.commons.compress.AbstractTestCase,87,0.151
org.apache.commons.compress.AbstractTestCase,90,0.151
org.apache.commons.compress.AbstractTestCase,91,0.151
org.apache.commons.compress.AbstractTestCase,92,0.151
org.apache.commons.compress.AbstractTestCase,103,0.151
org.apache.commons.compress.AbstractTestCase,104,0.151
org.apache.commons.compress.AbstractTestCase,107,0.151
org.apache.commons.compress.utils.ByteUtils,88,0.149
org.apache.commons.compress.utils.ByteUtils,89,0.149
org.apache.commons.compress.utils.ByteUtils,90,0.149
org.apache.commons.compress.utils.ByteUtils,91,0.149
org.apache.commons.compress.utils.ByteUtils,93,0.149
org.apache.commons.compress.utils.ByteUtils,265,0.146
org.apache.commons.compress.utils.ByteUtils,268,0.146
org.apache.commons.compress.archivers.tar.TarUtils,118,0.127
org.apache.commons.compress.archivers.tar.TarUtils,119,0.127
org.apache.commons.compress.archivers.tar.TarUtils,120,0.127
org.apache.commons.compress.archivers.tar.TarUtils,122,0.127
org.apache.commons.compress.archivers.tar.TarUtils,126,0.127
org.apache.commons.compress.archivers.zip.ZipUtil,294,0.127
org.apache.commons.compress.archivers.zip.ZipUtil,295,0.127
org.apache.commons.compress.archivers.zip.UnrecognizedExtraField,43,0.127
org.apache.commons.compress.archivers.zip.UnrecognizedExtraField,44,0.127
org.apache.commons.compress.archivers.zip.UnrecognizedExtraField,52,0.127
org.apache.commons.compress.archivers.zip.UnrecognizedExtraField,67,0.127
org.apache.commons.compress.archivers.zip.UnrecognizedExtraField,68,0.127
org.apache.commons.compress.archivers.zip.UnrecognizedExtraField,76,0.127
org.apache.commons.compress.archivers.zip.UnrecognizedExtraField,85,0.127
org.apache.commons.compress.compressors.pack200.StreamBridge,50,0.125
org.apache.commons.compress.compressors.pack200.StreamBridge,51,0.125
org.apache.commons.compress.compressors.pack200.StreamBridge,52,0.125
org.apache.commons.compress.compressors.pack200.StreamBridge,54,0.125
org.apache.commons.compress.compressors.pack200.StreamBridge,55,0.125
org.apache.commons.compress.compressors.pack200.StreamBridge,67,0.125
org.apache.commons.compress.compressors.pack200.StreamBridge,68,0.125
org.apache.commons.compress.compressors.pack200.StreamBridge,69,0.125
org.apache.commons.compress.compressors.pack200.StreamBridge,70,0.125
org.apache.commons.compress.compressors.pack200.StreamBridge,71,0.125
org.apache.commons.compress.compressors.pack200.StreamBridge,73,0.125
org.apache.commons.compress.compressors.pack200.StreamBridge,74,0.125
org.apache.commons.compress.archivers.zip.ZipLong,177,0.122
org.apache.commons.compress.archivers.tar.TarArchiveEntry,915,0.12
org.apache.commons.compress.archivers.tar.TarArchiveEntry,1156,0.12
org.apache.commons.compress.archivers.tar.TarArchiveEntry,633,0.117
org.apache.commons.compress.archivers.zip.ZipArchiveOutputStream,1603,0.115
org.apache.commons.compress.archivers.zip.ZipArchiveOutputStream,1608,0.115
org.apache.commons.compress.archivers.zip.ZipArchiveOutputStream,1612,0.115
org.apache.commons.compress.archivers.zip.ZipArchiveOutputStream,582,0.115
org.apache.commons.compress.archivers.zip.ZipArchiveOutputStream,583,0.115
org.apache.commons.compress.archivers.zip.ZipArchiveOutputStream,584,0.115
org.apache.commons.compress.archivers.tar.TarUtils,244,0.115
org.apache.commons.compress.archivers.tar.TarUtils,324,0.115
org.apache.commons.compress.archivers.tar.TarUtils,325,0.115
org.apache.commons.compress.archivers.tar.TarUtils,327,0.115
org.apache.commons.compress.archivers.tar.TarUtils,335,0.115
org.apache.commons.compress.archivers.tar.TarUtils,336,0.115
org.apache.commons.compress.archivers.tar.TarUtils,338,0.115
org.apache.commons.compress.archivers.tar.TarUtils,339,0.115
org.apache.commons.compress.archivers.tar.TarUtils,341,0.115
org.apache.commons.compress.archivers.tar.TarUtils,344,0.115
org.apache.commons.compress.archivers.tar.TarUtils,347,0.115
org.apache.commons.compress.archivers.tar.TarUtils,351,0.115
org.apache.commons.compress.archivers.tar.TarUtils,353,0.115
org.apache.commons.compress.archivers.tar.TarArchiveEntry,1650,0.115
org.apache.commons.compress.archivers.tar.TarArchiveEntry,1651,0.115
org.apache.commons.compress.archivers.tar.TarArchiveEntry,1652,0.115
org.apache.commons.compress.archivers.tar.TarArchiveEntry,1653,0.115
org.apache.commons.compress.archivers.tar.TarArchiveEntry,1654,0.115
org.apache.commons.compress.archivers.tar.TarArchiveEntry,1655,0.115
org.apache.commons.compress.archivers.tar.TarArchiveEntry,1656,0.115
org.apache.commons.compress.archivers.tar.TarArchiveEntry,1657,0.115
org.apache.commons.compress.archivers.tar.TarArchiveEntry,1658,0.115
org.apache.commons.compress.archivers.tar.TarArchiveEntry,1659,0.115
org.apache.commons.compress.archivers.tar.TarArchiveEntry,1660,0.115
