org.jsoup.select.Elements,55,0.5
org.jsoup.select.QueryParser,122,0.387
org.jsoup.select.QueryParser,155,0.387
org.jsoup.select.QueryParser,156,0.387
org.jsoup.select.QueryParser,157,0.387
org.jsoup.select.QueryParser,158,0.387
org.jsoup.select.Elements,54,0.354
org.jsoup.parser.TreeBuilderState,401,0.333
org.jsoup.parser.TreeBuilderState,412,0.333
org.jsoup.parser.TreeBuilderState,413,0.333
org.jsoup.parser.TreeBuilderState,414,0.333
org.jsoup.parser.TreeBuilderState,415,0.333
org.jsoup.parser.TreeBuilder,656,0.329
org.jsoup.nodes.Node,105,0.295
org.jsoup.nodes.Node,107,0.295
org.jsoup.nodes.Node,75,0.289
org.jsoup.select.Elements,64,0.289
org.jsoup.select.Elements,65,0.289
org.jsoup.select.Elements,67,0.289
org.jsoup.select.Elements,68,0.289
org.jsoup.select.Evaluator,59,0.289
org.jsoup.parser.TokeniserState,996,0.283
org.jsoup.parser.TokeniserState,997,0.283
org.jsoup.parser.TokenQueue,358,0.274
org.jsoup.parser.TokenQueue,359,0.274
org.jsoup.parser.TokenQueue,360,0.274
org.jsoup.parser.TokenQueue,362,0.274
org.jsoup.parser.TreeBuilderState,678,0.254
org.jsoup.parser.TreeBuilderState,679,0.254
org.jsoup.parser.TreeBuilderState,680,0.254
org.jsoup.parser.TreeBuilderState,657,0.252
org.jsoup.parser.TreeBuilderState,660,0.252
org.jsoup.parser.TreeBuilderState,663,0.252
org.jsoup.parser.TreeBuilderState,664,0.252
org.jsoup.parser.TreeBuilderState,665,0.252
org.jsoup.parser.TreeBuilderState,666,0.252
org.jsoup.parser.TreeBuilderState,667,0.252
org.jsoup.parser.TreeBuilderState,668,0.252
org.jsoup.parser.TreeBuilderState,669,0.252
org.jsoup.parser.TreeBuilderState,670,0.252
org.jsoup.parser.TreeBuilderState,671,0.252
org.jsoup.parser.TreeBuilderState,672,0.252
org.jsoup.parser.TreeBuilderState,677,0.252
org.jsoup.parser.TreeBuilder,633,0.248
org.jsoup.parser.TreeBuilder,634,0.248
org.jsoup.parser.TreeBuilder,635,0.248
org.jsoup.parser.TreeBuilder,636,0.248
org.jsoup.parser.TreeBuilder,637,0.248
org.jsoup.parser.TreeBuilder,638,0.248
org.jsoup.parser.TreeBuilder,641,0.248
org.jsoup.parser.TreeBuilder,650,0.248
org.jsoup.parser.TreeBuilder,651,0.248
org.jsoup.parser.TreeBuilder,653,0.248
org.jsoup.parser.TreeBuilder,654,0.248
org.jsoup.parser.TreeBuilderState,649,0.248
org.jsoup.parser.TreeBuilderState,650,0.248
org.jsoup.parser.TreeBuilderState,651,0.248
org.jsoup.parser.TreeBuilderState,653,0.248
org.jsoup.parser.TreeBuilder,259,0.246
org.jsoup.parser.TreeBuilder,251,0.243
org.jsoup.parser.TreeBuilder,255,0.243
org.jsoup.parser.TreeBuilder,256,0.243
org.jsoup.parser.TreeBuilder,257,0.243
org.jsoup.parser.TreeBuilder,258,0.243
org.jsoup.parser.TreeBuilder,648,0.241
org.jsoup.parser.TreeBuilder,649,0.241
org.jsoup.parser.TreeBuilder,560,0.237
org.jsoup.parser.TreeBuilder,561,0.237
org.jsoup.parser.TreeBuilder,562,0.237
org.jsoup.parser.TreeBuilder,575,0.237
org.jsoup.parser.TreeBuilder,576,0.237
org.jsoup.parser.TokeniserState,895,0.237
org.jsoup.parser.TokeniserState,896,0.237
org.jsoup.parser.TokeniserState,956,0.237
org.jsoup.parser.TokeniserState,957,0.237
org.jsoup.parser.TokeniserState,958,0.237
org.jsoup.parser.TokeniserState,960,0.237
org.jsoup.parser.TokeniserState,961,0.237
org.jsoup.parser.TokeniserState,963,0.237
org.jsoup.parser.TokeniserState,964,0.237
org.jsoup.parser.TokeniserState,982,0.237
org.jsoup.nodes.Node,159,0.229
org.jsoup.nodes.Node,161,0.229
org.jsoup.nodes.Node,162,0.229
org.jsoup.nodes.Node,168,0.229
org.jsoup.nodes.Node,77,0.226
org.jsoup.parser.TreeBuilderState,255,0.226
org.jsoup.parser.TreeBuilderState,256,0.226
org.jsoup.nodes.Element,108,0.224
org.jsoup.nodes.Element,109,0.224
org.jsoup.nodes.Node,76,0.224
org.jsoup.select.Elements,51,0.224
org.jsoup.select.Elements,52,0.224
org.jsoup.parser.TokeniserState,1045,0.221
org.jsoup.parser.TokeniserState,1046,0.221
org.jsoup.parser.TokeniserState,1047,0.221
org.jsoup.parser.TreeBuilderState,1464,0.214
org.jsoup.parser.TokenQueue,119,0.202
org.jsoup.parser.TokenQueue,120,0.202
org.jsoup.parser.TokeniserState,919,0.201
org.jsoup.parser.TokeniserState,920,0.201
org.jsoup.parser.TokeniserState,986,0.201
org.jsoup.parser.TokeniserState,987,0.201
org.jsoup.parser.TokeniserState,988,0.201
org.jsoup.parser.TokeniserState,990,0.201
org.jsoup.parser.TokeniserState,991,0.201
org.jsoup.parser.TokeniserState,1028,0.201
org.jsoup.parser.TokeniserState,1033,0.2
org.jsoup.parser.TokeniserState,1034,0.2
org.jsoup.parser.TokeniserState,1058,0.2
org.jsoup.nodes.Node,74,0.197
org.jsoup.nodes.Node,71,0.195
org.jsoup.nodes.Node,73,0.195
org.jsoup.parser.TreeBuilderState,642,0.195
org.jsoup.parser.TreeBuilderState,645,0.195
org.jsoup.parser.TreeBuilderState,632,0.192
org.jsoup.nodes.Attributes,78,0.191
org.jsoup.parser.TreeBuilderState,622,0.191
org.jsoup.parser.TreeBuilder,247,0.189
org.jsoup.nodes.Node,179,0.189
org.jsoup.nodes.Node,180,0.189
org.jsoup.nodes.Attributes,31,0.185
org.jsoup.nodes.Attributes,33,0.185
org.jsoup.nodes.Attributes,36,0.185
org.jsoup.nodes.Attributes,37,0.185
org.jsoup.nodes.Attribute,50,0.185
org.jsoup.parser.TreeBuilderState,612,0.185
org.jsoup.select.QueryParser,76,0.177
org.jsoup.parser.Token,66,0.176
org.jsoup.parser.Token,107,0.176
org.jsoup.parser.Token,108,0.176
org.jsoup.parser.TokeniserState,810,0.176
org.jsoup.parser.TokeniserState,811,0.176
org.jsoup.parser.TokeniserState,879,0.176
org.jsoup.parser.TokeniserState,880,0.176
org.jsoup.parser.TokeniserState,922,0.176
org.jsoup.parser.Token,53,0.175
org.jsoup.parser.Token,55,0.175
org.jsoup.parser.Token,56,0.175
org.jsoup.parser.TokeniserState,786,0.175
org.jsoup.parser.TokeniserState,787,0.175
org.jsoup.parser.TokeniserState,788,0.175
org.jsoup.parser.TreeBuilderState,389,0.175
org.jsoup.parser.TreeBuilderState,400,0.175
org.jsoup.parser.Token,52,0.175
org.jsoup.parser.Token,58,0.175
org.jsoup.parser.Token,59,0.175
org.jsoup.parser.Token,60,0.175
org.jsoup.parser.Token,99,0.175
org.jsoup.parser.Token,100,0.175
org.jsoup.parser.CharacterReader,36,0.175
org.jsoup.parser.CharacterReader,37,0.175
org.jsoup.parser.TokeniserState,795,0.175
org.jsoup.parser.TokeniserState,796,0.175
org.jsoup.parser.TokeniserState,798,0.175
org.jsoup.parser.TokeniserState,799,0.175
org.jsoup.parser.TokeniserState,831,0.175
org.jsoup.parser.TokeniserState,193,0.174
org.jsoup.parser.TokeniserState,194,0.174
org.jsoup.parser.TokeniserState,752,0.174
org.jsoup.parser.TokeniserState,753,0.174
org.jsoup.parser.TokeniserState,790,0.174
org.jsoup.nodes.Element,213,0.171
org.jsoup.select.QueryParser,36,0.171
org.jsoup.select.QueryParser,37,0.171
org.jsoup.select.QueryParser,45,0.171
org.jsoup.select.QueryParser,47,0.171
org.jsoup.select.QueryParser,51,0.171
org.jsoup.select.QueryParser,54,0.171
org.jsoup.select.QueryParser,75,0.171
org.jsoup.select.QueryParser,121,0.171
org.jsoup.select.QueryParser,152,0.171
org.jsoup.select.Selector,78,0.171
org.jsoup.select.Selector,100,0.171
org.jsoup.parser.TokenQueue,88,0.171
org.jsoup.parser.TokenQueue,89,0.171
org.jsoup.parser.TokenQueue,92,0.171
org.jsoup.parser.TokenQueue,131,0.171
org.jsoup.parser.TokenQueue,307,0.171
org.jsoup.parser.TokenQueue,308,0.171
org.jsoup.parser.TokenQueue,312,0.171
org.jsoup.parser.TokenQueue,69,0.171
org.jsoup.parser.TokenQueue,118,0.171
org.jsoup.parser.TokenQueue,139,0.171
org.jsoup.parser.TreeBuilderState,341,0.17
org.jsoup.parser.TreeBuilderState,334,0.169
org.jsoup.parser.TokenQueue,30,0.168
org.jsoup.parser.TokenQueue,34,0.168
org.jsoup.parser.TreeBuilder,454,0.167
org.jsoup.parser.TreeBuilderState,325,0.167
org.jsoup.nodes.Node,171,0.167
org.jsoup.nodes.Attributes,55,0.166
org.jsoup.nodes.Attributes,56,0.166
org.jsoup.nodes.Attributes,57,0.166
org.jsoup.nodes.Attributes,58,0.166
org.jsoup.nodes.Attributes,59,0.166
org.jsoup.nodes.Attribute,33,0.166
org.jsoup.select.Elements,458,0.159
org.jsoup.select.Collector,43,0.159
org.jsoup.nodes.Node,415,0.159
org.jsoup.select.Collector,23,0.158
org.jsoup.select.Collector,24,0.158
org.jsoup.select.Collector,25,0.158
org.jsoup.select.Collector,40,0.158
org.jsoup.select.Collector,41,0.158
org.jsoup.select.Collector,42,0.158
org.jsoup.select.Collector,45,0.158
org.jsoup.select.Collector,49,0.158
org.jsoup.nodes.Node,173,0.151
org.jsoup.nodes.Node,175,0.151
org.jsoup.nodes.Node,177,0.151
org.jsoup.nodes.Node,178,0.151
org.jsoup.parser.TreeBuilderState,214,0.15
org.jsoup.parser.TreeBuilderState,224,0.15
org.jsoup.parser.TreeBuilderState,211,0.15
org.jsoup.parser.TreeBuilderState,134,0.148
org.jsoup.parser.TreeBuilderState,138,0.148
org.jsoup.nodes.Node,212,0.147
org.jsoup.parser.TreeBuilderState,249,0.147
org.jsoup.parser.TreeBuilderState,250,0.147
org.jsoup.parser.TreeBuilderState,254,0.147
org.jsoup.parser.TreeBuilderState,258,0.147
org.jsoup.parser.TreeBuilderState,259,0.147
org.jsoup.parser.TreeBuilderState,260,0.147
org.jsoup.parser.TreeBuilderState,262,0.147
org.jsoup.parser.TreeBuilderState,1462,0.147
org.jsoup.parser.TreeBuilderState,240,0.146
org.jsoup.parser.TreeBuilderState,241,0.146
org.jsoup.parser.TreeBuilderState,242,0.146
org.jsoup.parser.TreeBuilderState,588,0.146
org.jsoup.parser.TreeBuilderState,13,0.146
org.jsoup.parser.TokeniserState,25,0.146
org.jsoup.parser.TokeniserState,26,0.146
org.jsoup.parser.TokeniserState,165,0.146
org.jsoup.parser.TokeniserState,169,0.146
org.jsoup.parser.TokeniserState,170,0.146
org.jsoup.parser.TokeniserState,171,0.146
org.jsoup.parser.TokeniserState,179,0.146
org.jsoup.parser.TokeniserState,145,0.146
org.jsoup.parser.TokeniserState,146,0.146
org.jsoup.parser.TreeBuilderState,49,0.146
org.jsoup.parser.TreeBuilderState,51,0.146
org.jsoup.parser.TreeBuilderState,55,0.146
org.jsoup.parser.TreeBuilderState,61,0.146
org.jsoup.parser.TreeBuilderState,62,0.146
org.jsoup.parser.TreeBuilderState,63,0.146
org.jsoup.parser.TreeBuilderState,84,0.146
org.jsoup.parser.TreeBuilderState,88,0.146
org.jsoup.parser.TreeBuilderState,89,0.146
org.jsoup.parser.TreeBuilderState,1457,0.146
org.jsoup.parser.TreeBuilderState,1459,0.146
org.jsoup.parser.TreeBuilderState,1460,0.146
org.jsoup.parser.TreeBuilderState,1461,0.146
org.jsoup.parser.TreeBuilder,186,0.145
org.jsoup.parser.TreeBuilder,187,0.145
org.jsoup.parser.TreeBuilder,188,0.145
org.jsoup.parser.TreeBuilderState,124,0.145
org.jsoup.parser.TreeBuilderState,128,0.145
org.jsoup.parser.TreeBuilderState,122,0.145
org.jsoup.parser.TreeBuilder,219,0.144
org.jsoup.parser.Tokeniser,67,0.144
org.jsoup.parser.Tokeniser,68,0.144
org.jsoup.parser.TreeBuilderState,161,0.144
org.jsoup.parser.TreeBuilderState,162,0.144
org.jsoup.parser.TreeBuilder,216,0.144
org.jsoup.parser.TreeBuilder,220,0.144
org.jsoup.parser.TreeBuilder,221,0.144
org.jsoup.parser.Token,233,0.144
org.jsoup.parser.Token,181,0.144
org.jsoup.parser.Tokeniser,46,0.144
org.jsoup.parser.Tokeniser,47,0.144
org.jsoup.parser.Tokeniser,48,0.144
org.jsoup.parser.Tokeniser,76,0.144
org.jsoup.parser.Tokeniser,77,0.144
org.jsoup.parser.TreeBuilder,439,0.144
org.jsoup.select.NodeTraversor,33,0.144
org.jsoup.parser.TreeBuilder,289,0.143
org.jsoup.parser.TreeBuilder,290,0.143
org.jsoup.parser.TreeBuilder,291,0.143
org.jsoup.parser.TreeBuilder,292,0.143
org.jsoup.parser.TreeBuilder,293,0.143
org.jsoup.parser.TreeBuilder,294,0.143
org.jsoup.parser.TreeBuilder,299,0.143
org.jsoup.parser.TreeBuilderState,31,0.143
org.jsoup.parser.TreeBuilderState,32,0.143
org.jsoup.nodes.Attributes,87,0.143
org.jsoup.parser.TreeBuilderState,569,0.143
org.jsoup.nodes.Element,24,0.143
org.jsoup.parser.TreeBuilderState,559,0.142
org.jsoup.parser.TreeBuilderState,560,0.142
org.jsoup.parser.TreeBuilderState,561,0.142
org.jsoup.parser.TreeBuilderState,108,0.142
org.jsoup.parser.TreeBuilderState,109,0.142
org.jsoup.parser.TreeBuilderState,110,0.142
org.jsoup.parser.TreeBuilderState,112,0.142
org.jsoup.nodes.Attributes,86,0.142
org.jsoup.nodes.Node,421,0.141
org.jsoup.parser.TreeBuilder,430,0.141
org.jsoup.parser.TreeBuilder,434,0.141
org.jsoup.parser.TreeBuilder,435,0.141
org.jsoup.parser.TreeBuilder,436,0.141
org.jsoup.parser.TreeBuilder,437,0.141
org.jsoup.parser.TreeBuilder,438,0.141
org.jsoup.parser.TreeBuilder,458,0.141
org.jsoup.parser.TreeBuilder,587,0.141
org.jsoup.parser.TreeBuilder,588,0.141
org.jsoup.parser.TreeBuilder,589,0.141
org.jsoup.parser.TokeniserState,199,0.14
org.jsoup.parser.TokeniserState,200,0.14
org.jsoup.parser.TokeniserState,201,0.14
org.jsoup.parser.TreeBuilderState,208,0.14
org.jsoup.parser.TreeBuilderState,209,0.14
org.jsoup.parser.TreeBuilderState,210,0.14
org.jsoup.parser.TreeBuilder,50,0.139
org.jsoup.parser.TreeBuilder,51,0.139
org.jsoup.parser.TreeBuilder,52,0.139
org.jsoup.parser.TreeBuilder,53,0.139
org.jsoup.parser.TreeBuilder,226,0.139
org.jsoup.parser.TreeBuilder,490,0.139
org.jsoup.parser.TreeBuilder,491,0.139
org.jsoup.parser.Parser,23,0.139
org.jsoup.parser.Parser,24,0.139
org.jsoup.parser.TreeBuilderState,39,0.139
org.jsoup.parser.TreeBuilderState,42,0.139
org.jsoup.parser.TreeBuilderState,44,0.139
org.jsoup.parser.TreeBuilderState,46,0.139
org.jsoup.parser.TreeBuilderState,68,0.139
org.jsoup.parser.TreeBuilderState,70,0.139
org.jsoup.parser.TreeBuilderState,72,0.139
org.jsoup.parser.TreeBuilderState,75,0.139
org.jsoup.parser.TreeBuilderState,77,0.139
org.jsoup.parser.TreeBuilderState,78,0.139
org.jsoup.parser.TreeBuilderState,79,0.139
org.jsoup.parser.TreeBuilderState,80,0.139
org.jsoup.parser.TreeBuilderState,81,0.139
org.jsoup.parser.TreeBuilderState,91,0.139
org.jsoup.parser.TreeBuilderState,16,0.139
org.jsoup.parser.TreeBuilderState,18,0.139
org.jsoup.parser.TreeBuilderState,20,0.139
org.jsoup.parser.TreeBuilderState,196,0.139
org.jsoup.parser.TreeBuilderState,198,0.139
org.jsoup.parser.TreeBuilderState,200,0.139
org.jsoup.parser.TreeBuilderState,202,0.139
org.jsoup.parser.TreeBuilderState,203,0.139
org.jsoup.parser.TreeBuilderState,204,0.139
org.jsoup.parser.TreeBuilderState,205,0.139
org.jsoup.parser.TreeBuilderState,207,0.139
org.jsoup.parser.TreeBuilderState,226,0.139
org.jsoup.parser.TreeBuilderState,236,0.139
org.jsoup.parser.TreeBuilderState,96,0.139
org.jsoup.parser.TreeBuilderState,100,0.139
org.jsoup.parser.TreeBuilderState,142,0.139
org.jsoup.parser.TreeBuilderState,143,0.139
org.jsoup.parser.TreeBuilderState,144,0.139
org.jsoup.parser.TreeBuilderState,145,0.139
org.jsoup.parser.TreeBuilderState,146,0.139
org.jsoup.parser.TreeBuilderState,157,0.139
org.jsoup.parser.TreeBuilderState,1466,0.139
org.jsoup.helper.StringUtil,127,0.139
org.jsoup.parser.TreeBuilder,235,0.139
org.jsoup.parser.TreeBuilder,237,0.139
org.jsoup.parser.TreeBuilder,239,0.139
org.jsoup.parser.Token,197,0.139
org.jsoup.parser.Token,205,0.139
org.jsoup.parser.Token,213,0.139
org.jsoup.parser.Token,221,0.139
org.jsoup.select.NodeTraversor,22,0.138
org.jsoup.select.NodeTraversor,23,0.138
org.jsoup.select.NodeTraversor,26,0.138
org.jsoup.select.NodeTraversor,27,0.138
org.jsoup.select.NodeTraversor,28,0.138
org.jsoup.nodes.Node,191,0.138
org.jsoup.select.NodeTraversor,16,0.137
org.jsoup.select.NodeTraversor,17,0.137
org.jsoup.select.NodeTraversor,19,0.137
org.jsoup.select.NodeTraversor,20,0.137
org.jsoup.select.NodeTraversor,21,0.137
org.jsoup.select.NodeTraversor,25,0.137
org.jsoup.select.NodeTraversor,30,0.137
org.jsoup.select.NodeTraversor,31,0.137
org.jsoup.select.NodeTraversor,32,0.137
org.jsoup.select.NodeTraversor,36,0.137
org.jsoup.nodes.Node,414,0.137
org.jsoup.nodes.Node,417,0.137
org.jsoup.nodes.Node,418,0.137
org.jsoup.nodes.Node,419,0.137
org.jsoup.nodes.Node,420,0.137
org.jsoup.nodes.Node,423,0.137
org.jsoup.parser.TreeBuilderState,273,0.137
org.jsoup.parser.TreeBuilderState,274,0.137
org.jsoup.parser.TreeBuilderState,275,0.137
org.jsoup.parser.TreeBuilderState,285,0.137
org.jsoup.nodes.Element,142,0.136
org.jsoup.nodes.Node,200,0.136
org.jsoup.nodes.Node,447,0.136
org.jsoup.parser.Token,64,0.135
org.jsoup.parser.Token,68,0.135
org.jsoup.parser.Tokeniser,62,0.135
org.jsoup.parser.Tokeniser,63,0.135
org.jsoup.parser.Tokeniser,64,0.135
org.jsoup.parser.Tokeniser,66,0.135
org.jsoup.parser.Tokeniser,169,0.135
org.jsoup.parser.Tokeniser,170,0.135
org.jsoup.parser.Tokeniser,171,0.135
org.jsoup.parser.TreeBuilder,105,0.135
org.jsoup.parser.Token,229,0.135
org.jsoup.parser.Token,91,0.135
org.jsoup.parser.Token,92,0.135
org.jsoup.parser.CharacterReader,161,0.135
org.jsoup.parser.CharacterReader,163,0.135
org.jsoup.parser.CharacterReader,164,0.135
org.jsoup.parser.TokeniserState,15,0.135
org.jsoup.parser.TokeniserState,16,0.135
org.jsoup.parser.TokeniserState,185,0.135
org.jsoup.parser.TokeniserState,186,0.135
org.jsoup.parser.TokeniserState,188,0.135
org.jsoup.parser.TokeniserState,210,0.135
org.jsoup.parser.Tokeniser,164,0.135
org.jsoup.parser.Tokeniser,165,0.135
org.jsoup.parser.TokeniserState,140,0.135
org.jsoup.parser.TokeniserState,151,0.135
org.jsoup.parser.TokeniserState,152,0.135
org.jsoup.parser.TokeniserState,153,0.135
org.jsoup.parser.TokeniserState,161,0.135
org.jsoup.parser.TreeBuilderState,1456,0.135
org.jsoup.parser.TreeBuilderState,13,0.135
org.jsoup.helper.StringUtil,125,0.135
org.jsoup.helper.StringUtil,126,0.135
org.jsoup.helper.StringUtil,129,0.135
org.jsoup.parser.TreeBuilder,174,0.135
org.jsoup.parser.TreeBuilder,180,0.135
org.jsoup.parser.TreeBuilder,181,0.135
org.jsoup.parser.TreeBuilder,182,0.135
org.jsoup.parser.TreeBuilder,192,0.135
org.jsoup.parser.TreeBuilder,193,0.135
org.jsoup.parser.TreeBuilder,194,0.135
org.jsoup.nodes.Element,67,0.135
org.jsoup.parser.Token,217,0.135
org.jsoup.parser.CharacterReader,32,0.135
org.jsoup.parser.TokeniserState,22,0.135
org.jsoup.parser.TokeniserState,23,0.135
org.jsoup.parser.TreeBuilder,135,0.134
org.jsoup.parser.TreeBuilder,136,0.134
org.jsoup.parser.CharacterReader,40,0.134
org.jsoup.parser.CharacterReader,41,0.134
org.jsoup.parser.CharacterReader,78,0.134
org.jsoup.parser.CharacterReader,80,0.134
org.jsoup.parser.CharacterReader,81,0.134
org.jsoup.parser.CharacterReader,82,0.134
org.jsoup.parser.CharacterReader,83,0.134
org.jsoup.parser.CharacterReader,84,0.134
org.jsoup.parser.CharacterReader,86,0.134
org.jsoup.parser.CharacterReader,87,0.134
org.jsoup.parser.CharacterReader,89,0.134
org.jsoup.parser.Tokeniser,88,0.134
org.jsoup.parser.Tokeniser,89,0.134
org.jsoup.parser.Tokeniser,92,0.134
org.jsoup.parser.Tokeniser,93,0.134
org.jsoup.parser.Tokeniser,94,0.134
org.jsoup.parser.TreeBuilderState,247,0.134
org.jsoup.parser.TreeBuilderState,760,0.134
org.jsoup.parser.TreeBuilder,42,0.134
org.jsoup.parser.TreeBuilder,43,0.134
org.jsoup.parser.TreeBuilder,44,0.134
org.jsoup.parser.TreeBuilder,45,0.134
org.jsoup.parser.TreeBuilder,46,0.134
org.jsoup.parser.TreeBuilder,47,0.134
org.jsoup.parser.TreeBuilder,100,0.134
org.jsoup.parser.TreeBuilder,101,0.134
org.jsoup.parser.TreeBuilder,103,0.134
org.jsoup.parser.TreeBuilder,104,0.134
org.jsoup.parser.TreeBuilder,106,0.134
org.jsoup.parser.TreeBuilder,109,0.134
org.jsoup.parser.TreeBuilder,110,0.134
org.jsoup.parser.TreeBuilder,119,0.134
org.jsoup.parser.TreeBuilder,120,0.134
org.jsoup.parser.TreeBuilder,143,0.134
org.jsoup.parser.TreeBuilder,225,0.134
org.jsoup.parser.TreeBuilder,227,0.134
org.jsoup.parser.TreeBuilder,230,0.134
org.jsoup.parser.TreeBuilder,231,0.134
org.jsoup.parser.TreeBuilder,498,0.134
org.jsoup.nodes.Element,58,0.134
org.jsoup.nodes.Element,223,0.134
org.jsoup.nodes.Element,225,0.134
org.jsoup.nodes.Element,226,0.134
org.jsoup.parser.Token,209,0.134
org.jsoup.parser.Tag,35,0.134
org.jsoup.parser.Token,71,0.134
org.jsoup.parser.Token,72,0.134
org.jsoup.parser.Token,81,0.134
org.jsoup.parser.CharacterReader,24,0.134
org.jsoup.parser.CharacterReader,28,0.134
org.jsoup.parser.TokeniserState,10,0.134
org.jsoup.parser.TokeniserState,29,0.134
org.jsoup.parser.Tokeniser,36,0.134
org.jsoup.parser.Tokeniser,41,0.134
org.jsoup.parser.Tokeniser,42,0.134
org.jsoup.parser.Tokeniser,45,0.134
org.jsoup.parser.Tokeniser,50,0.134
org.jsoup.parser.Tokeniser,51,0.134
org.jsoup.parser.Tokeniser,56,0.134
org.jsoup.parser.Tokeniser,58,0.134
org.jsoup.parser.Tokeniser,59,0.134
org.jsoup.parser.Tokeniser,61,0.134
org.jsoup.parser.Tokeniser,71,0.134
org.jsoup.nodes.Node,344,0.134
org.jsoup.nodes.Node,346,0.134
org.jsoup.nodes.Node,347,0.134
org.jsoup.nodes.Node,372,0.134
org.jsoup.nodes.Node,373,0.134
org.jsoup.nodes.Node,374,0.134
org.jsoup.nodes.Node,375,0.134
org.jsoup.nodes.Node,377,0.134
org.jsoup.nodes.Node,390,0.134
org.jsoup.nodes.Node,392,0.134
org.jsoup.nodes.Node,393,0.134
org.jsoup.nodes.Node,451,0.134
org.jsoup.nodes.Node,452,0.134
org.jsoup.parser.Tag,55,0.133
org.jsoup.parser.Tag,56,0.133
org.jsoup.parser.Tag,57,0.133
org.jsoup.select.QueryParser,126,0.132
org.jsoup.select.QueryParser,167,0.132
org.jsoup.select.QueryParser,168,0.132
org.jsoup.select.QueryParser,171,0.132
org.jsoup.select.QueryParser,174,0.132
org.jsoup.select.QueryParser,175,0.132
org.jsoup.parser.TokenQueue,345,0.132
org.jsoup.parser.TokenQueue,346,0.132
org.jsoup.parser.TokenQueue,347,0.132
org.jsoup.parser.TokenQueue,349,0.132
org.jsoup.select.QueryParser,125,0.131
org.jsoup.parser.Tag,51,0.131
org.jsoup.parser.Tag,52,0.131
org.jsoup.parser.Tag,53,0.131
org.jsoup.parser.Tag,59,0.131
org.jsoup.parser.Tag,48,0.131
org.jsoup.parser.Tag,49,0.131
org.jsoup.select.QueryParser,123,0.131
org.jsoup.parser.Tag,47,0.13
org.jsoup.parser.TokenQueue,122,0.13
org.jsoup.Jsoup,31,0.129
org.jsoup.select.Evaluator,38,0.126
org.jsoup.select.Elements,434,0.11
org.jsoup.Jsoup,44,0.109
org.jsoup.parser.TokeniserState,1006,0.054
org.jsoup.parser.TokeniserState,1007,0.054
org.jsoup.parser.TokeniserState,1008,0.054
