com.fasterxml.jackson.core.JsonProcessingException,105,0.515
com.fasterxml.jackson.core.JsonProcessingException,120,0.502
com.fasterxml.jackson.core.JsonProcessingException,121,0.502
com.fasterxml.jackson.core.JsonProcessingException,124,0.502
com.fasterxml.jackson.core.JsonProcessingException,125,0.502
com.fasterxml.jackson.core.JsonProcessingException,127,0.502
com.fasterxml.jackson.core.JsonProcessingException,140,0.502
com.fasterxml.jackson.core.JsonProcessingException,52,0.498
com.fasterxml.jackson.databind.JsonMappingException,483,0.488
com.fasterxml.jackson.databind.JsonMappingException,489,0.488
com.fasterxml.jackson.databind.JsonMappingException,490,0.488
com.fasterxml.jackson.core.JsonLocation,162,0.453
com.fasterxml.jackson.core.JsonLocation,163,0.453
com.fasterxml.jackson.core.JsonLocation,164,0.453
com.fasterxml.jackson.core.JsonLocation,165,0.453
com.fasterxml.jackson.core.JsonLocation,166,0.453
com.fasterxml.jackson.core.JsonLocation,167,0.453
com.fasterxml.jackson.core.JsonLocation,168,0.453
com.fasterxml.jackson.core.JsonLocation,169,0.453
com.fasterxml.jackson.core.JsonLocation,170,0.453
com.fasterxml.jackson.core.JsonLocation,175,0.453
com.fasterxml.jackson.core.JsonLocation,177,0.453
com.fasterxml.jackson.core.JsonProcessingException,128,0.453
com.fasterxml.jackson.core.JsonProcessingException,129,0.453
com.fasterxml.jackson.core.JsonProcessingException,130,0.453
com.fasterxml.jackson.core.JsonProcessingException,133,0.453
com.fasterxml.jackson.core.JsonProcessingException,134,0.453
com.fasterxml.jackson.core.JsonProcessingException,135,0.453
com.fasterxml.jackson.core.JsonProcessingException,136,0.453
com.fasterxml.jackson.core.JsonProcessingException,138,0.453
com.fasterxml.jackson.core.JsonLocation,199,0.452
com.fasterxml.jackson.core.JsonLocation,200,0.452
com.fasterxml.jackson.core.JsonLocation,201,0.452
com.fasterxml.jackson.core.JsonLocation,202,0.452
com.fasterxml.jackson.core.JsonLocation,222,0.452
com.fasterxml.jackson.core.JsonLocation,223,0.452
com.fasterxml.jackson.core.JsonLocation,182,0.443
com.fasterxml.jackson.core.JsonLocation,183,0.443
com.fasterxml.jackson.core.JsonLocation,184,0.443
com.fasterxml.jackson.core.JsonLocation,186,0.443
com.fasterxml.jackson.core.JsonLocation,187,0.443
com.fasterxml.jackson.core.JsonLocation,193,0.443
com.fasterxml.jackson.core.JsonLocation,196,0.443
com.fasterxml.jackson.core.JsonLocation,198,0.443
com.fasterxml.jackson.core.JsonLocation,215,0.443
com.fasterxml.jackson.core.JsonLocation,218,0.443
com.fasterxml.jackson.databind.ObjectMapper,4601,0.435
com.fasterxml.jackson.databind.ObjectMapper,3549,0.423
com.fasterxml.jackson.databind.ObjectMapper,3550,0.423
com.fasterxml.jackson.databind.JsonMappingException,491,0.419
com.fasterxml.jackson.databind.util.ClassUtil,725,0.402
com.fasterxml.jackson.databind.util.ClassUtil,728,0.402
com.fasterxml.jackson.databind.util.ClassUtil,729,0.402
com.fasterxml.jackson.databind.util.ClassUtil,733,0.402
com.fasterxml.jackson.databind.util.ClassUtil,734,0.402
com.fasterxml.jackson.databind.util.ClassUtil,741,0.402
com.fasterxml.jackson.databind.util.ClassUtil,799,0.402
com.fasterxml.jackson.databind.util.ClassUtil,802,0.402
com.fasterxml.jackson.databind.JsonMappingException,508,0.386
com.fasterxml.jackson.databind.DatabindContext,413,0.369
com.fasterxml.jackson.core.io.IOContext,123,0.368
com.fasterxml.jackson.core.base.ParserBase,1231,0.368
com.fasterxml.jackson.core.base.ParserBase,1232,0.368
com.fasterxml.jackson.core.json.ReaderBasedJsonParser,2839,0.362
com.fasterxml.jackson.databind.DeserializationContext,1173,0.328
com.fasterxml.jackson.databind.DeserializationContext,1176,0.328
com.fasterxml.jackson.databind.DeserializationContext,1177,0.328
com.fasterxml.jackson.databind.DeserializationContext,1178,0.328
com.fasterxml.jackson.databind.DeserializationContext,1201,0.328
com.fasterxml.jackson.databind.DeserializationConfig,877,0.324
com.fasterxml.jackson.databind.DeserializationContext,1206,0.311
com.fasterxml.jackson.core.json.ReaderBasedJsonParser,2844,0.302
com.fasterxml.jackson.databind.DatabindContext,400,0.298
com.fasterxml.jackson.databind.exc.InvalidDefinitionException,67,0.292
com.fasterxml.jackson.databind.DeserializationContext,1764,0.292
com.fasterxml.jackson.databind.exc.InvalidFormatException,67,0.273
com.fasterxml.jackson.databind.DatabindContext,414,0.268
com.fasterxml.jackson.databind.DatabindContext,416,0.264
com.fasterxml.jackson.databind.JsonMappingException,120,0.258
com.fasterxml.jackson.databind.JsonMappingException,121,0.258
com.fasterxml.jackson.databind.JsonMappingException,123,0.258
com.fasterxml.jackson.databind.JsonMappingException,126,0.258
com.fasterxml.jackson.databind.JsonMappingException,131,0.258
com.fasterxml.jackson.databind.JsonMappingException,132,0.258
com.fasterxml.jackson.databind.JsonMappingException,136,0.258
com.fasterxml.jackson.databind.JsonMappingException,137,0.258
com.fasterxml.jackson.databind.JsonMappingException,141,0.258
com.fasterxml.jackson.databind.JsonMappingException,142,0.258
com.fasterxml.jackson.databind.JsonMappingException,151,0.258
com.fasterxml.jackson.databind.JsonMappingException,152,0.258
com.fasterxml.jackson.databind.JsonMappingException,154,0.258
com.fasterxml.jackson.databind.JsonMappingException,159,0.258
com.fasterxml.jackson.databind.JsonMappingException,425,0.258
com.fasterxml.jackson.databind.JsonMappingException,426,0.258
com.fasterxml.jackson.databind.JsonMappingException,493,0.258
com.fasterxml.jackson.databind.JsonMappingException,499,0.258
com.fasterxml.jackson.databind.JsonMappingException,500,0.258
com.fasterxml.jackson.databind.JsonMappingException,501,0.258
com.fasterxml.jackson.databind.JsonMappingException,502,0.258
com.fasterxml.jackson.databind.JsonMappingException,519,0.258
com.fasterxml.jackson.databind.JsonMappingException,522,0.258
com.fasterxml.jackson.databind.JsonMappingException,523,0.258
com.fasterxml.jackson.databind.JsonMappingException,524,0.258
com.fasterxml.jackson.databind.JsonMappingException,525,0.258
com.fasterxml.jackson.databind.JsonMappingException,529,0.258
com.fasterxml.jackson.databind.DeserializationContext,1207,0.253
com.fasterxml.jackson.databind.DeserializationContext,1208,0.253
com.fasterxml.jackson.databind.DeserializationContext,1209,0.253
com.fasterxml.jackson.core.json.ReaderBasedJsonParser,2840,0.253
com.fasterxml.jackson.core.json.ReaderBasedJsonParser,2841,0.253
com.fasterxml.jackson.databind.JsonMappingException,450,0.237
com.fasterxml.jackson.databind.JsonMappingException,451,0.237
com.fasterxml.jackson.databind.JsonMappingException,457,0.237
com.fasterxml.jackson.databind.JsonMappingException,458,0.237
com.fasterxml.jackson.databind.JsonMappingException,460,0.237
com.fasterxml.jackson.databind.DatabindContext,148,0.232
com.fasterxml.jackson.databind.DatabindContext,151,0.232
com.fasterxml.jackson.databind.JsonMappingException,373,0.231
com.fasterxml.jackson.databind.JsonMappingException,392,0.231
com.fasterxml.jackson.databind.JsonMappingException,393,0.231
com.fasterxml.jackson.databind.DatabindContext,423,0.231
com.fasterxml.jackson.databind.DatabindContext,426,0.231
com.fasterxml.jackson.databind.DatabindContext,427,0.231
com.fasterxml.jackson.databind.DatabindContext,436,0.231
com.fasterxml.jackson.databind.DatabindContext,440,0.231
com.fasterxml.jackson.databind.DeserializationContext,436,0.23
com.fasterxml.jackson.databind.type.TypeFactory,1405,0.227
com.fasterxml.jackson.databind.type.TypeFactory,1350,0.227
com.fasterxml.jackson.databind.type.TypeFactory,1373,0.227
com.fasterxml.jackson.databind.type.TypeFactory,1375,0.227
com.fasterxml.jackson.databind.type.TypeFactory,1399,0.227
com.fasterxml.jackson.databind.type.TypeFactory,1404,0.227
com.fasterxml.jackson.databind.type.TypeFactory,1345,0.227
com.fasterxml.jackson.databind.type.TypeFactory,1431,0.227
com.fasterxml.jackson.databind.type.TypeFactory,1432,0.227
com.fasterxml.jackson.databind.type.TypeFactory,734,0.224
com.fasterxml.jackson.databind.type.TypeFactory,1438,0.222
com.fasterxml.jackson.databind.type.TypeFactory,1354,0.222
com.fasterxml.jackson.databind.type.TypeFactory,1437,0.222
com.fasterxml.jackson.databind.type.TypeFactory,1442,0.222
com.fasterxml.jackson.databind.type.TypeFactory,1443,0.222
com.fasterxml.jackson.databind.type.TypeBindings,257,0.222
com.fasterxml.jackson.databind.type.TypeFactory,1351,0.222
com.fasterxml.jackson.databind.type.TypeFactory,1433,0.221
com.fasterxml.jackson.databind.MapperFeature,591,0.221
com.fasterxml.jackson.databind.cfg.MapperConfig,145,0.221
com.fasterxml.jackson.databind.util.LRUMap,73,0.22
com.fasterxml.jackson.databind.JavaType,590,0.22
com.fasterxml.jackson.databind.type.TypeFactory,1352,0.219
com.fasterxml.jackson.databind.type.TypeFactory,1444,0.218
com.fasterxml.jackson.databind.JavaType,228,0.215
com.fasterxml.jackson.databind.JsonMappingException,143,0.215
com.fasterxml.jackson.databind.JsonMappingException,144,0.215
com.fasterxml.jackson.databind.JsonMappingException,145,0.215
com.fasterxml.jackson.databind.deser.std.StdValueInstantiator,243,0.215
com.fasterxml.jackson.databind.JavaType,388,0.213
com.fasterxml.jackson.databind.JsonMappingException,374,0.213
com.fasterxml.jackson.databind.cfg.MapperConfigBase,599,0.212
com.fasterxml.jackson.databind.cfg.MapperConfigBase,604,0.212
com.fasterxml.jackson.core.io.IOContext,309,0.212
com.fasterxml.jackson.core.io.IOContext,310,0.212
com.fasterxml.jackson.core.util.BufferRecycler,155,0.212
com.fasterxml.jackson.core.util.BufferRecycler,156,0.212
com.fasterxml.jackson.core.util.BufferRecycler,157,0.212
com.fasterxml.jackson.core.util.BufferRecycler,159,0.212
com.fasterxml.jackson.core.util.BufferRecycler,160,0.212
com.fasterxml.jackson.core.util.BufferRecycler,163,0.212
com.fasterxml.jackson.core.util.BufferRecycler,181,0.212
com.fasterxml.jackson.core.util.BufferRecyclers,65,0.212
com.fasterxml.jackson.core.util.BufferRecyclers,66,0.212
com.fasterxml.jackson.core.util.BufferRecyclers,68,0.212
com.fasterxml.jackson.core.util.BufferRecyclers,77,0.212
com.fasterxml.jackson.core.JsonFactory,1919,0.212
com.fasterxml.jackson.core.JsonFactory,1920,0.212
com.fasterxml.jackson.core.JsonFactory,1935,0.212
com.fasterxml.jackson.core.JsonFactory,152,0.212
com.fasterxml.jackson.core.JsonFactory,154,0.212
com.fasterxml.jackson.databind.util.ArrayIterator,23,0.211
com.fasterxml.jackson.databind.util.ArrayIterator,34,0.211
com.fasterxml.jackson.databind.introspect.AnnotatedMethodCollector,61,0.211
com.fasterxml.jackson.databind.introspect.AnnotatedMethodCollector,62,0.211
com.fasterxml.jackson.databind.introspect.POJOPropertiesCollector,1137,0.211
com.fasterxml.jackson.databind.type.SimpleType,246,0.211
com.fasterxml.jackson.databind.introspect.AnnotatedCreatorCollector,78,0.211
com.fasterxml.jackson.databind.introspect.AnnotatedCreatorCollector,84,0.211
com.fasterxml.jackson.databind.introspect.AnnotatedCreatorCollector,89,0.211
com.fasterxml.jackson.databind.introspect.JacksonAnnotationIntrospector,951,0.211
com.fasterxml.jackson.databind.cfg.MapperConfig,188,0.211
com.fasterxml.jackson.databind.introspect.BasicBeanDescription,747,0.211
com.fasterxml.jackson.databind.type.TypeFactory,270,0.211
com.fasterxml.jackson.databind.introspect.BasicBeanDescription,746,0.211
com.fasterxml.jackson.databind.introspect.AnnotatedClass,315,0.21
com.fasterxml.jackson.databind.cfg.MapperConfig,300,0.21
com.fasterxml.jackson.databind.cfg.BaseSettings,390,0.21
com.fasterxml.jackson.databind.introspect.AnnotatedCreatorCollector,57,0.21
com.fasterxml.jackson.databind.introspect.AnnotatedCreatorCollector,60,0.21
com.fasterxml.jackson.databind.introspect.AnnotatedCreatorCollector,61,0.21
com.fasterxml.jackson.databind.introspect.AnnotatedCreatorCollector,70,0.21
com.fasterxml.jackson.databind.introspect.AnnotatedCreatorCollector,71,0.21
com.fasterxml.jackson.databind.introspect.AnnotatedCreatorCollector,77,0.21
com.fasterxml.jackson.databind.introspect.AnnotatedCreatorCollector,95,0.21
com.fasterxml.jackson.databind.introspect.AnnotatedCreatorCollector,106,0.21
com.fasterxml.jackson.databind.introspect.AnnotatedCreatorCollector,107,0.21
com.fasterxml.jackson.databind.introspect.AnnotatedCreatorCollector,114,0.21
com.fasterxml.jackson.databind.introspect.AnnotatedCreatorCollector,132,0.21
com.fasterxml.jackson.databind.introspect.AnnotatedCreatorCollector,194,0.21
com.fasterxml.jackson.databind.introspect.AnnotatedCreatorCollector,197,0.21
com.fasterxml.jackson.databind.introspect.AnnotatedCreatorCollector,209,0.21
com.fasterxml.jackson.databind.introspect.AnnotatedClass,398,0.21
com.fasterxml.jackson.databind.introspect.AnnotatedClass,399,0.21
com.fasterxml.jackson.databind.introspect.AnnotatedClass,400,0.21
com.fasterxml.jackson.databind.introspect.AnnotatedClass,403,0.21
com.fasterxml.jackson.databind.introspect.AnnotatedClass,407,0.21
com.fasterxml.jackson.databind.introspect.AnnotatedClass,409,0.21
com.fasterxml.jackson.databind.introspect.CollectorBase,25,0.21
com.fasterxml.jackson.databind.introspect.CollectorBase,26,0.21
com.fasterxml.jackson.databind.introspect.CollectorBase,33,0.21
com.fasterxml.jackson.databind.ext.Java7SupportImpl,29,0.21
com.fasterxml.jackson.databind.ext.Java7SupportImpl,30,0.21
com.fasterxml.jackson.databind.ext.Java7SupportImpl,33,0.21
com.fasterxml.jackson.databind.introspect.JacksonAnnotationIntrospector,400,0.21
com.fasterxml.jackson.databind.introspect.JacksonAnnotationIntrospector,1418,0.21
com.fasterxml.jackson.databind.introspect.JacksonAnnotationIntrospector,1419,0.21
com.fasterxml.jackson.databind.introspect.JacksonAnnotationIntrospector,1422,0.21
com.fasterxml.jackson.databind.introspect.JacksonAnnotationIntrospector,1423,0.21
com.fasterxml.jackson.databind.introspect.JacksonAnnotationIntrospector,1424,0.21
com.fasterxml.jackson.databind.introspect.JacksonAnnotationIntrospector,1428,0.21
com.fasterxml.jackson.databind.introspect.POJOPropertiesCollector,1241,0.21
com.fasterxml.jackson.databind.introspect.POJOPropertiesCollector,1286,0.21
com.fasterxml.jackson.databind.cfg.MapperConfig,247,0.21
com.fasterxml.jackson.databind.cfg.BaseSettings,382,0.21
com.fasterxml.jackson.databind.introspect.JacksonAnnotationIntrospector,344,0.21
com.fasterxml.jackson.databind.introspect.JacksonAnnotationIntrospector,345,0.21
com.fasterxml.jackson.databind.introspect.JacksonAnnotationIntrospector,935,0.21
com.fasterxml.jackson.databind.introspect.JacksonAnnotationIntrospector,936,0.21
com.fasterxml.jackson.databind.introspect.JacksonAnnotationIntrospector,941,0.21
com.fasterxml.jackson.databind.introspect.JacksonAnnotationIntrospector,945,0.21
com.fasterxml.jackson.databind.introspect.JacksonAnnotationIntrospector,948,0.21
com.fasterxml.jackson.databind.introspect.AnnotationCollector,75,0.209
com.fasterxml.jackson.databind.introspect.POJOPropertiesCollector,445,0.209
com.fasterxml.jackson.databind.introspect.POJOPropertiesCollector,451,0.209
com.fasterxml.jackson.databind.introspect.POJOPropertiesCollector,457,0.209
com.fasterxml.jackson.databind.introspect.POJOPropertiesCollector,458,0.209
com.fasterxml.jackson.databind.introspect.POJOPropertiesCollector,464,0.209
com.fasterxml.jackson.databind.introspect.POJOPropertiesCollector,469,0.209
com.fasterxml.jackson.databind.introspect.POJOPropertiesCollector,470,0.209
com.fasterxml.jackson.databind.introspect.POJOPropertiesCollector,471,0.209
com.fasterxml.jackson.databind.introspect.POJOPropertiesCollector,472,0.209
com.fasterxml.jackson.databind.introspect.POJOPropertiesCollector,832,0.209
com.fasterxml.jackson.databind.introspect.POJOPropertiesCollector,839,0.209
com.fasterxml.jackson.databind.introspect.POJOPropertiesCollector,1134,0.209
com.fasterxml.jackson.databind.introspect.POJOPropertiesCollector,1135,0.209
com.fasterxml.jackson.databind.introspect.POJOPropertiesCollector,1136,0.209
com.fasterxml.jackson.databind.introspect.POJOPropertiesCollector,1139,0.209
com.fasterxml.jackson.databind.introspect.POJOPropertiesCollector,1141,0.209
com.fasterxml.jackson.databind.introspect.POJOPropertiesCollector,1144,0.209
com.fasterxml.jackson.databind.introspect.POJOPropertiesCollector,1236,0.209
com.fasterxml.jackson.databind.introspect.POJOPropertiesCollector,1284,0.209
com.fasterxml.jackson.databind.introspect.POJOPropertiesCollector,1285,0.209
com.fasterxml.jackson.databind.introspect.AnnotationMap,41,0.209
com.fasterxml.jackson.databind.cfg.MapperConfig,312,0.209
com.fasterxml.jackson.databind.introspect.AnnotatedMethodCollector,39,0.209
com.fasterxml.jackson.databind.introspect.AnnotatedMethodCollector,40,0.209
com.fasterxml.jackson.databind.introspect.AnnotatedMethodCollector,46,0.209
com.fasterxml.jackson.databind.introspect.AnnotatedMethodCollector,49,0.209
com.fasterxml.jackson.databind.introspect.AnnotatedMethodCollector,52,0.209
com.fasterxml.jackson.databind.introspect.AnnotatedMethodCollector,59,0.209
com.fasterxml.jackson.databind.introspect.AnnotatedMethodCollector,60,0.209
com.fasterxml.jackson.databind.introspect.AnnotatedMethodCollector,72,0.209
com.fasterxml.jackson.databind.introspect.AnnotatedMethodCollector,93,0.209
com.fasterxml.jackson.databind.introspect.AnnotatedMethodCollector,110,0.209
com.fasterxml.jackson.databind.introspect.AnnotatedMethodCollector,113,0.209
com.fasterxml.jackson.databind.introspect.AnnotatedMethodCollector,117,0.209
com.fasterxml.jackson.databind.introspect.AnnotatedMethodCollector,150,0.209
com.fasterxml.jackson.databind.introspect.AnnotatedMethodMap,54,0.209
com.fasterxml.jackson.databind.introspect.POJOPropertiesCollector,418,0.209
com.fasterxml.jackson.databind.introspect.POJOPropertiesCollector,421,0.209
com.fasterxml.jackson.databind.introspect.POJOPropertiesCollector,422,0.209
com.fasterxml.jackson.databind.introspect.POJOPropertiesCollector,425,0.209
com.fasterxml.jackson.databind.introspect.POJOPropertiesCollector,431,0.209
com.fasterxml.jackson.databind.introspect.POJOPropertiesCollector,433,0.209
com.fasterxml.jackson.databind.introspect.POJOPropertiesCollector,436,0.209
com.fasterxml.jackson.databind.introspect.POJOPropertiesCollector,440,0.209
com.fasterxml.jackson.databind.introspect.POJOPropertiesCollector,485,0.209
com.fasterxml.jackson.databind.introspect.POJOPropertiesCollector,490,0.209
com.fasterxml.jackson.databind.introspect.POJOPropertiesCollector,491,0.209
com.fasterxml.jackson.databind.introspect.POJOPropertiesCollector,493,0.209
com.fasterxml.jackson.databind.introspect.POJOPropertiesCollector,601,0.209
com.fasterxml.jackson.databind.introspect.POJOPropertiesCollector,679,0.209
com.fasterxml.jackson.databind.introspect.POJOPropertiesCollector,699,0.209
com.fasterxml.jackson.databind.introspect.POJOPropertiesCollector,828,0.209
com.fasterxml.jackson.databind.introspect.POJOPropertiesCollector,890,0.209
com.fasterxml.jackson.databind.introspect.POJOPropertiesCollector,891,0.209
com.fasterxml.jackson.databind.introspect.POJOPropertiesCollector,914,0.209
com.fasterxml.jackson.databind.introspect.POJOPropertiesCollector,923,0.209
com.fasterxml.jackson.databind.introspect.POJOPropertiesCollector,924,0.209
com.fasterxml.jackson.databind.introspect.POJOPropertiesCollector,926,0.209
com.fasterxml.jackson.databind.introspect.POJOPropertiesCollector,933,0.209
com.fasterxml.jackson.databind.introspect.POJOPropertiesCollector,959,0.209
com.fasterxml.jackson.databind.introspect.POJOPropertiesCollector,960,0.209
com.fasterxml.jackson.databind.introspect.POJOPropertiesCollector,961,0.209
com.fasterxml.jackson.databind.introspect.POJOPropertiesCollector,998,0.209
com.fasterxml.jackson.databind.introspect.POJOPropertiesCollector,1025,0.209
com.fasterxml.jackson.databind.introspect.AnnotatedFieldCollector,42,0.209
com.fasterxml.jackson.databind.introspect.AnnotatedFieldCollector,43,0.209
com.fasterxml.jackson.databind.introspect.AnnotatedFieldCollector,48,0.209
com.fasterxml.jackson.databind.introspect.AnnotatedFieldCollector,49,0.209
com.fasterxml.jackson.databind.introspect.AnnotatedFieldCollector,65,0.209
com.fasterxml.jackson.databind.introspect.AnnotatedFieldCollector,66,0.209
com.fasterxml.jackson.databind.introspect.AnnotatedFieldCollector,67,0.209
com.fasterxml.jackson.databind.introspect.AnnotatedClass,327,0.209
com.fasterxml.jackson.databind.introspect.AnnotatedClass,343,0.209
com.fasterxml.jackson.databind.introspect.AnnotatedClass,365,0.209
com.fasterxml.jackson.databind.introspect.AnnotatedClass,366,0.209
com.fasterxml.jackson.databind.introspect.AnnotatedClass,368,0.209
com.fasterxml.jackson.databind.introspect.AnnotatedClass,371,0.209
com.fasterxml.jackson.databind.introspect.AnnotatedClass,374,0.209
com.fasterxml.jackson.databind.introspect.AnnotatedClass,376,0.209
com.fasterxml.jackson.databind.introspect.AnnotatedClass,380,0.209
com.fasterxml.jackson.databind.introspect.AnnotatedClass,381,0.209
com.fasterxml.jackson.databind.introspect.AnnotatedClass,384,0.209
com.fasterxml.jackson.databind.introspect.AnnotatedClass,387,0.209
com.fasterxml.jackson.databind.introspect.AnnotatedClass,392,0.209
com.fasterxml.jackson.databind.introspect.AnnotatedClass,394,0.209
com.fasterxml.jackson.databind.introspect.BasicBeanDescription,232,0.209
com.fasterxml.jackson.databind.introspect.AnnotatedMember,85,0.209
com.fasterxml.jackson.databind.introspect.AnnotatedMember,88,0.209
com.fasterxml.jackson.databind.introspect.AnnotationMap,40,0.209
com.fasterxml.jackson.databind.introspect.BasicClassIntrospector,258,0.209
com.fasterxml.jackson.databind.JavaType,302,0.209
com.fasterxml.jackson.databind.introspect.BasicClassIntrospector,247,0.209
com.fasterxml.jackson.databind.introspect.BasicClassIntrospector,248,0.209
com.fasterxml.jackson.databind.cfg.MapperConfig,230,0.209
com.fasterxml.jackson.databind.cfg.BaseSettings,374,0.209
com.fasterxml.jackson.databind.util.ClassUtil,1012,0.209
com.fasterxml.jackson.databind.util.ClassUtil,1156,0.209
com.fasterxml.jackson.databind.introspect.AnnotatedClass,351,0.209
com.fasterxml.jackson.databind.introspect.AnnotatedClass,352,0.209
com.fasterxml.jackson.databind.introspect.AnnotatedClass,353,0.209
com.fasterxml.jackson.databind.introspect.AnnotatedClass,355,0.209
com.fasterxml.jackson.databind.JavaType,352,0.209
com.fasterxml.jackson.databind.util.ClassUtil,1214,0.208
com.fasterxml.jackson.databind.introspect.POJOPropertiesCollector,612,0.208
com.fasterxml.jackson.databind.introspect.POJOPropertiesCollector,620,0.208
com.fasterxml.jackson.databind.introspect.POJOPropertiesCollector,628,0.208
com.fasterxml.jackson.databind.introspect.POJOPropertiesCollector,426,0.208
com.fasterxml.jackson.databind.introspect.POJOPropertiesCollector,609,0.208
com.fasterxml.jackson.databind.AnnotationIntrospector,1544,0.208
com.fasterxml.jackson.databind.util.ClassUtil,1142,0.208
com.fasterxml.jackson.databind.util.ClassUtil,1143,0.208
com.fasterxml.jackson.databind.introspect.AnnotatedClass,254,0.208
com.fasterxml.jackson.databind.cfg.MapperConfig,241,0.208
com.fasterxml.jackson.databind.cfg.BaseSettings,378,0.208
com.fasterxml.jackson.databind.cfg.MapperConfig,240,0.207
com.fasterxml.jackson.databind.introspect.AnnotatedFieldCollector,69,0.207
com.fasterxml.jackson.databind.introspect.AnnotatedFieldCollector,71,0.207
com.fasterxml.jackson.databind.introspect.AnnotatedFieldCollector,73,0.207
com.fasterxml.jackson.databind.introspect.AnnotatedFieldCollector,91,0.207
com.fasterxml.jackson.databind.introspect.AnnotatedFieldCollector,97,0.207
com.fasterxml.jackson.databind.JavaType,289,0.207
com.fasterxml.jackson.databind.introspect.AnnotatedClass,308,0.207
com.fasterxml.jackson.databind.JavaType,323,0.207
com.fasterxml.jackson.databind.JavaType,236,0.207
com.fasterxml.jackson.databind.ObjectMapper,4756,0.207
com.fasterxml.jackson.databind.ObjectMapper,4759,0.207
com.fasterxml.jackson.core.io.IOContext,319,0.207
com.fasterxml.jackson.core.io.IOContext,320,0.207
com.fasterxml.jackson.core.util.BufferRecycler,167,0.206
com.fasterxml.jackson.core.util.BufferRecycler,168,0.206
com.fasterxml.jackson.databind.JsonMappingException,133,0.206
com.fasterxml.jackson.databind.JsonMappingException,134,0.206
com.fasterxml.jackson.databind.JsonMappingException,138,0.206
com.fasterxml.jackson.databind.deser.BeanDeserializerBase,1410,0.206
com.fasterxml.jackson.databind.deser.BeanDeserializerBase,1411,0.206
com.fasterxml.jackson.databind.introspect.AnnotatedClassResolver,270,0.205
com.fasterxml.jackson.databind.introspect.AnnotatedClassResolver,271,0.205
com.fasterxml.jackson.databind.introspect.AnnotatedClassResolver,279,0.205
com.fasterxml.jackson.databind.introspect.AnnotatedClassResolver,292,0.205
com.fasterxml.jackson.databind.introspect.AnnotatedClassResolver,140,0.205
com.fasterxml.jackson.databind.introspect.AnnotatedClassResolver,162,0.205
com.fasterxml.jackson.databind.introspect.AnnotatedClassResolver,165,0.205
com.fasterxml.jackson.databind.introspect.AnnotatedClassResolver,168,0.205
com.fasterxml.jackson.databind.introspect.AnnotatedClassResolver,174,0.205
com.fasterxml.jackson.databind.introspect.AnnotatedClassResolver,177,0.205
com.fasterxml.jackson.databind.introspect.AnnotatedClassResolver,178,0.205
com.fasterxml.jackson.databind.introspect.AnnotatedClassResolver,181,0.205
com.fasterxml.jackson.databind.type.TypeBase,109,0.204
com.fasterxml.jackson.databind.type.TypeBase,119,0.204
com.fasterxml.jackson.databind.introspect.BasicClassIntrospector,288,0.204
com.fasterxml.jackson.databind.introspect.BasicClassIntrospector,305,0.204
com.fasterxml.jackson.databind.type.TypeBase,117,0.204
com.fasterxml.jackson.databind.introspect.AnnotatedClassResolver,166,0.204
com.fasterxml.jackson.databind.introspect.AnnotatedClassResolver,179,0.204
com.fasterxml.jackson.databind.introspect.AnnotatedClassResolver,229,0.204
com.fasterxml.jackson.databind.introspect.AnnotatedClassResolver,234,0.204
com.fasterxml.jackson.databind.introspect.AnnotatedClassResolver,238,0.204
com.fasterxml.jackson.databind.introspect.AnnotatedClassResolver,240,0.204
com.fasterxml.jackson.databind.introspect.AnnotatedClassResolver,245,0.204
com.fasterxml.jackson.databind.introspect.AnnotatedClassResolver,251,0.204
com.fasterxml.jackson.databind.introspect.AnnotatedClassResolver,269,0.204
com.fasterxml.jackson.databind.introspect.AnnotatedClassResolver,273,0.204
com.fasterxml.jackson.databind.util.ClassUtil,1198,0.204
com.fasterxml.jackson.databind.introspect.AnnotatedClassResolver,246,0.204
com.fasterxml.jackson.databind.introspect.AnnotatedClassResolver,247,0.204
com.fasterxml.jackson.databind.introspect.AnnotatedClassResolver,298,0.204
com.fasterxml.jackson.databind.introspect.AnnotatedClassResolver,299,0.204
com.fasterxml.jackson.databind.introspect.AnnotatedClassResolver,309,0.204
com.fasterxml.jackson.databind.type.TypeBase,114,0.204
com.fasterxml.jackson.databind.introspect.AnnotatedClassResolver,89,0.204
com.fasterxml.jackson.databind.introspect.AnnotatedClassResolver,135,0.204
com.fasterxml.jackson.databind.introspect.AnnotatedClassResolver,136,0.204
com.fasterxml.jackson.databind.introspect.AnnotatedClassResolver,137,0.204
com.fasterxml.jackson.databind.introspect.AnnotatedClassResolver,144,0.204
com.fasterxml.jackson.databind.introspect.AnnotatedClassResolver,145,0.204
com.fasterxml.jackson.databind.introspect.AnnotatedClassResolver,146,0.204
com.fasterxml.jackson.databind.introspect.AnnotatedClassResolver,225,0.204
com.fasterxml.jackson.databind.introspect.AnnotationCollector,32,0.204
com.fasterxml.jackson.databind.introspect.JacksonAnnotationIntrospector,572,0.204
com.fasterxml.jackson.databind.introspect.JacksonAnnotationIntrospector,1481,0.204
com.fasterxml.jackson.databind.introspect.JacksonAnnotationIntrospector,1482,0.204
com.fasterxml.jackson.databind.introspect.JacksonAnnotationIntrospector,1484,0.204
com.fasterxml.jackson.databind.introspect.JacksonAnnotationIntrospector,1492,0.204
com.fasterxml.jackson.databind.cfg.MapperConfigBase,786,0.204
com.fasterxml.jackson.databind.type.TypeBase,88,0.204
com.fasterxml.jackson.databind.introspect.BasicClassIntrospector,278,0.204
com.fasterxml.jackson.databind.util.ClassUtil,299,0.204
com.fasterxml.jackson.databind.introspect.BasicClassIntrospector,151,0.204
com.fasterxml.jackson.databind.introspect.BasicClassIntrospector,152,0.204
com.fasterxml.jackson.databind.introspect.BasicClassIntrospector,156,0.204
com.fasterxml.jackson.databind.introspect.BasicClassIntrospector,11,0.204
com.fasterxml.jackson.databind.cfg.MapperConfig,343,0.204
com.fasterxml.jackson.databind.cfg.MapperConfig,351,0.204
com.fasterxml.jackson.databind.cfg.ConfigOverrides,121,0.204
com.fasterxml.jackson.databind.cfg.ConfigOverrides,122,0.204
com.fasterxml.jackson.databind.introspect.SimpleMixInResolver,92,0.204
com.fasterxml.jackson.databind.introspect.SimpleMixInResolver,93,0.204
com.fasterxml.jackson.databind.introspect.SimpleMixInResolver,96,0.204
com.fasterxml.jackson.databind.introspect.BasicClassIntrospector,289,0.203
com.fasterxml.jackson.databind.introspect.BasicClassIntrospector,274,0.203
com.fasterxml.jackson.databind.util.ClassUtil,1201,0.203
com.fasterxml.jackson.core.type.ResolvedType,59,0.203
com.fasterxml.jackson.databind.JavaType,391,0.203
com.fasterxml.jackson.databind.JavaType,21,0.203
com.fasterxml.jackson.databind.introspect.BasicClassIntrospector,317,0.202
com.fasterxml.jackson.databind.introspect.AnnotatedClassResolver,86,0.202
com.fasterxml.jackson.databind.cfg.MapperConfig,165,0.202
com.fasterxml.jackson.databind.introspect.JacksonAnnotationIntrospector,639,0.201
com.fasterxml.jackson.databind.introspect.JacksonAnnotationIntrospector,640,0.201
com.fasterxml.jackson.databind.introspect.BasicClassIntrospector,183,0.201
com.fasterxml.jackson.databind.introspect.BasicClassIntrospector,184,0.201
com.fasterxml.jackson.databind.introspect.BasicClassIntrospector,186,0.201
com.fasterxml.jackson.databind.introspect.BasicClassIntrospector,187,0.201
com.fasterxml.jackson.databind.introspect.BasicClassIntrospector,309,0.201
com.fasterxml.jackson.databind.introspect.POJOPropertiesCollector,216,0.201
com.fasterxml.jackson.databind.introspect.POJOPropertiesCollector,220,0.201
com.fasterxml.jackson.databind.introspect.POJOPropertiesCollector,224,0.201
com.fasterxml.jackson.databind.introspect.POJOPropertiesCollector,376,0.201
com.fasterxml.jackson.databind.introspect.POJOPropertiesCollector,377,0.201
com.fasterxml.jackson.databind.introspect.POJOPropertiesCollector,380,0.201
com.fasterxml.jackson.databind.cfg.MapperConfig,252,0.201
com.fasterxml.jackson.databind.cfg.BaseSettings,386,0.201
com.fasterxml.jackson.databind.util.ClassUtil,291,0.201
com.fasterxml.jackson.databind.util.ClassUtil,292,0.201
com.fasterxml.jackson.databind.JavaType,319,0.201
com.fasterxml.jackson.databind.deser.BeanDeserializerBase,1822,0.2
com.fasterxml.jackson.databind.deser.BeanDeserializerBase,1832,0.2
com.fasterxml.jackson.databind.deser.BeanDeserializerBase,1836,0.2
com.fasterxml.jackson.databind.deser.BeanDeserializerBase,1837,0.2
com.fasterxml.jackson.databind.deser.BeanDeserializerBase,1839,0.2
com.fasterxml.jackson.databind.deser.BeanDeserializerBase,1840,0.2
com.fasterxml.jackson.databind.deser.BeanDeserializerBase,1846,0.2
com.fasterxml.jackson.databind.deser.BeanDeserializer,326,0.2
com.fasterxml.jackson.databind.introspect.AnnotatedCreatorCollector,385,0.2
com.fasterxml.jackson.databind.introspect.AnnotatedCreatorCollector,386,0.2
com.fasterxml.jackson.databind.introspect.AnnotatedCreatorCollector,389,0.2
com.fasterxml.jackson.databind.util.ClassUtil,1429,0.2
com.fasterxml.jackson.databind.util.ClassUtil,1430,0.2
com.fasterxml.jackson.databind.util.ClassUtil,1431,0.2
com.fasterxml.jackson.databind.util.ClassUtil,1432,0.2
com.fasterxml.jackson.databind.util.ClassUtil,1434,0.2
com.fasterxml.jackson.databind.introspect.BasicClassIntrospector,230,0.2
com.fasterxml.jackson.databind.introspect.DefaultAccessorNamingStrategy,428,0.2
com.fasterxml.jackson.databind.introspect.JacksonAnnotationIntrospector,364,0.2
com.fasterxml.jackson.databind.introspect.JacksonAnnotationIntrospector,365,0.2
com.fasterxml.jackson.databind.cfg.MapperConfigBase,691,0.199
com.fasterxml.jackson.databind.cfg.MapperConfigBase,694,0.199
com.fasterxml.jackson.databind.cfg.MapperConfigBase,711,0.199
com.fasterxml.jackson.databind.cfg.MapperConfigBase,717,0.199
com.fasterxml.jackson.databind.cfg.MapperConfigBase,718,0.199
com.fasterxml.jackson.databind.cfg.MapperConfigBase,719,0.199
com.fasterxml.jackson.databind.cfg.MapperConfigBase,720,0.199
com.fasterxml.jackson.databind.cfg.MapperConfigBase,722,0.199
com.fasterxml.jackson.databind.cfg.MapperConfigBase,723,0.199
com.fasterxml.jackson.databind.cfg.MapperConfigBase,726,0.199
com.fasterxml.jackson.databind.cfg.ConfigOverrides,196,0.199
com.fasterxml.jackson.databind.AnnotationIntrospector,1582,0.199
com.fasterxml.jackson.databind.introspect.AnnotatedMember,101,0.199
com.fasterxml.jackson.databind.introspect.AnnotatedMember,104,0.199
com.fasterxml.jackson.databind.introspect.AnnotationMap,63,0.199
com.fasterxml.jackson.databind.introspect.AnnotatedCreatorCollector,117,0.199
com.fasterxml.jackson.databind.introspect.AnnotatedCreatorCollector,120,0.199
com.fasterxml.jackson.databind.introspect.AnnotatedCreatorCollector,148,0.199
com.fasterxml.jackson.databind.introspect.AnnotatedCreatorCollector,178,0.199
com.fasterxml.jackson.databind.introspect.AnnotatedCreatorCollector,181,0.199
com.fasterxml.jackson.databind.introspect.AnnotatedCreatorCollector,188,0.199
com.fasterxml.jackson.databind.introspect.AnnotatedCreatorCollector,384,0.199
com.fasterxml.jackson.databind.introspect.AnnotatedCreatorCollector,404,0.199
com.fasterxml.jackson.databind.util.ClassUtil,1259,0.199
com.fasterxml.jackson.databind.util.ClassUtil,1260,0.199
com.fasterxml.jackson.databind.util.ClassUtil,1261,0.199
com.fasterxml.jackson.databind.util.ClassUtil,1262,0.199
com.fasterxml.jackson.databind.util.ClassUtil,1263,0.199
com.fasterxml.jackson.databind.util.ClassUtil,1265,0.199
com.fasterxml.jackson.databind.util.ClassUtil,1412,0.199
com.fasterxml.jackson.databind.util.ClassUtil,1416,0.199
com.fasterxml.jackson.databind.util.ClassUtil,1417,0.199
com.fasterxml.jackson.databind.util.ClassUtil,1418,0.199
com.fasterxml.jackson.databind.util.ClassUtil,1419,0.199
com.fasterxml.jackson.databind.util.ClassUtil,1421,0.199
com.fasterxml.jackson.databind.introspect.BasicBeanDescription,164,0.198
com.fasterxml.jackson.databind.introspect.POJOPropertiesCollector,234,0.198
com.fasterxml.jackson.databind.introspect.POJOPropertiesCollector,233,0.198
com.fasterxml.jackson.databind.introspect.JacksonAnnotationIntrospector,1493,0.198
com.fasterxml.jackson.databind.introspect.JacksonAnnotationIntrospector,641,0.198
com.fasterxml.jackson.databind.cfg.MapperConfig,272,0.198
com.fasterxml.jackson.databind.cfg.BaseSettings,394,0.198
com.fasterxml.jackson.databind.introspect.AnnotatedCreatorCollector,115,0.198
com.fasterxml.jackson.databind.introspect.AnnotatedCreatorCollector,116,0.198
com.fasterxml.jackson.databind.util.ClassUtil,1256,0.198
com.fasterxml.jackson.databind.type.TypeBindings,264,0.198
com.fasterxml.jackson.databind.introspect.BasicBeanDescription,166,0.198
com.fasterxml.jackson.databind.introspect.AnnotationCollector,192,0.198
com.fasterxml.jackson.databind.introspect.BasicBeanDescription,163,0.198
com.fasterxml.jackson.databind.introspect.BasicBeanDescription,239,0.198
com.fasterxml.jackson.databind.introspect.BasicBeanDescription,158,0.197
com.fasterxml.jackson.databind.introspect.BasicBeanDescription,159,0.197
com.fasterxml.jackson.databind.introspect.POJOPropertiesCollector,388,0.197
com.fasterxml.jackson.databind.introspect.POJOPropertiesCollector,385,0.197
com.fasterxml.jackson.databind.ext.OptionalHandlerFactory,221,0.196
com.fasterxml.jackson.databind.ext.OptionalHandlerFactory,263,0.196
com.fasterxml.jackson.databind.JsonMappingException,146,0.195
com.fasterxml.jackson.databind.JsonMappingException,147,0.195
com.fasterxml.jackson.databind.JsonMappingException,361,0.195
com.fasterxml.jackson.databind.introspect.AnnotatedCreatorCollector,210,0.194
com.fasterxml.jackson.databind.BeanDescription,52,0.194
com.fasterxml.jackson.databind.util.ClassUtil,246,0.194
com.fasterxml.jackson.databind.util.ClassUtil,248,0.194
com.fasterxml.jackson.databind.util.ClassUtil,249,0.194
com.fasterxml.jackson.databind.util.ClassUtil,253,0.194
com.fasterxml.jackson.databind.util.BeanUtil,298,0.194
com.fasterxml.jackson.databind.util.BeanUtil,301,0.194
com.fasterxml.jackson.databind.util.BeanUtil,309,0.194
com.fasterxml.jackson.databind.util.BeanUtil,313,0.194
com.fasterxml.jackson.databind.util.BeanUtil,327,0.194
com.fasterxml.jackson.databind.util.BeanUtil,338,0.194
com.fasterxml.jackson.databind.util.ClassUtil,176,0.194
com.fasterxml.jackson.databind.util.ClassUtil,181,0.194
com.fasterxml.jackson.databind.ext.OptionalHandlerFactory,262,0.194
com.fasterxml.jackson.databind.util.ClassUtil,167,0.194
com.fasterxml.jackson.databind.util.ClassUtil,170,0.194
com.fasterxml.jackson.databind.util.ClassUtil,173,0.194
com.fasterxml.jackson.databind.introspect.BasicClassIntrospector,153,0.194
com.fasterxml.jackson.databind.introspect.BasicClassIntrospector,154,0.194
com.fasterxml.jackson.annotation.JsonInclude,277,0.193
com.fasterxml.jackson.core.util.TextBuffer,165,0.193
com.fasterxml.jackson.core.util.TextBuffer,166,0.193
com.fasterxml.jackson.core.util.TextBuffer,167,0.193
com.fasterxml.jackson.core.util.TextBuffer,169,0.193
com.fasterxml.jackson.core.util.TextBuffer,172,0.193
com.fasterxml.jackson.core.util.TextBuffer,174,0.193
com.fasterxml.jackson.core.util.TextBuffer,179,0.193
com.fasterxml.jackson.core.util.TextBuffer,180,0.193
com.fasterxml.jackson.core.util.TextBuffer,187,0.193
com.fasterxml.jackson.databind.ext.OptionalHandlerFactory,264,0.192
com.fasterxml.jackson.databind.type.SimpleType,212,0.192
com.fasterxml.jackson.databind.ObjectMapper,4684,0.192
com.fasterxml.jackson.databind.ObjectMapper,4685,0.192
com.fasterxml.jackson.databind.deser.std.StdValueInstantiator,202,0.192
com.fasterxml.jackson.databind.deser.std.StdValueInstantiator,245,0.192
com.fasterxml.jackson.databind.type.SimpleType,218,0.191
com.fasterxml.jackson.databind.type.SimpleType,219,0.191
com.fasterxml.jackson.databind.type.SimpleType,221,0.191
com.fasterxml.jackson.databind.type.SimpleType,225,0.191
com.fasterxml.jackson.databind.type.SimpleType,236,0.191
com.fasterxml.jackson.databind.type.TypeFactory,1325,0.19
com.fasterxml.jackson.databind.ObjectMapper,4676,0.19
com.fasterxml.jackson.databind.ObjectMapper,4681,0.19
com.fasterxml.jackson.databind.ObjectMapper,4682,0.19
com.fasterxml.jackson.databind.type.TypeFactory,1495,0.19
com.fasterxml.jackson.databind.type.TypeFactory,1496,0.19
com.fasterxml.jackson.databind.type.TypeFactory,1562,0.19
com.fasterxml.jackson.databind.type.TypeFactory,1570,0.19
com.fasterxml.jackson.databind.type.TypeFactory,1572,0.19
com.fasterxml.jackson.databind.ObjectMapper,3515,0.19
com.fasterxml.jackson.databind.ObjectMapper,3516,0.19
com.fasterxml.jackson.databind.type.TypeFactory,1555,0.19
com.fasterxml.jackson.databind.deser.std.StdValueInstantiator,244,0.19
com.fasterxml.jackson.databind.type.TypeFactory,1551,0.19
com.fasterxml.jackson.databind.introspect.AnnotationMap,70,0.189
com.fasterxml.jackson.databind.introspect.JacksonAnnotationIntrospector,304,0.189
com.fasterxml.jackson.databind.introspect.JacksonAnnotationIntrospector,305,0.189
com.fasterxml.jackson.databind.introspect.JacksonAnnotationIntrospector,321,0.189
com.fasterxml.jackson.databind.introspect.JacksonAnnotationIntrospector,322,0.189
com.fasterxml.jackson.databind.introspect.JacksonAnnotationIntrospector,323,0.189
com.fasterxml.jackson.databind.type.TypeFactory,1493,0.189
com.fasterxml.jackson.databind.type.TypeFactory,1494,0.189
com.fasterxml.jackson.databind.type.TypeFactory,1544,0.189
com.fasterxml.jackson.databind.type.TypeFactory,1548,0.189
com.fasterxml.jackson.databind.type.TypeFactory,1525,0.189
com.fasterxml.jackson.databind.cfg.MapperConfigBase,657,0.189
com.fasterxml.jackson.databind.cfg.MapperConfigBase,658,0.189
com.fasterxml.jackson.databind.cfg.MapperConfigBase,666,0.189
com.fasterxml.jackson.databind.cfg.MapperConfigBase,673,0.189
com.fasterxml.jackson.databind.cfg.MapperConfigBase,674,0.189
com.fasterxml.jackson.databind.cfg.MapperConfigBase,675,0.189
com.fasterxml.jackson.databind.cfg.MapperConfigBase,676,0.189
com.fasterxml.jackson.databind.cfg.MapperConfigBase,677,0.189
com.fasterxml.jackson.databind.cfg.MapperConfigBase,684,0.189
com.fasterxml.jackson.databind.cfg.MapperConfigBase,685,0.189
com.fasterxml.jackson.annotation.JsonIgnoreProperties,206,0.189
com.fasterxml.jackson.annotation.JsonIgnoreProperties,207,0.189
com.fasterxml.jackson.annotation.JsonIgnoreProperties,247,0.189
com.fasterxml.jackson.annotation.JsonIgnoreProperties,248,0.189
com.fasterxml.jackson.annotation.JsonIncludeProperties,80,0.189
com.fasterxml.jackson.annotation.JsonIncludeProperties,94,0.189
com.fasterxml.jackson.databind.cfg.MapperConfig,180,0.189
com.fasterxml.jackson.core.JsonStreamContext,118,0.189
com.fasterxml.jackson.databind.type.SimpleType,307,0.189
com.fasterxml.jackson.databind.type.SimpleType,308,0.189
com.fasterxml.jackson.databind.type.SimpleType,309,0.189
com.fasterxml.jackson.databind.deser.BasicDeserializerFactory,2567,0.188
com.fasterxml.jackson.databind.deser.BasicDeserializerFactory,274,0.188
com.fasterxml.jackson.databind.deser.BasicDeserializerFactory,279,0.188
com.fasterxml.jackson.databind.deser.BasicDeserializerFactory,282,0.188
com.fasterxml.jackson.databind.deser.BasicDeserializerFactory,352,0.188
com.fasterxml.jackson.databind.deser.BasicDeserializerFactory,639,0.188
com.fasterxml.jackson.databind.deser.BasicDeserializerFactory,640,0.188
com.fasterxml.jackson.databind.deser.BasicDeserializerFactory,641,0.188
com.fasterxml.jackson.databind.deser.BasicDeserializerFactory,642,0.188
com.fasterxml.jackson.databind.deser.BasicDeserializerFactory,643,0.188
com.fasterxml.jackson.databind.deser.BasicDeserializerFactory,646,0.188
com.fasterxml.jackson.databind.deser.BasicDeserializerFactory,686,0.188
com.fasterxml.jackson.databind.cfg.ConstructorDetector,174,0.188
com.fasterxml.jackson.databind.type.TypeFactory,1489,0.188
com.fasterxml.jackson.databind.type.TypeFactory,1518,0.188
com.fasterxml.jackson.databind.DeserializationConfig,888,0.188
com.fasterxml.jackson.databind.DeserializationConfig,889,0.188
com.fasterxml.jackson.databind.deser.BasicDeserializerFactory,258,0.188
com.fasterxml.jackson.databind.deser.BasicDeserializerFactory,260,0.188
com.fasterxml.jackson.databind.deser.BasicDeserializerFactory,261,0.188
com.fasterxml.jackson.databind.deser.BasicDeserializerFactory,262,0.188
com.fasterxml.jackson.databind.deser.BasicDeserializerFactory,271,0.188
com.fasterxml.jackson.databind.deser.BasicDeserializerFactory,272,0.188
com.fasterxml.jackson.databind.deser.BasicDeserializerFactory,327,0.188
com.fasterxml.jackson.databind.deser.BasicDeserializerFactory,328,0.188
com.fasterxml.jackson.databind.BeanDescription,50,0.188
com.fasterxml.jackson.databind.deser.std.StdValueInstantiator,197,0.188
com.fasterxml.jackson.databind.deser.std.StdValueInstantiator,218,0.188
com.fasterxml.jackson.databind.JavaType,275,0.188
com.fasterxml.jackson.databind.JavaType,276,0.188
com.fasterxml.jackson.databind.ObjectMapper,3546,0.188
com.fasterxml.jackson.databind.ObjectMapper,3548,0.188
com.fasterxml.jackson.databind.introspect.JacksonAnnotationIntrospector,376,0.187
com.fasterxml.jackson.databind.introspect.JacksonAnnotationIntrospector,377,0.187
com.fasterxml.jackson.databind.introspect.JacksonAnnotationIntrospector,1455,0.187
com.fasterxml.jackson.databind.introspect.JacksonAnnotationIntrospector,1468,0.187
com.fasterxml.jackson.databind.type.TypeFactory,1448,0.187
com.fasterxml.jackson.databind.type.TypeFactory,1449,0.187
com.fasterxml.jackson.databind.type.TypeFactory,1463,0.187
com.fasterxml.jackson.databind.type.TypeFactory,1503,0.187
com.fasterxml.jackson.databind.type.TypeFactory,1506,0.187
com.fasterxml.jackson.databind.type.TypeFactory,1507,0.187
com.fasterxml.jackson.databind.type.TypeFactory,1509,0.187
com.fasterxml.jackson.databind.util.LRUMap,61,0.187
com.fasterxml.jackson.databind.util.LRUMap,68,0.187
com.fasterxml.jackson.databind.type.ClassStack,55,0.187
com.fasterxml.jackson.databind.type.ClassStack,60,0.187
com.fasterxml.jackson.databind.JavaType,518,0.187
com.fasterxml.jackson.databind.type.TypeFactory,1477,0.187
com.fasterxml.jackson.databind.type.TypeFactory,1478,0.187
com.fasterxml.jackson.databind.type.TypeFactory,1514,0.187
com.fasterxml.jackson.databind.type.TypeFactory,1515,0.187
com.fasterxml.jackson.databind.util.ClassUtil,1282,0.187
com.fasterxml.jackson.databind.introspect.BasicBeanDescription,555,0.187
com.fasterxml.jackson.databind.introspect.BasicBeanDescription,556,0.187
com.fasterxml.jackson.databind.deser.std.StdValueInstantiator,192,0.187
com.fasterxml.jackson.databind.type.TypeFactory,1498,0.187
com.fasterxml.jackson.databind.type.TypeFactory,1578,0.187
com.fasterxml.jackson.databind.introspect.JacksonAnnotationIntrospector,306,0.187
com.fasterxml.jackson.databind.ObjectMapper,4733,0.186
com.fasterxml.jackson.annotation.JsonIgnoreProperties,192,0.186
com.fasterxml.jackson.databind.ObjectMapper,4692,0.186
com.fasterxml.jackson.databind.introspect.POJOPropertiesCollector,386,0.186
com.fasterxml.jackson.databind.DeserializationConfig,774,0.186
com.fasterxml.jackson.databind.DeserializationConfig,777,0.186
com.fasterxml.jackson.databind.DeserializationConfig,780,0.186
com.fasterxml.jackson.databind.type.TypeFactory,1472,0.186
com.fasterxml.jackson.databind.type.TypeFactory,1482,0.186
com.fasterxml.jackson.databind.type.TypeFactory,1488,0.186
com.fasterxml.jackson.databind.type.TypeFactory,1492,0.186
com.fasterxml.jackson.databind.type.TypeFactory,1523,0.186
com.fasterxml.jackson.databind.type.TypeFactory,1524,0.186
com.fasterxml.jackson.databind.util.ClassUtil,1289,0.186
com.fasterxml.jackson.databind.ObjectMapper,4656,0.186
com.fasterxml.jackson.databind.jsontype.impl.SubTypeValidator,278,0.186
com.fasterxml.jackson.databind.jsontype.impl.SubTypeValidator,288,0.186
com.fasterxml.jackson.databind.deser.DeserializerCache,349,0.186
com.fasterxml.jackson.databind.ObjectMapper,1375,0.186
com.fasterxml.jackson.databind.introspect.BasicBeanDescription,673,0.186
com.fasterxml.jackson.databind.introspect.BasicBeanDescription,687,0.186
com.fasterxml.jackson.databind.introspect.JacksonAnnotationIntrospector,1137,0.186
com.fasterxml.jackson.databind.introspect.JacksonAnnotationIntrospector,1191,0.186
com.fasterxml.jackson.databind.introspect.JacksonAnnotationIntrospector,1192,0.186
com.fasterxml.jackson.databind.introspect.JacksonAnnotationIntrospector,1194,0.186
com.fasterxml.jackson.databind.introspect.JacksonAnnotationIntrospector,1197,0.186
com.fasterxml.jackson.databind.introspect.JacksonAnnotationIntrospector,1198,0.186
com.fasterxml.jackson.databind.introspect.JacksonAnnotationIntrospector,1212,0.186
com.fasterxml.jackson.databind.introspect.JacksonAnnotationIntrospector,1228,0.186
com.fasterxml.jackson.databind.introspect.JacksonAnnotationIntrospector,1229,0.186
com.fasterxml.jackson.databind.introspect.JacksonAnnotationIntrospector,1245,0.186
com.fasterxml.jackson.databind.cfg.DeserializerFactoryConfig,189,0.186
com.fasterxml.jackson.databind.deser.DeserializerCache,333,0.186
com.fasterxml.jackson.databind.deser.DeserializerCache,334,0.186
com.fasterxml.jackson.databind.deser.DeserializerCache,340,0.186
com.fasterxml.jackson.databind.deser.DeserializerCache,341,0.186
com.fasterxml.jackson.databind.deser.DeserializerCache,347,0.186
com.fasterxml.jackson.databind.deser.DeserializerCache,348,0.186
com.fasterxml.jackson.databind.deser.DeserializerCache,365,0.186
com.fasterxml.jackson.databind.deser.DeserializerCache,370,0.186
com.fasterxml.jackson.databind.deser.DeserializerCache,428,0.186
com.fasterxml.jackson.databind.deser.DeserializerCache,483,0.186
com.fasterxml.jackson.databind.deser.DeserializerCache,484,0.186
com.fasterxml.jackson.databind.deser.DeserializerCache,491,0.186
com.fasterxml.jackson.databind.deser.DeserializerCache,507,0.186
com.fasterxml.jackson.databind.deser.DeserializerCache,508,0.186
com.fasterxml.jackson.databind.deser.DeserializerCache,530,0.186
com.fasterxml.jackson.databind.deser.DeserializerCache,532,0.186
com.fasterxml.jackson.databind.introspect.CollectorBase,37,0.185
com.fasterxml.jackson.databind.introspect.CollectorBase,44,0.185
com.fasterxml.jackson.databind.deser.BeanDeserializerFactory,136,0.185
com.fasterxml.jackson.databind.deser.BeanDeserializerFactory,140,0.185
com.fasterxml.jackson.databind.deser.BeanDeserializerFactory,144,0.185
com.fasterxml.jackson.databind.deser.BeanDeserializerFactory,145,0.185
com.fasterxml.jackson.databind.deser.BeanDeserializerFactory,150,0.185
com.fasterxml.jackson.databind.deser.BeanDeserializerFactory,209,0.185
com.fasterxml.jackson.databind.deser.BeanDeserializerFactory,210,0.185
com.fasterxml.jackson.databind.deser.BeanDeserializerFactory,217,0.185
com.fasterxml.jackson.databind.deser.BeanDeserializerFactory,261,0.185
com.fasterxml.jackson.databind.deser.BeanDeserializerFactory,947,0.185
com.fasterxml.jackson.databind.deser.BeanDeserializerFactory,948,0.185
com.fasterxml.jackson.databind.deser.BeanDeserializerFactory,951,0.185
com.fasterxml.jackson.databind.deser.BeanDeserializerFactory,956,0.185
com.fasterxml.jackson.databind.deser.BeanDeserializerFactory,957,0.185
com.fasterxml.jackson.databind.deser.BeanDeserializerFactory,960,0.185
com.fasterxml.jackson.databind.deser.BeanDeserializerFactory,1000,0.185
com.fasterxml.jackson.databind.deser.BeanDeserializerFactory,1001,0.185
com.fasterxml.jackson.databind.deser.std.JdkDeserializers,62,0.185
com.fasterxml.jackson.databind.jsontype.impl.SubTypeValidator,257,0.185
com.fasterxml.jackson.databind.jsontype.impl.SubTypeValidator,264,0.185
com.fasterxml.jackson.databind.jsontype.impl.SubTypeValidator,265,0.185
com.fasterxml.jackson.databind.jsontype.impl.SubTypeValidator,269,0.185
com.fasterxml.jackson.databind.jsontype.impl.SubTypeValidator,276,0.185
com.fasterxml.jackson.databind.jsontype.impl.SubTypeValidator,299,0.185
com.fasterxml.jackson.databind.util.ClassUtil,642,0.185
com.fasterxml.jackson.databind.util.ClassUtil,645,0.185
com.fasterxml.jackson.databind.util.ClassUtil,191,0.185
com.fasterxml.jackson.databind.util.ClassUtil,196,0.185
com.fasterxml.jackson.databind.util.ClassUtil,203,0.185
com.fasterxml.jackson.databind.util.ClassUtil,210,0.185
com.fasterxml.jackson.databind.util.ClassUtil,211,0.185
com.fasterxml.jackson.databind.introspect.AnnotationCollector,70,0.185
com.fasterxml.jackson.databind.deser.DeserializerCache,142,0.185
com.fasterxml.jackson.databind.introspect.JacksonAnnotationIntrospector,1129,0.185
com.fasterxml.jackson.databind.introspect.JacksonAnnotationIntrospector,1130,0.185
com.fasterxml.jackson.databind.deser.DeserializerCache,228,0.185
com.fasterxml.jackson.databind.deser.DeserializerCache,230,0.185
com.fasterxml.jackson.databind.deser.DeserializerCache,231,0.185
com.fasterxml.jackson.databind.deser.DeserializerCache,234,0.185
com.fasterxml.jackson.databind.deser.DeserializerCache,236,0.185
com.fasterxml.jackson.databind.deser.DeserializerCache,244,0.185
com.fasterxml.jackson.databind.deser.DeserializerCache,264,0.185
com.fasterxml.jackson.databind.deser.DeserializerCache,318,0.185
com.fasterxml.jackson.databind.deser.DeserializerCache,321,0.185
com.fasterxml.jackson.databind.deser.DeserializerCache,324,0.185
com.fasterxml.jackson.databind.deser.DeserializerCache,326,0.185
com.fasterxml.jackson.databind.deser.DeserializerCache,327,0.185
com.fasterxml.jackson.databind.deser.DeserializerCache,328,0.185
com.fasterxml.jackson.databind.deser.DeserializerCache,426,0.185
com.fasterxml.jackson.databind.deser.DeserializerCache,427,0.185
com.fasterxml.jackson.databind.DeserializationContext,285,0.185
com.fasterxml.jackson.databind.util.ClassUtil,695,0.185
com.fasterxml.jackson.databind.util.ClassUtil,698,0.185
com.fasterxml.jackson.databind.util.ClassUtil,699,0.185
com.fasterxml.jackson.databind.util.ClassUtil,700,0.185
com.fasterxml.jackson.databind.DeserializationContext,1211,0.185
com.fasterxml.jackson.databind.DeserializationContext,1212,0.185
com.fasterxml.jackson.databind.DeserializationContext,1213,0.185
com.fasterxml.jackson.databind.introspect.BasicBeanDescription,557,0.184
com.fasterxml.jackson.databind.DeserializationContext,263,0.184
com.fasterxml.jackson.databind.ObjectMapper,4582,0.184
com.fasterxml.jackson.databind.ObjectMapper,4584,0.184
com.fasterxml.jackson.databind.ObjectMapper,4585,0.184
com.fasterxml.jackson.databind.ObjectMapper,4586,0.184
com.fasterxml.jackson.databind.DeserializationContext,591,0.184
com.fasterxml.jackson.databind.deser.DeserializerCache,139,0.184
com.fasterxml.jackson.databind.deser.DeserializerCache,140,0.184
com.fasterxml.jackson.databind.introspect.BasicBeanDescription,690,0.184
com.fasterxml.jackson.databind.deser.BasicDeserializerFactory,2588,0.184
com.fasterxml.jackson.databind.deser.std.StdValueInstantiator,132,0.184
com.fasterxml.jackson.databind.deser.std.StdValueInstantiator,133,0.184
com.fasterxml.jackson.databind.deser.std.StdValueInstantiator,134,0.184
com.fasterxml.jackson.databind.deser.std.StdValueInstantiator,135,0.184
com.fasterxml.jackson.databind.deser.std.StdValueInstantiator,136,0.184
com.fasterxml.jackson.databind.deser.std.StdValueInstantiator,137,0.184
com.fasterxml.jackson.databind.deser.std.StdValueInstantiator,138,0.184
com.fasterxml.jackson.databind.deser.std.StdValueInstantiator,145,0.184
com.fasterxml.jackson.databind.deser.std.StdValueInstantiator,146,0.184
com.fasterxml.jackson.databind.deser.std.StdValueInstantiator,147,0.184
com.fasterxml.jackson.databind.deser.std.StdValueInstantiator,148,0.184
com.fasterxml.jackson.databind.deser.std.StdValueInstantiator,151,0.184
com.fasterxml.jackson.databind.deser.std.StdValueInstantiator,152,0.184
com.fasterxml.jackson.databind.deser.std.StdValueInstantiator,155,0.184
com.fasterxml.jackson.databind.deser.std.StdValueInstantiator,156,0.184
com.fasterxml.jackson.databind.deser.std.StdValueInstantiator,159,0.184
com.fasterxml.jackson.databind.deser.std.StdValueInstantiator,160,0.184
com.fasterxml.jackson.databind.deser.std.StdValueInstantiator,162,0.184
com.fasterxml.jackson.databind.deser.std.StdValueInstantiator,165,0.184
com.fasterxml.jackson.databind.deser.std.StdValueInstantiator,166,0.184
com.fasterxml.jackson.databind.deser.std.StdValueInstantiator,168,0.184
com.fasterxml.jackson.databind.deser.std.StdValueInstantiator,171,0.184
com.fasterxml.jackson.databind.deser.std.StdValueInstantiator,172,0.184
com.fasterxml.jackson.databind.deser.impl.CreatorCollector,90,0.184
com.fasterxml.jackson.databind.deser.impl.CreatorCollector,91,0.184
com.fasterxml.jackson.databind.deser.impl.CreatorCollector,93,0.184
com.fasterxml.jackson.databind.deser.impl.CreatorCollector,95,0.184
com.fasterxml.jackson.databind.deser.impl.CreatorCollector,97,0.184
com.fasterxml.jackson.databind.deser.impl.CreatorCollector,98,0.184
com.fasterxml.jackson.databind.deser.impl.CreatorCollector,101,0.184
com.fasterxml.jackson.databind.deser.impl.CreatorCollector,103,0.184
com.fasterxml.jackson.databind.deser.impl.CreatorCollector,104,0.184
com.fasterxml.jackson.databind.deser.impl.CreatorCollector,105,0.184
com.fasterxml.jackson.databind.deser.impl.CreatorCollector,106,0.184
com.fasterxml.jackson.databind.deser.impl.CreatorCollector,107,0.184
com.fasterxml.jackson.databind.deser.impl.CreatorCollector,108,0.184
com.fasterxml.jackson.databind.deser.impl.CreatorCollector,109,0.184
com.fasterxml.jackson.databind.deser.impl.CreatorCollector,110,0.184
com.fasterxml.jackson.databind.deser.impl.CreatorCollector,239,0.184
com.fasterxml.jackson.databind.deser.impl.CreatorCollector,240,0.184
com.fasterxml.jackson.databind.deser.BasicDeserializerFactory,317,0.184
com.fasterxml.jackson.databind.deser.BasicDeserializerFactory,321,0.184
com.fasterxml.jackson.databind.introspect.BasicClassIntrospector,98,0.184
com.fasterxml.jackson.databind.introspect.BasicClassIntrospector,99,0.184
com.fasterxml.jackson.databind.introspect.BasicClassIntrospector,108,0.184
com.fasterxml.jackson.databind.introspect.BasicClassIntrospector,11,0.184
com.fasterxml.jackson.databind.DeserializationConfig,907,0.184
com.fasterxml.jackson.databind.deser.DeserializerCache,204,0.184
com.fasterxml.jackson.databind.deser.DeserializerCache,207,0.184
com.fasterxml.jackson.databind.deser.DeserializerCache,210,0.184
com.fasterxml.jackson.databind.deser.DeserializerCache,548,0.184
com.fasterxml.jackson.databind.deser.DeserializerCache,564,0.184
com.fasterxml.jackson.databind.deser.DefaultDeserializationContext,413,0.184
com.fasterxml.jackson.databind.ext.OptionalHandlerFactory,190,0.184
com.fasterxml.jackson.databind.DeserializationConfig,851,0.184
com.fasterxml.jackson.databind.JavaType,265,0.184
com.fasterxml.jackson.core.base.ParserMinimalBase,186,0.184
com.fasterxml.jackson.databind.introspect.BasicBeanDescription,674,0.183
com.fasterxml.jackson.databind.introspect.JacksonAnnotationIntrospector,1283,0.183
com.fasterxml.jackson.databind.introspect.JacksonAnnotationIntrospector,1284,0.183
com.fasterxml.jackson.databind.cfg.MapperConfigBase,652,0.183
com.fasterxml.jackson.databind.cfg.ConfigOverrides,149,0.183
com.fasterxml.jackson.databind.cfg.ConfigOverrides,161,0.183
com.fasterxml.jackson.databind.cfg.ConfigOverrides,162,0.183
com.fasterxml.jackson.annotation.JsonFormat,531,0.183
com.fasterxml.jackson.databind.introspect.AnnotatedMethodCollector,94,0.183
com.fasterxml.jackson.databind.introspect.AnnotatedMethodMap,55,0.183
com.fasterxml.jackson.databind.introspect.JacksonAnnotationIntrospector,491,0.183
com.fasterxml.jackson.databind.ext.OptionalHandlerFactory,181,0.183
com.fasterxml.jackson.databind.ext.OptionalHandlerFactory,184,0.183
com.fasterxml.jackson.databind.ext.OptionalHandlerFactory,185,0.183
com.fasterxml.jackson.databind.ext.OptionalHandlerFactory,186,0.183
com.fasterxml.jackson.databind.introspect.JacksonAnnotationIntrospector,489,0.183
com.fasterxml.jackson.databind.introspect.JacksonAnnotationIntrospector,490,0.183
com.fasterxml.jackson.databind.introspect.JacksonAnnotationIntrospector,1325,0.183
com.fasterxml.jackson.databind.introspect.JacksonAnnotationIntrospector,1170,0.183
com.fasterxml.jackson.databind.introspect.JacksonAnnotationIntrospector,1171,0.183
com.fasterxml.jackson.databind.introspect.AnnotatedFieldCollector,133,0.183
com.fasterxml.jackson.databind.introspect.AnnotatedFieldCollector,134,0.183
com.fasterxml.jackson.databind.ext.OptionalHandlerFactory,170,0.183
com.fasterxml.jackson.databind.ext.OptionalHandlerFactory,172,0.183
com.fasterxml.jackson.databind.ext.OptionalHandlerFactory,173,0.183
com.fasterxml.jackson.databind.ext.OptionalHandlerFactory,174,0.183
com.fasterxml.jackson.databind.ext.OptionalHandlerFactory,178,0.183
com.fasterxml.jackson.databind.ext.Java7HandlersImpl,28,0.183
com.fasterxml.jackson.databind.ext.Java7HandlersImpl,31,0.183
com.fasterxml.jackson.databind.deser.BasicDeserializerFactory,1821,0.183
com.fasterxml.jackson.databind.deser.BasicDeserializerFactory,2120,0.183
com.fasterxml.jackson.databind.deser.BasicDeserializerFactory,2121,0.183
com.fasterxml.jackson.databind.ObjectMapper,4728,0.182
com.fasterxml.jackson.databind.ObjectMapper,4729,0.182
com.fasterxml.jackson.databind.deser.BasicDeserializerFactory,2117,0.182
com.fasterxml.jackson.databind.introspect.AnnotatedFieldCollector,75,0.182
com.fasterxml.jackson.databind.introspect.AnnotatedFieldCollector,128,0.182
com.fasterxml.jackson.core.io.IOContext,228,0.182
com.fasterxml.jackson.core.io.IOContext,229,0.182
com.fasterxml.jackson.core.JsonFactory,534,0.182
com.fasterxml.jackson.core.JsonFactory,1165,0.182
com.fasterxml.jackson.core.JsonFactory,1166,0.182
com.fasterxml.jackson.core.JsonFactory,1167,0.182
com.fasterxml.jackson.core.JsonFactory,1168,0.182
com.fasterxml.jackson.core.JsonFactory,1702,0.182
com.fasterxml.jackson.core.JsonFactory,1703,0.182
com.fasterxml.jackson.databind.deser.BeanDeserializerFactory,273,0.181
com.fasterxml.jackson.databind.deser.BeanDeserializerFactory,274,0.181
com.fasterxml.jackson.databind.deser.BeanDeserializerFactory,275,0.181
com.fasterxml.jackson.databind.deser.BeanDeserializerFactory,277,0.181
com.fasterxml.jackson.databind.introspect.BasicClassIntrospector,102,0.181
com.fasterxml.jackson.databind.introspect.BasicClassIntrospector,103,0.181
com.fasterxml.jackson.core.json.ReaderBasedJsonParser,173,0.181
com.fasterxml.jackson.databind.deser.BasicDeserializerFactory,1776,0.181
com.fasterxml.jackson.databind.deser.BasicDeserializerFactory,1777,0.181
com.fasterxml.jackson.databind.deser.BasicDeserializerFactory,1778,0.181
com.fasterxml.jackson.databind.deser.BasicDeserializerFactory,1779,0.181
com.fasterxml.jackson.databind.deser.BasicDeserializerFactory,1783,0.181
com.fasterxml.jackson.databind.deser.BasicDeserializerFactory,1784,0.181
com.fasterxml.jackson.databind.introspect.JacksonAnnotationIntrospector,1305,0.181
com.fasterxml.jackson.databind.introspect.JacksonAnnotationIntrospector,1306,0.181
com.fasterxml.jackson.databind.introspect.JacksonAnnotationIntrospector,1307,0.181
com.fasterxml.jackson.databind.introspect.JacksonAnnotationIntrospector,1316,0.181
com.fasterxml.jackson.databind.introspect.JacksonAnnotationIntrospector,1317,0.181
com.fasterxml.jackson.databind.ObjectMapper,4590,0.181
com.fasterxml.jackson.databind.ObjectMapper,4593,0.181
com.fasterxml.jackson.databind.ObjectMapper,4594,0.181
com.fasterxml.jackson.core.JsonFactory,1158,0.181
com.fasterxml.jackson.core.JsonFactory,1160,0.181
com.fasterxml.jackson.databind.ObjectMapper,4587,0.181
com.fasterxml.jackson.databind.JsonMappingException,349,0.18
com.fasterxml.jackson.databind.introspect.POJOPropertiesCollector,1273,0.18
com.fasterxml.jackson.databind.introspect.POJOPropertiesCollector,1274,0.18
com.fasterxml.jackson.databind.introspect.POJOPropertiesCollector,1275,0.18
com.fasterxml.jackson.databind.introspect.POJOPropertiesCollector,1276,0.18
com.fasterxml.jackson.databind.introspect.POJOPropertiesCollector,1277,0.18
com.fasterxml.jackson.databind.introspect.POJOPropertiesCollector,1279,0.18
com.fasterxml.jackson.databind.deser.DeserializerCache,373,0.18
com.fasterxml.jackson.databind.PropertyName,100,0.18
com.fasterxml.jackson.databind.PropertyName,103,0.18
com.fasterxml.jackson.databind.PropertyName,106,0.18
com.fasterxml.jackson.databind.introspect.POJOPropertyBuilder,1011,0.18
com.fasterxml.jackson.databind.introspect.POJOPropertyBuilder,1020,0.18
com.fasterxml.jackson.databind.introspect.POJOPropertyBuilder,1021,0.18
com.fasterxml.jackson.databind.introspect.POJOPropertiesCollector,892,0.18
com.fasterxml.jackson.databind.introspect.POJOPropertiesCollector,895,0.18
com.fasterxml.jackson.databind.PropertyName,92,0.18
com.fasterxml.jackson.databind.PropertyName,95,0.18
com.fasterxml.jackson.core.io.IOContext,277,0.18
com.fasterxml.jackson.core.io.IOContext,278,0.18
com.fasterxml.jackson.core.io.IOContext,279,0.18
com.fasterxml.jackson.core.io.IOContext,280,0.18
com.fasterxml.jackson.core.io.IOContext,282,0.18
com.fasterxml.jackson.core.sym.CharsToNameCanonicalizer,330,0.18
com.fasterxml.jackson.core.sym.CharsToNameCanonicalizer,393,0.18
com.fasterxml.jackson.core.json.ReaderBasedJsonParser,212,0.18
com.fasterxml.jackson.core.json.ReaderBasedJsonParser,218,0.18
com.fasterxml.jackson.core.json.ReaderBasedJsonParser,229,0.18
com.fasterxml.jackson.core.json.ReaderBasedJsonParser,231,0.18
com.fasterxml.jackson.core.json.ReaderBasedJsonParser,233,0.18
com.fasterxml.jackson.core.json.ReaderBasedJsonParser,234,0.18
com.fasterxml.jackson.core.json.ReaderBasedJsonParser,235,0.18
com.fasterxml.jackson.core.json.ReaderBasedJsonParser,236,0.18
com.fasterxml.jackson.core.json.ReaderBasedJsonParser,237,0.18
com.fasterxml.jackson.core.json.ReaderBasedJsonParser,240,0.18
com.fasterxml.jackson.databind.ext.OptionalHandlerFactory,191,0.18
com.fasterxml.jackson.databind.ext.OptionalHandlerFactory,194,0.18
com.fasterxml.jackson.databind.deser.std.JdkDeserializers,35,0.18
com.fasterxml.jackson.databind.deser.BasicDeserializerFactory,2124,0.18
com.fasterxml.jackson.core.json.ReaderBasedJsonParser,668,0.18
com.fasterxml.jackson.core.json.ReaderBasedJsonParser,673,0.18
com.fasterxml.jackson.core.json.ReaderBasedJsonParser,674,0.18
com.fasterxml.jackson.core.json.ReaderBasedJsonParser,677,0.18
com.fasterxml.jackson.core.json.ReaderBasedJsonParser,678,0.18
com.fasterxml.jackson.core.json.ReaderBasedJsonParser,2388,0.18
com.fasterxml.jackson.core.json.ReaderBasedJsonParser,2393,0.18
com.fasterxml.jackson.core.json.ReaderBasedJsonParser,2394,0.18
com.fasterxml.jackson.core.util.InternCache,40,0.18
com.fasterxml.jackson.core.util.InternCache,41,0.18
com.fasterxml.jackson.core.sym.CharsToNameCanonicalizer,274,0.179
com.fasterxml.jackson.core.sym.CharsToNameCanonicalizer,319,0.179
com.fasterxml.jackson.core.sym.CharsToNameCanonicalizer,394,0.179
com.fasterxml.jackson.databind.introspect.BasicClassIntrospector,104,0.179
com.fasterxml.jackson.databind.introspect.BasicBeanDescription,139,0.179
com.fasterxml.jackson.core.base.ParserBase,368,0.179
com.fasterxml.jackson.core.base.ParserBase,370,0.179
com.fasterxml.jackson.core.base.ParserBase,371,0.179
com.fasterxml.jackson.core.base.ParserBase,373,0.179
com.fasterxml.jackson.core.base.ParserBase,377,0.179
com.fasterxml.jackson.core.base.ParserBase,378,0.179
com.fasterxml.jackson.core.base.ParserBase,380,0.179
com.fasterxml.jackson.core.base.ParserBase,473,0.179
com.fasterxml.jackson.core.base.ParserBase,474,0.179
com.fasterxml.jackson.core.base.ParserBase,475,0.179
com.fasterxml.jackson.core.base.ParserBase,479,0.179
