org.apache.commons.math.linear.AbstractRealMatrix,991,0.354
org.apache.commons.math.linear.AbstractRealMatrix,992,0.354
org.apache.commons.math.linear.AbstractRealMatrix,993,0.354
org.apache.commons.math.linear.AbstractRealMatrix,994,0.354
org.apache.commons.math.linear.AbstractRealMatrix,995,0.354
org.apache.commons.math.linear.AbstractRealMatrix,996,0.354
org.apache.commons.math.linear.AbstractRealMatrix,998,0.354
org.apache.commons.math.linear.AbstractRealMatrix,999,0.354
org.apache.commons.math.linear.AbstractRealMatrix,1000,0.354
org.apache.commons.math.linear.AbstractRealMatrix,1002,0.354
org.apache.commons.math.linear.AbstractRealMatrix,1003,0.354
org.apache.commons.math.linear.AbstractRealMatrix,1004,0.354
org.apache.commons.math.linear.AbstractRealMatrix,1005,0.354
org.apache.commons.math.linear.AbstractRealMatrix,1007,0.354
org.apache.commons.math.linear.AbstractRealMatrix,1009,0.354
org.apache.commons.math.linear.AbstractRealMatrix,1012,0.354
org.apache.commons.math.linear.AbstractRealMatrix,1013,0.354
org.apache.commons.math.linear.CholeskyDecompositionImpl,155,0.289
org.apache.commons.math.linear.CholeskyDecompositionImpl,156,0.289
org.apache.commons.math.linear.CholeskyDecompositionImpl,158,0.289
org.apache.commons.math.linear.CholeskyDecompositionImpl,164,0.289
org.apache.commons.math.linear.CholeskyDecompositionImpl,165,0.289
org.apache.commons.math.linear.CholeskyDecompositionImpl,169,0.289
org.apache.commons.math.linear.MatrixUtils,88,0.147
org.apache.commons.math.linear.AbstractRealMatrix,639,0.139
org.apache.commons.math.linear.DenseRealMatrix,618,0.118
org.apache.commons.math.linear.DenseRealMatrix,619,0.118
org.apache.commons.math.linear.DenseRealMatrix,621,0.118
org.apache.commons.math.linear.DenseRealMatrix,622,0.118
org.apache.commons.math.linear.DenseRealMatrix,623,0.118
org.apache.commons.math.linear.DenseRealMatrix,624,0.118
org.apache.commons.math.linear.DenseRealMatrix,625,0.118
org.apache.commons.math.linear.DenseRealMatrix,626,0.118
org.apache.commons.math.linear.DenseRealMatrix,627,0.118
org.apache.commons.math.linear.DenseRealMatrix,628,0.118
org.apache.commons.math.linear.DenseRealMatrix,629,0.118
org.apache.commons.math.linear.DenseRealMatrix,630,0.118
org.apache.commons.math.linear.DenseRealMatrix,634,0.118
org.apache.commons.math.linear.DenseRealMatrix,635,0.118
org.apache.commons.math.linear.DenseRealMatrix,636,0.118
org.apache.commons.math.linear.DenseRealMatrix,640,0.118
org.apache.commons.math.linear.DenseRealMatrix,588,0.105
org.apache.commons.math.linear.DenseRealMatrix,592,0.105
org.apache.commons.math.linear.DenseRealMatrix,593,0.105
org.apache.commons.math.linear.DenseRealMatrix,206,0.105
org.apache.commons.math.linear.DenseRealMatrix,207,0.105
org.apache.commons.math.linear.DenseRealMatrix,208,0.105
org.apache.commons.math.linear.DenseRealMatrix,209,0.105
org.apache.commons.math.linear.DenseRealMatrix,212,0.105
org.apache.commons.math.linear.DenseRealMatrix,213,0.105
org.apache.commons.math.linear.DenseRealMatrix,214,0.105
org.apache.commons.math.linear.DenseRealMatrix,222,0.105
org.apache.commons.math.linear.DenseRealMatrix,223,0.105
org.apache.commons.math.linear.DenseRealMatrix,224,0.105
org.apache.commons.math.linear.DenseRealMatrix,225,0.105
org.apache.commons.math.linear.DenseRealMatrix,226,0.105
org.apache.commons.math.linear.DenseRealMatrix,227,0.105
org.apache.commons.math.linear.DenseRealMatrix,228,0.105
org.apache.commons.math.linear.DenseRealMatrix,229,0.105
org.apache.commons.math.linear.DenseRealMatrix,230,0.105
org.apache.commons.math.linear.DenseRealMatrix,233,0.105
org.apache.commons.math.linear.DenseRealMatrix,234,0.105
org.apache.commons.math.linear.DenseRealMatrix,237,0.105
org.apache.commons.math.linear.DenseRealMatrix,238,0.105
org.apache.commons.math.linear.DenseRealMatrix,244,0.105
org.apache.commons.math.linear.DenseRealMatrix,1626,0.101
org.apache.commons.math.linear.DenseRealMatrix,1323,0.095
org.apache.commons.math.linear.DenseRealMatrix,492,0.094
org.apache.commons.math.linear.DenseRealMatrix,596,0.094
org.apache.commons.math.linear.DenseRealMatrix,597,0.094
org.apache.commons.math.linear.DenseRealMatrix,64,0.094
org.apache.commons.math.linear.DenseRealMatrix,1317,0.094
org.apache.commons.math.linear.DenseRealMatrix,555,0.094
org.apache.commons.math.linear.DenseRealMatrix,557,0.094
org.apache.commons.math.linear.DenseRealMatrix,560,0.094
org.apache.commons.math.linear.DenseRealMatrix,561,0.094
org.apache.commons.math.linear.DenseRealMatrix,563,0.094
org.apache.commons.math.linear.DenseRealMatrix,564,0.094
org.apache.commons.math.linear.DenseRealMatrix,566,0.094
org.apache.commons.math.linear.DenseRealMatrix,567,0.094
org.apache.commons.math.linear.DenseRealMatrix,568,0.094
org.apache.commons.math.linear.DenseRealMatrix,569,0.094
org.apache.commons.math.linear.DenseRealMatrix,570,0.094
org.apache.commons.math.linear.DenseRealMatrix,573,0.094
org.apache.commons.math.linear.DenseRealMatrix,576,0.094
org.apache.commons.math.linear.DenseRealMatrix,577,0.094
org.apache.commons.math.linear.DenseRealMatrix,578,0.094
org.apache.commons.math.linear.DenseRealMatrix,579,0.094
org.apache.commons.math.linear.DenseRealMatrix,580,0.094
org.apache.commons.math.linear.DenseRealMatrix,581,0.094
org.apache.commons.math.linear.DenseRealMatrix,582,0.094
org.apache.commons.math.linear.DenseRealMatrix,583,0.094
org.apache.commons.math.linear.DenseRealMatrix,584,0.094
org.apache.commons.math.linear.DenseRealMatrix,585,0.094
org.apache.commons.math.linear.DenseRealMatrix,586,0.094
org.apache.commons.math.linear.DenseRealMatrix,587,0.094
org.apache.commons.math.linear.DenseRealMatrix,595,0.094
org.apache.commons.math.linear.DenseRealMatrix,599,0.094
org.apache.commons.math.linear.DenseRealMatrix,605,0.094
org.apache.commons.math.linear.DenseRealMatrix,610,0.094
org.apache.commons.math.linear.DenseRealMatrix,1635,0.092
org.apache.commons.math.linear.DenseRealMatrix,64,0.08
org.apache.commons.math.linear.DenseRealMatrix,1281,0.079
org.apache.commons.math.linear.DenseRealMatrix,1282,0.079
org.apache.commons.math.linear.DenseRealMatrix,1283,0.079
org.apache.commons.math.linear.DenseRealMatrix,1286,0.079
org.apache.commons.math.linear.DenseRealMatrix,1287,0.079
org.apache.commons.math.linear.DenseRealMatrix,1288,0.079
org.apache.commons.math.linear.DenseRealMatrix,1291,0.079
org.apache.commons.math.linear.DenseRealMatrix,1292,0.079
org.apache.commons.math.linear.DenseRealMatrix,1293,0.079
org.apache.commons.math.linear.DenseRealMatrix,1294,0.079
org.apache.commons.math.linear.DenseRealMatrix,1295,0.079
org.apache.commons.math.linear.DenseRealMatrix,1296,0.079
org.apache.commons.math.linear.DenseRealMatrix,1297,0.079
org.apache.commons.math.linear.DenseRealMatrix,1298,0.079
org.apache.commons.math.linear.DenseRealMatrix,1299,0.079
org.apache.commons.math.linear.DenseRealMatrix,1300,0.079
org.apache.commons.math.linear.DenseRealMatrix,1305,0.079
org.apache.commons.math.linear.DenseRealMatrix,1310,0.079
org.apache.commons.math.linear.MatrixUtils,627,0.075
org.apache.commons.math.linear.MatrixUtils,633,0.075
org.apache.commons.math.linear.DenseRealMatrix,1214,0.065
org.apache.commons.math.linear.DenseRealMatrix,1215,0.065
org.apache.commons.math.linear.DenseRealMatrix,1216,0.065
org.apache.commons.math.linear.DenseRealMatrix,1218,0.065
org.apache.commons.math.linear.DenseRealMatrix,262,0.054
org.apache.commons.math.linear.DenseRealMatrix,263,0.054
org.apache.commons.math.linear.DenseRealMatrix,265,0.054
org.apache.commons.math.linear.DenseRealMatrix,266,0.054
org.apache.commons.math.linear.DenseRealMatrix,267,0.054
org.apache.commons.math.linear.DenseRealMatrix,268,0.054
org.apache.commons.math.linear.DenseRealMatrix,269,0.054
org.apache.commons.math.linear.DenseRealMatrix,270,0.054
org.apache.commons.math.linear.DenseRealMatrix,271,0.054
org.apache.commons.math.linear.DenseRealMatrix,272,0.054
org.apache.commons.math.linear.DenseRealMatrix,273,0.054
org.apache.commons.math.linear.DenseRealMatrix,274,0.054
org.apache.commons.math.linear.DenseRealMatrix,278,0.054
