com.google.javascript.jscomp.TypeInference,930,0.378
com.google.javascript.jscomp.TypedScopeCreator,1805,0.289
com.google.javascript.jscomp.TypeValidator,751,0.183
com.google.javascript.jscomp.TypedScopeCreator,1845,0.143
com.google.javascript.jscomp.parsing.JsDocInfoParser,946,0.137
com.google.javascript.jscomp.parsing.JsDocInfoParser,951,0.137
com.google.javascript.jscomp.TypedScopeCreator,1314,0.131
com.google.javascript.rhino.jstype.JSTypeRegistry,727,0.13
com.google.javascript.jscomp.TypedScopeCreator,410,0.127
com.google.javascript.jscomp.TypedScopeCreator,1824,0.127
com.google.javascript.jscomp.TypedScopeCreator,1828,0.127
com.google.javascript.jscomp.TypedScopeCreator,1829,0.127
com.google.javascript.jscomp.TypedScopeCreator,1830,0.127
com.google.javascript.jscomp.TypedScopeCreator,1832,0.127
com.google.javascript.jscomp.TypedScopeCreator,1835,0.127
com.google.javascript.jscomp.TypedScopeCreator,1837,0.127
com.google.javascript.jscomp.TypedScopeCreator,1838,0.127
com.google.javascript.jscomp.TypedScopeCreator,1841,0.127
com.google.javascript.jscomp.TypedScopeCreator,1842,0.127
com.google.javascript.jscomp.TypedScopeCreator,1850,0.127
com.google.javascript.jscomp.TypeCheck,1465,0.124
com.google.javascript.jscomp.TypeCheck,1467,0.124
com.google.javascript.jscomp.TypeCheck,1472,0.124
com.google.javascript.jscomp.TypeCheck,1481,0.124
com.google.javascript.jscomp.TypeCheck,1482,0.124
com.google.javascript.jscomp.TypeValidator,732,0.115
com.google.javascript.jscomp.TypeValidator,733,0.115
com.google.javascript.jscomp.TypeValidator,734,0.115
com.google.javascript.jscomp.TypeValidator,735,0.115
com.google.javascript.jscomp.TypeValidator,741,0.115
com.google.javascript.jscomp.TypeValidator,748,0.115
com.google.javascript.rhino.JSDocInfoBuilder,260,0.113
com.google.javascript.rhino.JSDocInfoBuilder,261,0.113
com.google.javascript.rhino.JSDocInfoBuilder,262,0.113
com.google.javascript.rhino.JSDocInfoBuilder,263,0.113
com.google.javascript.rhino.head.AttachJsDocs,282,0.108
com.google.javascript.jscomp.TypedScopeCreator,1299,0.108
com.google.javascript.jscomp.TypedScopeCreator,1300,0.108
com.google.javascript.jscomp.TypedScopeCreator,1307,0.108
com.google.javascript.jscomp.TypedScopeCreator,1308,0.108
com.google.javascript.rhino.head.AttachJsDocs,278,0.105
com.google.javascript.rhino.head.AttachJsDocs,279,0.105
com.google.javascript.rhino.jstype.UnionType,191,0.102
com.google.javascript.rhino.JSDocInfo,1008,0.084
com.google.javascript.jscomp.parsing.JsDocInfoParser,1032,0.083
com.google.javascript.jscomp.parsing.JsDocInfoParser,1028,0.081
com.google.javascript.jscomp.parsing.JsDocInfoParser,1034,0.081
com.google.javascript.rhino.head.AttachJsDocs,272,0.074
com.google.javascript.rhino.head.AttachJsDocs,273,0.074
com.google.javascript.rhino.jstype.UnionType,291,0.074
com.google.javascript.rhino.jstype.UnionType,290,0.073
com.google.javascript.jscomp.TypeCheck,454,0.073
com.google.javascript.rhino.jstype.UnionType,286,0.073
com.google.javascript.rhino.jstype.UnionType,287,0.073
com.google.javascript.rhino.head.AttachJsDocs,118,0.072
com.google.javascript.jscomp.TypedScopeCreator,1813,0.072
com.google.javascript.jscomp.TypedScopeCreator,1818,0.072
com.google.javascript.jscomp.TypeCheck,453,0.07
com.google.javascript.jscomp.TypeCheck,456,0.07
com.google.javascript.rhino.jstype.UnionType,181,0.07
com.google.javascript.rhino.jstype.UnionType,183,0.07
com.google.javascript.rhino.jstype.UnionType,185,0.07
com.google.javascript.rhino.jstype.UnionType,189,0.07
com.google.javascript.rhino.jstype.UnionType,190,0.07
com.google.javascript.rhino.jstype.UnionType,201,0.07
com.google.javascript.rhino.jstype.JSType,315,0.069
com.google.javascript.jscomp.Compiler,2134,0.067
com.google.javascript.jscomp.ComposeWarningsGuard,117,0.067
com.google.javascript.jscomp.ComposeWarningsGuard,114,0.067
com.google.javascript.jscomp.TypeInference,1327,0.065
com.google.javascript.rhino.jstype.NullType,59,0.065
com.google.javascript.jscomp.TypeInference,923,0.064
com.google.javascript.jscomp.TypeInference,928,0.064
com.google.javascript.jscomp.TypeInference,929,0.064
com.google.javascript.jscomp.TypeInference,935,0.064
com.google.javascript.jscomp.TypedScopeCreator,1798,0.062
com.google.javascript.jscomp.TypedScopeCreator,1799,0.062
com.google.javascript.jscomp.TypeCheck,1568,0.06
com.google.javascript.rhino.head.AttachJsDocs,283,0.06
com.google.javascript.rhino.head.AttachJsDocs,284,0.06
com.google.javascript.rhino.head.AttachJsDocs,285,0.06
com.google.javascript.rhino.head.AttachJsDocs,269,0.059
com.google.javascript.rhino.head.AttachJsDocs,270,0.059
com.google.javascript.rhino.head.AttachJsDocs,271,0.059
com.google.javascript.rhino.head.AttachJsDocs,277,0.059
com.google.javascript.jscomp.TypeCheck,539,0.059
com.google.javascript.jscomp.TypeCheck,540,0.059
com.google.javascript.jscomp.TypedScopeCreator,1745,0.058
com.google.javascript.rhino.Node,1621,0.058
com.google.javascript.rhino.jstype.JSType,249,0.057
com.google.javascript.jscomp.TypeInference,362,0.056
com.google.javascript.jscomp.TypeInference,363,0.056
com.google.javascript.jscomp.LinkedFlowScope,126,0.056
com.google.javascript.jscomp.LinkedFlowScope,41,0.056
com.google.javascript.rhino.jstype.JSType,245,0.056
com.google.javascript.rhino.Node,1601,0.056
com.google.javascript.rhino.jstype.JSTypeRegistry,710,0.056
com.google.javascript.rhino.jstype.JSTypeRegistry,704,0.055
com.google.javascript.jscomp.TypeCheck,1464,0.055
com.google.javascript.jscomp.NodeTraversal,686,0.055
com.google.javascript.jscomp.NodeTraversal,688,0.055
com.google.javascript.jscomp.NodeTraversal,689,0.055
com.google.javascript.jscomp.LinkedFlowScope,116,0.055
com.google.javascript.jscomp.LinkedFlowScope,120,0.055
com.google.javascript.rhino.Node,1586,0.055
com.google.javascript.rhino.jstype.UnionType,464,0.054
com.google.javascript.jscomp.TypeValidator,731,0.053
com.google.javascript.jscomp.TypeValidator,784,0.053
com.google.javascript.jscomp.TypeValidator,785,0.053
com.google.javascript.jscomp.TypeValidator,792,0.053
com.google.javascript.jscomp.TypeCheck,1449,0.053
com.google.javascript.jscomp.TypeCheck,1541,0.053
com.google.javascript.jscomp.TypeCheck,1542,0.053
com.google.javascript.jscomp.TypeCheck,1461,0.053
com.google.javascript.jscomp.TypeCheck,1477,0.053
com.google.javascript.jscomp.TypeCheck,1446,0.052
com.google.javascript.rhino.jstype.UnionType,216,0.052
com.google.javascript.rhino.jstype.UnionType,217,0.052
com.google.javascript.rhino.jstype.UnionType,218,0.052
com.google.javascript.rhino.jstype.UnionType,219,0.052
com.google.javascript.rhino.jstype.UnionType,220,0.052
com.google.javascript.rhino.jstype.UnionType,462,0.047
com.google.javascript.rhino.jstype.UnionType,463,0.047
com.google.javascript.rhino.jstype.UnionType,459,0.047
com.google.javascript.jscomp.NodeUtil,2404,0.047
com.google.javascript.rhino.jstype.JSType,472,0.047
com.google.javascript.jscomp.FunctionTypeBuilder,516,0.047
com.google.javascript.jscomp.TypeCheck,1443,0.046
com.google.javascript.jscomp.TypeCheck,1437,0.046
com.google.javascript.jscomp.TypeCheck,1438,0.046
com.google.javascript.jscomp.TypeCheck,1439,0.046
com.google.javascript.jscomp.FunctionTypeBuilder,510,0.046
com.google.javascript.jscomp.FunctionTypeBuilder,507,0.046
com.google.javascript.jscomp.Scope,465,0.045
com.google.javascript.jscomp.Scope,462,0.045
com.google.javascript.jscomp.Scope,463,0.045
com.google.javascript.jscomp.Scope,464,0.045
com.google.javascript.rhino.jstype.UnionType,455,0.043
com.google.javascript.jscomp.NodeUtil,2399,0.043
com.google.javascript.jscomp.NodeUtil,2401,0.043
com.google.javascript.jscomp.NodeUtil,2402,0.043
com.google.javascript.jscomp.TypeInference,1386,0.042
com.google.javascript.jscomp.SuppressDocWarningsGuard,85,0.042
com.google.javascript.jscomp.TypeCheck,895,0.041
com.google.javascript.jscomp.TypeCheck,898,0.041
com.google.javascript.jscomp.Scope,326,0.041
com.google.javascript.rhino.JSDocInfo,1424,0.04
com.google.javascript.rhino.JSDocInfo,1425,0.04
com.google.javascript.rhino.head.TokenStream,157,0.038
com.google.javascript.jscomp.NodeTraversal,724,0.038
com.google.javascript.jscomp.parsing.IRFactory,1391,0.037
com.google.javascript.jscomp.TypeCheck,1613,0.037
com.google.javascript.jscomp.SuppressDocWarningsGuard,63,0.037
com.google.javascript.jscomp.SuppressDocWarningsGuard,64,0.037
com.google.javascript.rhino.head.TokenStream,182,0.036
com.google.javascript.jscomp.TypeInference,1379,0.036
com.google.javascript.jscomp.TypeInference,1380,0.036
com.google.javascript.rhino.Node,1585,0.036
com.google.javascript.rhino.head.TokenStream,156,0.035
com.google.javascript.jscomp.SuppressDocWarningsGuard,74,0.035
com.google.javascript.jscomp.SuppressDocWarningsGuard,78,0.035
com.google.javascript.jscomp.SuppressDocWarningsGuard,72,0.034
com.google.javascript.jscomp.SuppressDocWarningsGuard,73,0.034
com.google.javascript.jscomp.TypeInference,546,0.033
com.google.javascript.jscomp.TypeInference,547,0.033
com.google.javascript.jscomp.TypeInference,549,0.033
com.google.javascript.rhino.Node,1619,0.032
com.google.javascript.jscomp.TypeInference,540,0.031
com.google.javascript.rhino.Node,1615,0.031
com.google.javascript.jscomp.TypedScopeCreator,1724,0.03
com.google.javascript.jscomp.TypedScopeCreator,827,0.03
com.google.javascript.jscomp.TypedScopeCreator,1797,0.03
com.google.javascript.jscomp.TypedScopeCreator,1809,0.03
com.google.javascript.jscomp.TypedScopeCreator,245,0.03
com.google.javascript.rhino.head.TokenStream,180,0.029
com.google.javascript.rhino.head.TokenStream,181,0.029
com.google.javascript.jscomp.InferJSDocInfo,136,0.029
com.google.javascript.jscomp.TypeInference,1590,0.029
com.google.javascript.jscomp.TypeInference,1591,0.029
com.google.javascript.jscomp.TypeInference,1582,0.029
com.google.javascript.jscomp.TypeInference,1583,0.029
com.google.javascript.jscomp.TypeInference,1584,0.029
com.google.javascript.jscomp.TypeInference,1587,0.029
com.google.javascript.jscomp.ControlFlowAnalysis,835,0.028
com.google.javascript.jscomp.ControlFlowAnalysis,832,0.028
com.google.javascript.jscomp.ControlFlowAnalysis,833,0.028
com.google.javascript.jscomp.ControlFlowAnalysis,834,0.028
com.google.javascript.jscomp.Scope,206,0.028
com.google.javascript.rhino.head.TokenStream,154,0.027
com.google.javascript.rhino.head.TokenStream,155,0.027
com.google.javascript.jscomp.BasicErrorManager,48,0.027
com.google.javascript.jscomp.BasicErrorManager,49,0.027
com.google.javascript.jscomp.TypeInference,1594,0.027
com.google.javascript.jscomp.TypeInference,1617,0.027
com.google.javascript.jscomp.NodeUtil,3145,0.026
com.google.javascript.rhino.head.Parser,1033,0.026
com.google.javascript.rhino.head.Parser,1031,0.026
com.google.javascript.rhino.head.Parser,1032,0.026
com.google.javascript.jscomp.TypeCheck,1608,0.026
com.google.javascript.jscomp.TypeCheck,1602,0.026
com.google.javascript.jscomp.TypeCheck,1603,0.026
com.google.javascript.jscomp.TypeCheck,1604,0.026
com.google.javascript.jscomp.TypeCheck,1606,0.026
com.google.javascript.jscomp.TypeCheck,1607,0.026
com.google.javascript.jscomp.TypeCheck,1611,0.026
com.google.javascript.jscomp.TypeCheck,1612,0.026
com.google.javascript.rhino.head.Parser,2781,0.026
com.google.javascript.rhino.head.Parser,2782,0.026
com.google.javascript.jscomp.parsing.IRFactory,875,0.026
com.google.javascript.jscomp.parsing.IRFactory,529,0.026
com.google.javascript.jscomp.parsing.TypeSafeDispatcher,219,0.026
com.google.javascript.rhino.head.ast.KeywordLiteral,49,0.026
com.google.javascript.rhino.head.ast.KeywordLiteral,56,0.026
com.google.javascript.rhino.head.ast.KeywordLiteral,57,0.026
com.google.javascript.jscomp.TypedScopeCreator,1377,0.026
com.google.javascript.jscomp.TypedScopeCreator,1348,0.026
com.google.javascript.jscomp.JSError,115,0.026
com.google.javascript.rhino.head.AttachJsDocs,169,0.025
com.google.javascript.jscomp.TypedScopeCreator,1333,0.025
com.google.javascript.jscomp.LinkedFlowScope,105,0.025
com.google.javascript.jscomp.LinkedFlowScope,106,0.025
com.google.javascript.jscomp.LinkedFlowScope,107,0.025
com.google.javascript.jscomp.LinkedFlowScope,108,0.025
com.google.javascript.jscomp.LinkedFlowScope,109,0.025
com.google.javascript.jscomp.BasicErrorManager,107,0.025
com.google.javascript.jscomp.SuppressDocWarningsGuard,66,0.025
com.google.javascript.jscomp.BasicErrorManager,106,0.025
com.google.javascript.jscomp.BasicErrorManager,109,0.025
com.google.javascript.jscomp.SuppressDocWarningsGuard,55,0.025
com.google.javascript.jscomp.SuppressDocWarningsGuard,56,0.025
com.google.javascript.jscomp.SuppressDocWarningsGuard,57,0.025
com.google.javascript.jscomp.SuppressDocWarningsGuard,59,0.025
com.google.javascript.jscomp.SuppressDocWarningsGuard,60,0.025
com.google.javascript.jscomp.SuppressDocWarningsGuard,62,0.025
com.google.javascript.jscomp.SuppressDocWarningsGuard,65,0.025
com.google.javascript.jscomp.SuppressDocWarningsGuard,67,0.025
com.google.javascript.jscomp.SuppressDocWarningsGuard,84,0.025
com.google.javascript.jscomp.BasicErrorManager,151,0.025
com.google.javascript.jscomp.BasicErrorManager,147,0.025
com.google.javascript.jscomp.BasicErrorManager,148,0.025
com.google.javascript.jscomp.Compiler,2139,0.025
com.google.javascript.jscomp.Compiler,2142,0.025
com.google.javascript.jscomp.BasicErrorManager,45,0.025
com.google.javascript.jscomp.BasicErrorManager,46,0.025
com.google.javascript.jscomp.BasicErrorManager,52,0.025
com.google.javascript.jscomp.BasicErrorManager,122,0.025
com.google.javascript.jscomp.BasicErrorManager,171,0.025
com.google.javascript.jscomp.BasicErrorManager,173,0.025
com.google.javascript.jscomp.BasicErrorManager,177,0.025
com.google.javascript.jscomp.BasicErrorManager,161,0.025
com.google.javascript.jscomp.BasicErrorManager,163,0.025
com.google.javascript.jscomp.BasicErrorManager,167,0.025
com.google.javascript.jscomp.BasicErrorManager,168,0.025
com.google.javascript.jscomp.BasicErrorManager,169,0.025
com.google.javascript.jscomp.BasicErrorManager,157,0.025
com.google.javascript.jscomp.BasicErrorManager,158,0.025
com.google.javascript.jscomp.BasicErrorManager,159,0.025
com.google.javascript.jscomp.JSError,214,0.025
com.google.javascript.jscomp.BasicErrorManager,144,0.025
com.google.javascript.jscomp.BasicErrorManager,145,0.025
com.google.javascript.jscomp.BasicErrorManager,146,0.025
com.google.javascript.jscomp.BasicErrorManager,139,0.025
com.google.javascript.jscomp.BasicErrorManager,130,0.025
com.google.javascript.jscomp.TypeInference,683,0.024
com.google.javascript.jscomp.TypeInference,684,0.024
com.google.javascript.jscomp.TypeInference,686,0.024
com.google.javascript.jscomp.Compiler,2130,0.024
com.google.javascript.jscomp.Compiler,2131,0.024
com.google.javascript.jscomp.Compiler,2132,0.024
com.google.javascript.jscomp.Compiler,2133,0.024
com.google.javascript.jscomp.Compiler,2138,0.024
com.google.javascript.jscomp.Compiler,2144,0.024
com.google.javascript.jscomp.JSError,242,0.024
com.google.javascript.jscomp.Scope,136,0.024
com.google.javascript.jscomp.TypeInference,525,0.024
com.google.javascript.jscomp.TypeInference,526,0.024
com.google.javascript.jscomp.TypeInference,538,0.024
com.google.javascript.jscomp.TypeInference,539,0.024
com.google.javascript.jscomp.TypeInference,542,0.024
com.google.javascript.jscomp.TypeInference,545,0.024
com.google.javascript.jscomp.FunctionTypeBuilder,667,0.023
com.google.javascript.jscomp.FunctionTypeBuilder,668,0.023
com.google.javascript.jscomp.DiagnosticGroup,103,0.023
com.google.javascript.jscomp.DiagnosticGroupWarningsGuard,37,0.023
com.google.javascript.jscomp.JSError,179,0.023
com.google.javascript.jscomp.FunctionTypeBuilder,273,0.022
com.google.javascript.jscomp.FunctionTypeBuilder,274,0.022
com.google.javascript.jscomp.FunctionTypeBuilder,275,0.022
com.google.javascript.jscomp.FunctionTypeBuilder,277,0.022
com.google.javascript.jscomp.FunctionTypeBuilder,283,0.022
com.google.javascript.jscomp.FunctionTypeBuilder,287,0.022
com.google.javascript.rhino.jstype.ModificationVisitor,122,0.022
com.google.javascript.jscomp.TypedScopeCreator,1024,0.022
com.google.javascript.jscomp.FunctionTypeBuilder,525,0.022
com.google.javascript.jscomp.SuppressDocWarningsGuard,100,0.022
com.google.javascript.jscomp.ComposeWarningsGuard,119,0.022
com.google.javascript.rhino.jstype.FunctionParamBuilder,115,0.022
com.google.javascript.rhino.jstype.FunctionParamBuilder,116,0.022
com.google.javascript.rhino.jstype.FunctionParamBuilder,117,0.022
com.google.javascript.rhino.jstype.FunctionParamBuilder,118,0.022
com.google.javascript.rhino.jstype.ModificationVisitor,137,0.022
com.google.javascript.rhino.jstype.ArrowType,138,0.022
com.google.javascript.rhino.jstype.ArrowType,143,0.022
com.google.javascript.jscomp.SuppressDocWarningsGuard,53,0.022
com.google.javascript.jscomp.SuppressDocWarningsGuard,54,0.022
com.google.javascript.jscomp.ComposeWarningsGuard,111,0.022
com.google.javascript.jscomp.ComposeWarningsGuard,112,0.022
com.google.javascript.jscomp.ComposeWarningsGuard,113,0.022
com.google.javascript.rhino.jstype.ArrowType,150,0.022
com.google.javascript.jscomp.DiagnosticGroup,121,0.022
com.google.javascript.jscomp.DiagnosticGroup,122,0.022
com.google.javascript.jscomp.ComposeWarningsGuard,153,0.022
com.google.javascript.rhino.jstype.ArrowType,158,0.022
com.google.javascript.rhino.jstype.ArrowType,159,0.022
com.google.javascript.rhino.jstype.ModificationVisitor,114,0.022
com.google.javascript.rhino.jstype.ModificationVisitor,115,0.022
com.google.javascript.rhino.jstype.ModificationVisitor,116,0.022
com.google.javascript.rhino.jstype.ModificationVisitor,119,0.022
com.google.javascript.rhino.jstype.ModificationVisitor,121,0.022
com.google.javascript.rhino.jstype.ModificationVisitor,126,0.022
com.google.javascript.jscomp.FunctionTypeBuilder,266,0.022
com.google.javascript.jscomp.FunctionTypeBuilder,268,0.022
com.google.javascript.jscomp.FunctionTypeBuilder,269,0.022
com.google.javascript.jscomp.FunctionTypeBuilder,270,0.022
com.google.javascript.jscomp.FunctionTypeBuilder,271,0.022
com.google.javascript.jscomp.FunctionTypeBuilder,272,0.022
com.google.javascript.jscomp.FunctionTypeBuilder,300,0.022
com.google.javascript.jscomp.FunctionTypeBuilder,304,0.022
com.google.javascript.jscomp.TypedScopeCreator,1009,0.022
com.google.javascript.jscomp.FunctionTypeBuilder,255,0.022
com.google.javascript.jscomp.FunctionTypeBuilder,256,0.022
com.google.javascript.jscomp.FunctionTypeBuilder,257,0.022
com.google.javascript.jscomp.FunctionTypeBuilder,306,0.022
com.google.javascript.jscomp.FunctionTypeBuilder,486,0.022
com.google.javascript.rhino.jstype.FunctionType,328,0.022
com.google.javascript.rhino.jstype.ModificationVisitor,98,0.022
com.google.javascript.rhino.jstype.ModificationVisitor,100,0.022
com.google.javascript.rhino.jstype.ModificationVisitor,101,0.022
com.google.javascript.rhino.jstype.ModificationVisitor,102,0.022
com.google.javascript.rhino.jstype.ModificationVisitor,106,0.022
com.google.javascript.rhino.jstype.ModificationVisitor,107,0.022
com.google.javascript.rhino.jstype.ModificationVisitor,108,0.022
com.google.javascript.rhino.jstype.ModificationVisitor,112,0.022
com.google.javascript.rhino.jstype.ModificationVisitor,113,0.022
com.google.javascript.rhino.jstype.ModificationVisitor,128,0.022
com.google.javascript.rhino.jstype.ModificationVisitor,141,0.022
com.google.javascript.rhino.jstype.ModificationVisitor,176,0.022
com.google.javascript.rhino.jstype.ModificationVisitor,54,0.022
com.google.javascript.jscomp.parsing.JsDocInfoParser,796,0.022
com.google.javascript.rhino.jstype.ModificationVisitor,94,0.022
com.google.javascript.rhino.jstype.ModificationVisitor,186,0.022
com.google.javascript.rhino.jstype.ModificationVisitor,54,0.022
com.google.javascript.rhino.jstype.UnknownType,108,0.022
com.google.javascript.rhino.jstype.ArrowType,126,0.022
com.google.javascript.rhino.jstype.ArrowType,127,0.022
com.google.javascript.rhino.jstype.ArrowType,128,0.022
com.google.javascript.rhino.jstype.ArrowType,129,0.022
com.google.javascript.rhino.jstype.ArrowType,132,0.022
com.google.javascript.rhino.jstype.ArrowType,149,0.022
com.google.javascript.rhino.jstype.ArrowType,152,0.022
com.google.javascript.rhino.jstype.ArrowType,157,0.022
com.google.javascript.rhino.jstype.ArrowType,161,0.022
com.google.javascript.rhino.jstype.ModificationVisitor,89,0.022
com.google.javascript.rhino.jstype.ModificationVisitor,232,0.022
com.google.javascript.rhino.jstype.ModificationVisitor,54,0.022
com.google.javascript.rhino.jstype.ArrowType,117,0.022
com.google.javascript.rhino.jstype.ArrowType,118,0.022
com.google.javascript.rhino.jstype.ArrowType,119,0.022
com.google.javascript.rhino.jstype.ArrowType,120,0.022
com.google.javascript.rhino.jstype.TemplateTypeMap,97,0.022
com.google.javascript.rhino.InputId,66,0.022
com.google.javascript.rhino.InputId,67,0.022
com.google.javascript.rhino.InputId,68,0.022
com.google.javascript.rhino.InputId,69,0.022
com.google.javascript.rhino.jstype.FunctionType,1066,0.022
com.google.javascript.rhino.jstype.NumberType,112,0.022
com.google.javascript.jscomp.CompilerTypeTestCase,98,0.022
com.google.javascript.jscomp.CompilerTypeTestCase,99,0.022
com.google.javascript.jscomp.CompilerTypeTestCase,100,0.022
com.google.javascript.jscomp.CompilerTypeTestCase,102,0.022
com.google.javascript.jscomp.CompilerTypeTestCase,104,0.022
com.google.javascript.jscomp.CompilerTypeTestCase,106,0.022
com.google.javascript.jscomp.CompilerTypeTestCase,107,0.022
com.google.javascript.jscomp.CompilerTypeTestCase,111,0.022
com.google.javascript.jscomp.CompilerTypeTestCase,116,0.022
com.google.javascript.jscomp.CompilerTypeTestCase,117,0.022
com.google.javascript.jscomp.CompilerTypeTestCase,118,0.022
com.google.javascript.jscomp.CompilerTypeTestCase,119,0.022
com.google.javascript.jscomp.CompilerTypeTestCase,120,0.022
com.google.javascript.rhino.jstype.ArrowType,164,0.022
com.google.javascript.rhino.jstype.ArrowType,170,0.022
com.google.javascript.rhino.jstype.ArrowType,114,0.022
com.google.javascript.rhino.jstype.ArrowType,115,0.022
com.google.javascript.rhino.jstype.ArrowType,116,0.022
com.google.javascript.rhino.jstype.ModificationVisitor,228,0.022
com.google.javascript.rhino.jstype.ArrowType,81,0.022
com.google.javascript.rhino.jstype.ArrowType,85,0.022
com.google.javascript.rhino.jstype.ArrowType,91,0.022
com.google.javascript.rhino.jstype.FunctionType,1029,0.022
com.google.javascript.rhino.jstype.FunctionType,1030,0.022
com.google.javascript.rhino.jstype.FunctionType,1034,0.022
com.google.javascript.rhino.jstype.FunctionType,1045,0.022
com.google.javascript.rhino.jstype.FunctionType,1058,0.022
com.google.javascript.jscomp.TypedScopeCreator,730,0.022
com.google.javascript.jscomp.TypedScopeCreator,736,0.022
com.google.javascript.jscomp.parsing.JsDocInfoParser,783,0.022
com.google.javascript.jscomp.parsing.JsDocInfoParser,798,0.022
com.google.javascript.jscomp.FunctionTypeBuilder,566,0.022
com.google.javascript.rhino.jstype.NumberType,117,0.022
com.google.javascript.jscomp.GoogleCodingConvention,73,0.022
com.google.javascript.rhino.jstype.FunctionType,917,0.022
com.google.javascript.rhino.jstype.FunctionType,921,0.022
com.google.javascript.jscomp.FunctionTypeBuilder,446,0.022
com.google.javascript.jscomp.FunctionTypeBuilder,450,0.022
com.google.javascript.jscomp.FunctionTypeBuilder,594,0.022
com.google.javascript.jscomp.FunctionTypeBuilder,595,0.022
com.google.javascript.jscomp.FunctionTypeBuilder,596,0.022
com.google.javascript.jscomp.FunctionTypeBuilder,597,0.022
com.google.javascript.rhino.jstype.FunctionType,911,0.022
com.google.javascript.rhino.JSDocInfo,1169,0.022
com.google.javascript.rhino.jstype.JSTypeRegistry,1624,0.022
com.google.javascript.jscomp.TypedScopeCreator,1273,0.022
com.google.javascript.jscomp.FunctionTypeBuilder,551,0.022
com.google.javascript.jscomp.FunctionTypeBuilder,750,0.022
com.google.javascript.jscomp.FunctionTypeBuilder,755,0.022
com.google.javascript.jscomp.FunctionTypeBuilder,756,0.022
com.google.javascript.jscomp.FunctionTypeBuilder,759,0.022
com.google.javascript.jscomp.FunctionTypeBuilder,764,0.022
com.google.javascript.rhino.jstype.Property,89,0.022
com.google.javascript.rhino.jstype.FunctionType,931,0.022
com.google.javascript.rhino.jstype.FunctionType,1118,0.022
com.google.javascript.rhino.jstype.FunctionType,1124,0.022
com.google.javascript.rhino.jstype.FunctionType,1125,0.022
com.google.javascript.rhino.jstype.FunctionType,1129,0.022
com.google.javascript.rhino.jstype.FunctionType,1130,0.022
com.google.javascript.rhino.jstype.ArrowType,205,0.022
com.google.javascript.rhino.jstype.ArrowType,206,0.022
com.google.javascript.rhino.jstype.ArrowType,207,0.022
com.google.javascript.rhino.jstype.TemplateType,48,0.022
com.google.javascript.jscomp.FunctionTypeBuilder,748,0.022
com.google.javascript.jscomp.FunctionTypeBuilder,749,0.022
com.google.javascript.rhino.jstype.ArrowType,201,0.022
com.google.javascript.rhino.jstype.TemplateType,48,0.022
com.google.javascript.rhino.jstype.ArrowType,197,0.022
com.google.javascript.rhino.jstype.TemplateTypeMap,324,0.022
com.google.javascript.rhino.jstype.TemplateTypeMapReplacer,85,0.022
com.google.javascript.rhino.jstype.TemplateType,48,0.022
com.google.javascript.rhino.jstype.JSTypeRegistry,1601,0.022
com.google.javascript.rhino.jstype.JSTypeRegistry,1779,0.022
com.google.javascript.rhino.jstype.JSTypeRegistry,1782,0.022
com.google.javascript.rhino.jstype.JSTypeRegistry,1783,0.022
com.google.javascript.rhino.jstype.JSTypeRegistry,1787,0.022
com.google.javascript.rhino.jstype.JSTypeRegistry,1788,0.022
com.google.javascript.rhino.jstype.JSTypeRegistry,1790,0.022
com.google.javascript.rhino.jstype.JSTypeRegistry,1791,0.022
com.google.javascript.rhino.jstype.JSTypeRegistry,1792,0.022
com.google.javascript.rhino.jstype.JSTypeRegistry,1795,0.022
com.google.javascript.rhino.jstype.JSTypeRegistry,1800,0.022
com.google.javascript.rhino.jstype.JSTypeRegistry,1805,0.022
com.google.javascript.rhino.jstype.JSTypeRegistry,1807,0.022
com.google.javascript.rhino.jstype.JSTypeRegistry,1809,0.022
com.google.javascript.rhino.jstype.JSTypeRegistry,1817,0.022
com.google.javascript.rhino.jstype.JSTypeRegistry,1826,0.022
com.google.javascript.rhino.jstype.TemplateType,48,0.022
com.google.javascript.rhino.jstype.TemplateType,75,0.022
com.google.javascript.rhino.jstype.TemplateTypeMapReplacer,69,0.022
com.google.javascript.rhino.jstype.TemplateTypeMapReplacer,56,0.022
com.google.javascript.rhino.jstype.TemplateType,48,0.022
com.google.javascript.rhino.jstype.ArrowType,181,0.022
com.google.javascript.rhino.jstype.ArrowType,182,0.022
com.google.javascript.rhino.jstype.ArrowType,183,0.022
com.google.javascript.rhino.jstype.ArrowType,185,0.022
com.google.javascript.rhino.jstype.RecordType,226,0.022
com.google.javascript.rhino.jstype.TemplateType,48,0.022
com.google.javascript.rhino.jstype.TemplateTypeMap,117,0.022
com.google.javascript.rhino.jstype.RecordType,273,0.022
com.google.javascript.rhino.jstype.RecordType,261,0.022
com.google.javascript.rhino.jstype.RecordType,271,0.022
com.google.javascript.rhino.head.TokenStream,168,0.022
com.google.javascript.rhino.jstype.ArrowType,210,0.022
com.google.javascript.jscomp.TypeCheck,1706,0.022
com.google.javascript.jscomp.TypeCheck,1707,0.022
com.google.javascript.jscomp.TypeCheck,1710,0.022
com.google.javascript.rhino.jstype.JSType,551,0.022
com.google.javascript.rhino.jstype.TemplateType,80,0.022
com.google.javascript.rhino.jstype.TemplateTypeMap,114,0.022
com.google.javascript.rhino.jstype.TemplateTypeMap,118,0.022
com.google.javascript.rhino.jstype.RecordType,256,0.022
com.google.javascript.rhino.jstype.RecordType,257,0.022
com.google.javascript.rhino.jstype.RecordType,258,0.022
com.google.javascript.rhino.jstype.JSTypeRegistry,898,0.022
com.google.javascript.jscomp.TypeValidator,553,0.022
com.google.javascript.jscomp.TypeValidator,554,0.022
com.google.javascript.jscomp.TypeValidator,555,0.022
com.google.javascript.jscomp.TypeValidator,557,0.022
com.google.javascript.jscomp.TypeValidator,558,0.022
com.google.javascript.jscomp.TypeValidator,563,0.022
com.google.javascript.jscomp.TypeValidator,564,0.022
com.google.javascript.jscomp.TypeValidator,566,0.022
com.google.javascript.jscomp.parsing.JsDocInfoParser,2292,0.022
com.google.javascript.jscomp.parsing.JsDocInfoParser,2296,0.022
com.google.javascript.jscomp.parsing.JsDocInfoParser,2297,0.022
com.google.javascript.jscomp.parsing.JsDocInfoParser,2299,0.022
com.google.javascript.jscomp.parsing.JsDocInfoParser,2303,0.022
com.google.javascript.jscomp.parsing.JsDocInfoParser,2304,0.022
com.google.javascript.jscomp.parsing.JsDocInfoParser,2305,0.022
com.google.javascript.jscomp.parsing.JsDocInfoParser,2306,0.022
com.google.javascript.rhino.jstype.ArrowType,219,0.022
com.google.javascript.rhino.JSDocInfo,1541,0.022
com.google.javascript.jscomp.FunctionTypeBuilder,342,0.022
com.google.javascript.jscomp.FunctionTypeBuilder,580,0.022
com.google.javascript.jscomp.FunctionTypeBuilder,581,0.022
com.google.javascript.jscomp.FunctionTypeBuilder,582,0.022
com.google.javascript.jscomp.FunctionTypeBuilder,583,0.022
com.google.javascript.jscomp.FunctionTypeBuilder,584,0.022
com.google.javascript.jscomp.FunctionTypeBuilder,585,0.022
com.google.javascript.rhino.jstype.TemplateType,70,0.022
com.google.javascript.rhino.jstype.JSTypeRegistry,1013,0.022
com.google.javascript.rhino.jstype.FunctionType,189,0.022
com.google.javascript.rhino.jstype.TemplateType,48,0.022
com.google.javascript.jscomp.TypedScopeCreator,723,0.022
com.google.javascript.rhino.jstype.TemplateTypeMap,113,0.022
com.google.javascript.rhino.jstype.RecordType,225,0.022
com.google.javascript.rhino.jstype.Property,94,0.022
com.google.javascript.rhino.jstype.JSTypeRegistry,1479,0.022
com.google.javascript.jscomp.parsing.JsDocInfoParser,2234,0.022
com.google.javascript.jscomp.parsing.JsDocInfoParser,2235,0.022
com.google.javascript.jscomp.parsing.JsDocInfoParser,2239,0.022
com.google.javascript.jscomp.parsing.JsDocInfoParser,2241,0.022
com.google.javascript.jscomp.parsing.JsDocInfoParser,2242,0.022
com.google.javascript.jscomp.parsing.JsDocInfoParser,2258,0.022
com.google.javascript.jscomp.parsing.JsDocInfoParser,2260,0.022
com.google.javascript.jscomp.parsing.JsDocInfoParser,2261,0.022
com.google.javascript.jscomp.parsing.JsDocInfoParser,2262,0.022
com.google.javascript.jscomp.parsing.JsDocInfoParser,2273,0.022
com.google.javascript.jscomp.parsing.JsDocInfoParser,2286,0.022
com.google.javascript.jscomp.parsing.JsDocInfoParser,2287,0.022
com.google.javascript.jscomp.parsing.JsDocInfoParser,2316,0.022
com.google.javascript.jscomp.parsing.JsDocInfoParser,2317,0.022
com.google.javascript.rhino.JSDocInfo,965,0.022
com.google.javascript.rhino.JSDocInfo,967,0.022
com.google.javascript.rhino.JSDocInfo,971,0.022
com.google.javascript.rhino.JSDocInfo,972,0.022
com.google.javascript.rhino.JSDocInfoBuilder,308,0.022
com.google.javascript.rhino.JSDocInfoBuilder,309,0.022
com.google.javascript.rhino.JSDocInfoBuilder,310,0.022
com.google.javascript.jscomp.parsing.JsDocInfoParser,821,0.022
com.google.javascript.jscomp.parsing.JsDocInfoParser,1881,0.022
com.google.javascript.jscomp.parsing.JsDocInfoParser,1882,0.022
com.google.javascript.jscomp.parsing.JsDocInfoParser,2227,0.022
com.google.javascript.jscomp.parsing.JsDocInfoParser,2228,0.022
com.google.javascript.jscomp.parsing.JsDocInfoParser,2230,0.022
com.google.javascript.jscomp.parsing.JsDocInfoParser,2249,0.022
com.google.javascript.jscomp.parsing.JsDocInfoParser,2252,0.022
com.google.javascript.jscomp.parsing.JsDocInfoParser,2254,0.022
com.google.javascript.jscomp.parsing.JsDocInfoParser,2280,0.022
com.google.javascript.jscomp.parsing.JsDocInfoParser,2282,0.022
com.google.javascript.jscomp.parsing.JsDocInfoParser,2314,0.022
com.google.javascript.rhino.jstype.RecordType,217,0.022
com.google.javascript.rhino.jstype.ArrowType,178,0.022
com.google.javascript.rhino.jstype.ArrowType,179,0.022
com.google.javascript.rhino.jstype.ArrowType,180,0.022
com.google.javascript.jscomp.parsing.JsDocInfoParser,812,0.022
com.google.javascript.jscomp.parsing.JsDocInfoParser,813,0.022
com.google.javascript.jscomp.parsing.JsDocInfoParser,818,0.022
com.google.javascript.jscomp.parsing.JsDocInfoParser,826,0.022
com.google.javascript.jscomp.parsing.JsDocInfoParser,827,0.022
com.google.javascript.rhino.jstype.PrototypeObjectType,331,0.022
com.google.javascript.rhino.jstype.RecordType,251,0.022
com.google.javascript.rhino.jstype.RecordType,252,0.022
com.google.javascript.rhino.jstype.RecordType,212,0.022
com.google.javascript.jscomp.TypeValidator,552,0.022
com.google.javascript.rhino.jstype.RecordType,207,0.022
com.google.javascript.rhino.jstype.TemplatizedType,51,0.022
com.google.javascript.rhino.jstype.UnionTypeBuilder,251,0.022
com.google.javascript.rhino.jstype.JSTypeRegistry,1661,0.022
com.google.javascript.rhino.jstype.JSTypeRegistry,1665,0.022
com.google.javascript.rhino.jstype.JSTypeRegistry,1670,0.022
com.google.javascript.rhino.jstype.JSTypeRegistry,1671,0.022
com.google.javascript.rhino.jstype.JSTypeRegistry,1682,0.022
com.google.javascript.rhino.jstype.JSTypeRegistry,1685,0.022
com.google.javascript.rhino.jstype.JSTypeRegistry,1687,0.022
com.google.javascript.rhino.jstype.JSTypeRegistry,1688,0.022
com.google.javascript.rhino.jstype.JSTypeRegistry,1690,0.022
com.google.javascript.jscomp.parsing.JsDocInfoParser,256,0.021
com.google.javascript.rhino.jstype.UnionTypeBuilder,260,0.021
com.google.javascript.rhino.jstype.UnionTypeBuilder,256,0.021
com.google.javascript.rhino.jstype.UnionTypeBuilder,258,0.021
com.google.javascript.rhino.head.TokenStream,203,0.021
com.google.javascript.rhino.jstype.FunctionType,1111,0.021
com.google.javascript.jscomp.FunctionTypeBuilder,630,0.021
com.google.javascript.rhino.jstype.JSTypeRegistry,1619,0.021
com.google.javascript.rhino.jstype.RecordType,131,0.021
com.google.javascript.jscomp.FunctionTypeBuilder,602,0.021
com.google.javascript.rhino.Node,1257,0.021
com.google.javascript.rhino.jstype.JSTypeRegistry,1835,0.021
com.google.javascript.rhino.jstype.JSTypeRegistry,1836,0.021
com.google.javascript.rhino.jstype.TemplatizedType,51,0.021
com.google.javascript.rhino.jstype.TemplatizedType,51,0.021
com.google.javascript.jscomp.Scope,510,0.021
com.google.javascript.jscomp.Scope,511,0.021
com.google.javascript.jscomp.Scope,512,0.021
com.google.javascript.jscomp.Scope,513,0.021
com.google.javascript.rhino.jstype.JSTypeRegistry,1001,0.021
com.google.javascript.rhino.jstype.TemplatizedType,169,0.021
com.google.javascript.rhino.jstype.TemplateTypeMap,323,0.021
com.google.javascript.rhino.jstype.TemplateType,60,0.021
com.google.javascript.rhino.jstype.TemplatizedType,51,0.021
com.google.javascript.jscomp.InferJSDocInfo,143,0.021
com.google.javascript.jscomp.parsing.JsDocInfoParser,1431,0.021
com.google.javascript.rhino.jstype.JSTypeRegistry,1833,0.021
com.google.javascript.rhino.jstype.JSTypeRegistry,1834,0.021
com.google.javascript.rhino.jstype.JSTypeRegistry,1837,0.021
com.google.javascript.rhino.jstype.ProxyObjectType,252,0.021
com.google.javascript.rhino.jstype.TemplatizedType,51,0.021
com.google.javascript.rhino.jstype.TemplatizedType,51,0.021
com.google.javascript.rhino.jstype.TemplatizedType,51,0.021
com.google.javascript.rhino.jstype.TemplatizedType,51,0.021
com.google.javascript.jscomp.parsing.JsDocInfoParser,1423,0.021
com.google.javascript.jscomp.parsing.JsDocInfoParser,1424,0.021
com.google.javascript.jscomp.parsing.JsDocInfoParser,1425,0.021
com.google.javascript.jscomp.parsing.JsDocInfoParser,1427,0.021
com.google.javascript.jscomp.parsing.JsDocInfoParser,1430,0.021
com.google.javascript.jscomp.parsing.JsDocInfoParser,1435,0.021
com.google.javascript.jscomp.TypeValidator,526,0.021
com.google.javascript.jscomp.TypeValidator,527,0.021
com.google.javascript.jscomp.TypeValidator,528,0.021
com.google.javascript.jscomp.TypeValidator,538,0.021
com.google.javascript.jscomp.TypeValidator,543,0.021
com.google.javascript.jscomp.TypeValidator,583,0.021
com.google.javascript.jscomp.TypedScopeCreator,1182,0.021
com.google.javascript.jscomp.TypedScopeCreator,1183,0.021
com.google.javascript.jscomp.TypedScopeCreator,1185,0.021
com.google.javascript.rhino.jstype.TemplatizedType,164,0.021
com.google.javascript.rhino.jstype.JSTypeRegistry,1511,0.021
com.google.javascript.rhino.jstype.TemplateTypeMap,134,0.021
com.google.javascript.rhino.jstype.TemplateTypeMap,171,0.021
com.google.javascript.rhino.jstype.TemplateTypeMap,172,0.021
com.google.javascript.rhino.jstype.TemplateTypeMap,276,0.021
com.google.javascript.rhino.jstype.TemplateTypeMap,277,0.021
com.google.javascript.rhino.jstype.TemplateTypeMap,281,0.021
com.google.javascript.rhino.jstype.JSTypeRegistry,1636,0.021
com.google.javascript.rhino.jstype.JSTypeRegistry,1637,0.021
com.google.javascript.rhino.jstype.JSTypeRegistry,1639,0.021
com.google.javascript.rhino.jstype.JSTypeRegistry,1642,0.021
com.google.javascript.jscomp.parsing.JsDocInfoParser,1937,0.021
com.google.javascript.rhino.jstype.JSTypeRegistry,1629,0.021
com.google.javascript.jscomp.parsing.JsDocInfoParser,1799,0.021
com.google.javascript.jscomp.parsing.JsDocInfoParser,1800,0.021
com.google.javascript.jscomp.parsing.JsDocInfoParser,1803,0.021
com.google.javascript.jscomp.parsing.JsDocInfoParser,1804,0.021
com.google.javascript.jscomp.parsing.JsDocInfoParser,1805,0.021
com.google.javascript.jscomp.parsing.JsDocInfoParser,1814,0.021
com.google.javascript.jscomp.parsing.JsDocInfoParser,1926,0.021
com.google.javascript.jscomp.parsing.JsDocInfoParser,1927,0.021
com.google.javascript.jscomp.parsing.JsDocInfoParser,1928,0.021
com.google.javascript.jscomp.parsing.JsDocInfoParser,1929,0.021
com.google.javascript.jscomp.parsing.JsDocInfoParser,1930,0.021
com.google.javascript.jscomp.parsing.JsDocInfoParser,1932,0.021
com.google.javascript.jscomp.parsing.JsDocInfoParser,1933,0.021
com.google.javascript.jscomp.parsing.JsDocTokenStream,101,0.021
com.google.javascript.jscomp.parsing.JsDocInfoParser,1781,0.021
com.google.javascript.jscomp.parsing.JsDocInfoParser,1782,0.021
com.google.javascript.jscomp.parsing.JsDocInfoParser,1786,0.021
com.google.javascript.jscomp.parsing.JsDocInfoParser,1787,0.021
com.google.javascript.jscomp.parsing.JsDocInfoParser,1788,0.021
com.google.javascript.jscomp.parsing.JsDocInfoParser,2144,0.021
com.google.javascript.rhino.jstype.ArrowType,216,0.021
com.google.javascript.jscomp.parsing.JsDocTokenStream,172,0.021
com.google.javascript.jscomp.parsing.JsDocTokenStream,173,0.021
com.google.javascript.jscomp.parsing.JsDocTokenStream,174,0.021
com.google.javascript.jscomp.parsing.JsDocTokenStream,175,0.021
com.google.javascript.jscomp.parsing.JsDocTokenStream,176,0.021
com.google.javascript.jscomp.parsing.JsDocTokenStream,140,0.021
com.google.javascript.jscomp.FunctionTypeBuilder,625,0.021
com.google.javascript.rhino.jstype.ArrowType,313,0.021
com.google.javascript.rhino.jstype.ArrowType,314,0.021
com.google.javascript.jscomp.Scope,199,0.021
com.google.javascript.rhino.JSDocInfo,547,0.021
com.google.javascript.jscomp.TypedScopeCreator,100,0.021
com.google.javascript.jscomp.parsing.JsDocTokenStream,128,0.021
com.google.javascript.rhino.JSDocInfo,1176,0.021
com.google.javascript.rhino.JSDocInfo,1177,0.021
com.google.javascript.rhino.JSDocInfoBuilder,596,0.021
com.google.javascript.rhino.JSDocInfoBuilder,597,0.021
com.google.javascript.rhino.JSDocInfoBuilder,598,0.021
com.google.javascript.jscomp.parsing.JsDocInfoParser,1724,0.021
com.google.javascript.jscomp.parsing.JsDocInfoParser,1731,0.021
com.google.javascript.jscomp.parsing.JsDocInfoParser,1000,0.021
com.google.javascript.rhino.JSDocInfoBuilder,594,0.021
com.google.javascript.jscomp.parsing.JsDocInfoParser,1719,0.021
com.google.javascript.jscomp.parsing.JsDocInfoParser,1720,0.021
com.google.javascript.jscomp.parsing.JsDocInfoParser,906,0.021
com.google.javascript.rhino.jstype.UnionTypeBuilder,178,0.021
com.google.javascript.rhino.jstype.ProxyObjectType,139,0.021
com.google.javascript.rhino.jstype.JSType,601,0.021
com.google.javascript.rhino.jstype.FunctionType,905,0.021
com.google.javascript.rhino.jstype.ArrowType,310,0.021
com.google.javascript.rhino.jstype.ArrowType,311,0.021
com.google.javascript.rhino.jstype.ArrowType,312,0.021
com.google.javascript.rhino.jstype.ArrowType,319,0.021
com.google.javascript.jscomp.parsing.JsDocInfoParser,2179,0.021
com.google.javascript.rhino.jstype.ArrowType,305,0.021
com.google.javascript.jscomp.TypedScopeCreator,720,0.021
com.google.javascript.jscomp.TypedScopeCreator,722,0.021
com.google.javascript.jscomp.parsing.JsDocInfoParser,2172,0.021
com.google.javascript.jscomp.parsing.JsDocInfoParser,2336,0.021
com.google.javascript.jscomp.parsing.JsDocTokenStream,134,0.021
com.google.javascript.jscomp.parsing.JsDocTokenStream,135,0.021
com.google.javascript.jscomp.parsing.JsDocInfoParser,2168,0.021
com.google.javascript.jscomp.parsing.JsDocInfoParser,2170,0.021
com.google.javascript.rhino.jstype.FunctionType,1279,0.021
com.google.javascript.jscomp.parsing.JsDocInfoParser,2142,0.021
com.google.javascript.jscomp.parsing.JsDocInfoParser,2143,0.021
com.google.javascript.jscomp.parsing.JsDocInfoParser,2147,0.021
com.google.javascript.jscomp.parsing.JsDocInfoParser,2149,0.021
com.google.javascript.jscomp.parsing.JsDocInfoParser,2163,0.021
com.google.javascript.jscomp.parsing.JsDocInfoParser,2164,0.021
com.google.javascript.jscomp.parsing.JsDocTokenStream,145,0.021
com.google.javascript.rhino.jstype.ProxyObjectType,364,0.021
com.google.javascript.jscomp.parsing.JsDocTokenStream,143,0.021
com.google.javascript.jscomp.parsing.JsDocTokenStream,144,0.021
com.google.javascript.rhino.jstype.JSType,480,0.021
com.google.javascript.rhino.jstype.JSType,628,0.021
com.google.javascript.jscomp.TypedScopeCreator,718,0.021
com.google.javascript.jscomp.TypedScopeCreator,719,0.021
com.google.javascript.rhino.jstype.UnionTypeBuilder,137,0.021
com.google.javascript.rhino.jstype.UnionTypeBuilder,138,0.021
com.google.javascript.rhino.jstype.UnionTypeBuilder,139,0.021
com.google.javascript.rhino.jstype.UnionTypeBuilder,140,0.021
com.google.javascript.rhino.jstype.UnionTypeBuilder,141,0.021
com.google.javascript.rhino.JSDocInfo,1054,0.021
com.google.javascript.rhino.jstype.InstanceObjectType,112,0.021
com.google.javascript.jscomp.TypeCheck,2062,0.021
com.google.javascript.rhino.JSDocInfo,611,0.021
com.google.javascript.jscomp.parsing.JsDocInfoParser,1733,0.021
com.google.javascript.jscomp.parsing.JsDocInfoParser,1734,0.021
com.google.javascript.jscomp.parsing.JsDocInfoParser,1735,0.021
com.google.javascript.jscomp.parsing.JsDocTokenStream,142,0.021
com.google.javascript.jscomp.parsing.JsDocInfoParser,2418,0.021
com.google.javascript.jscomp.parsing.JsDocInfoParser,2419,0.021
com.google.javascript.jscomp.parsing.JsDocTokenStream,131,0.021
com.google.javascript.rhino.head.TokenStream,235,0.021
com.google.javascript.rhino.JSDocInfoBuilder,464,0.021
com.google.javascript.rhino.JSDocInfoBuilder,465,0.021
com.google.javascript.rhino.JSDocInfo,777,0.021
com.google.javascript.rhino.JSDocInfo,779,0.021
com.google.javascript.rhino.JSDocInfo,783,0.021
com.google.javascript.rhino.JSDocInfo,784,0.021
com.google.javascript.jscomp.parsing.JsDocInfoParser,1137,0.021
com.google.javascript.jscomp.parsing.JsDocInfoParser,1138,0.021
com.google.javascript.rhino.JSDocInfoBuilder,462,0.021
com.google.javascript.jscomp.parsing.JsDocInfoParser,1133,0.021
com.google.javascript.jscomp.parsing.JsDocInfoParser,1144,0.021
com.google.javascript.rhino.jstype.JSType,528,0.021
com.google.javascript.jscomp.parsing.JsDocInfoParser,1111,0.021
com.google.javascript.jscomp.parsing.JsDocInfoParser,1112,0.021
com.google.javascript.jscomp.parsing.JsDocInfoParser,1118,0.021
com.google.javascript.jscomp.parsing.JsDocInfoParser,1119,0.021
com.google.javascript.jscomp.parsing.JsDocInfoParser,1120,0.021
com.google.javascript.jscomp.parsing.JsDocInfoParser,1126,0.021
com.google.javascript.jscomp.parsing.JsDocInfoParser,772,0.021
com.google.javascript.jscomp.parsing.JsDocInfoParser,773,0.021
com.google.javascript.jscomp.parsing.JsDocInfoParser,1107,0.021
com.google.javascript.jscomp.parsing.JsDocInfoParser,1108,0.021
com.google.javascript.jscomp.parsing.JsDocInfoParser,1110,0.021
com.google.javascript.rhino.JSDocInfoBuilder,178,0.021
com.google.javascript.rhino.JSDocInfoBuilder,185,0.021
com.google.javascript.rhino.jstype.RecordTypeBuilder,109,0.021
com.google.javascript.rhino.jstype.RecordTypeBuilder,113,0.021
com.google.javascript.rhino.jstype.RecordType,137,0.021
com.google.javascript.rhino.jstype.RecordType,141,0.021
com.google.javascript.rhino.jstype.RecordTypeBuilder,77,0.021
com.google.javascript.rhino.jstype.RecordTypeBuilder,78,0.021
com.google.javascript.rhino.jstype.RecordTypeBuilder,81,0.021
com.google.javascript.rhino.jstype.RecordTypeBuilder,82,0.021
com.google.javascript.rhino.jstype.RecordTypeBuilder,91,0.021
com.google.javascript.rhino.jstype.RecordTypeBuilder,95,0.021
com.google.javascript.rhino.head.TokenStream,246,0.021
com.google.javascript.jscomp.InferJSDocInfo,174,0.021
com.google.javascript.rhino.jstype.ProxyObjectType,129,0.021
com.google.javascript.rhino.jstype.PrototypeObjectType,166,0.021
com.google.javascript.jscomp.TypeCheck,1226,0.021
com.google.javascript.jscomp.InferJSDocInfo,168,0.021
com.google.javascript.jscomp.InferJSDocInfo,170,0.021
com.google.javascript.jscomp.InferJSDocInfo,172,0.021
com.google.javascript.jscomp.InferJSDocInfo,173,0.021
com.google.javascript.jscomp.InferJSDocInfo,178,0.021
com.google.javascript.jscomp.InferJSDocInfo,180,0.021
com.google.javascript.jscomp.InferJSDocInfo,181,0.021
com.google.javascript.rhino.jstype.PrototypeObjectType,153,0.021
com.google.javascript.rhino.jstype.PrototypeObjectType,154,0.021
com.google.javascript.rhino.jstype.PrototypeObjectType,164,0.021
com.google.javascript.rhino.jstype.PrototypeObjectType,165,0.021
com.google.javascript.rhino.jstype.PrototypeObjectType,169,0.021
com.google.javascript.jscomp.TypeCheck,1197,0.021
com.google.javascript.jscomp.GoogleCodingConvention,125,0.021
com.google.javascript.jscomp.GoogleCodingConvention,130,0.021
com.google.javascript.jscomp.ControlFlowAnalysis,780,0.021
com.google.javascript.jscomp.TypeCheck,1311,0.021
com.google.javascript.jscomp.TypeCheck,1312,0.021
com.google.javascript.jscomp.TypeCheck,1315,0.021
com.google.javascript.jscomp.TypeCheck,1316,0.021
com.google.javascript.jscomp.TypeCheck,1173,0.021
com.google.javascript.jscomp.TypeCheck,1174,0.021
com.google.javascript.jscomp.TypeCheck,1176,0.021
com.google.javascript.jscomp.TypeCheck,1180,0.021
com.google.javascript.jscomp.TypeCheck,1181,0.021
com.google.javascript.jscomp.TypeCheck,1182,0.021
com.google.javascript.jscomp.TypeCheck,1192,0.021
com.google.javascript.jscomp.TypeCheck,1194,0.021
com.google.javascript.jscomp.TypeCheck,1195,0.021
com.google.javascript.jscomp.TypeCheck,1222,0.021
com.google.javascript.jscomp.TypeCheck,1305,0.021
com.google.javascript.jscomp.FunctionTypeBuilder,427,0.021
com.google.javascript.jscomp.FunctionTypeBuilder,428,0.021
com.google.javascript.jscomp.FunctionTypeBuilder,429,0.021
com.google.javascript.rhino.jstype.ProxyObjectType,189,0.021
com.google.javascript.jscomp.TypedScopeCreator,938,0.021
com.google.javascript.jscomp.TypedScopeCreator,961,0.021
com.google.javascript.jscomp.TypedScopeCreator,963,0.021
com.google.javascript.jscomp.TypeCheck,1307,0.021
com.google.javascript.jscomp.FunctionTypeBuilder,591,0.021
com.google.javascript.jscomp.FunctionTypeBuilder,593,0.021
com.google.javascript.jscomp.TypeCheck,1056,0.021
com.google.javascript.jscomp.TypeCheck,1169,0.021
com.google.javascript.jscomp.TypeCheck,1296,0.021
com.google.javascript.jscomp.TypeCheck,1297,0.021
com.google.javascript.jscomp.TypeCheck,1302,0.021
com.google.javascript.jscomp.TypeCheck,1304,0.021
com.google.javascript.jscomp.FunctionTypeBuilder,424,0.021
com.google.javascript.jscomp.FunctionTypeBuilder,426,0.021
com.google.javascript.jscomp.FunctionTypeBuilder,433,0.021
com.google.javascript.jscomp.TypeCheck,1052,0.021
com.google.javascript.jscomp.TypeCheck,1053,0.021
com.google.javascript.jscomp.TypeCheck,1054,0.021
com.google.javascript.jscomp.TypeCheck,1055,0.021
com.google.javascript.jscomp.FunctionTypeBuilder,314,0.021
com.google.javascript.jscomp.FunctionTypeBuilder,315,0.021
com.google.javascript.jscomp.TypeInference,148,0.021
com.google.javascript.jscomp.TypeInference,152,0.021
com.google.javascript.jscomp.TypeInference,153,0.021
com.google.javascript.rhino.jstype.Property,135,0.021
com.google.javascript.rhino.jstype.Property,136,0.021
com.google.javascript.jscomp.TypeInference,143,0.021
com.google.javascript.jscomp.TypeInference,145,0.021
com.google.javascript.jscomp.TypeInference,147,0.021
com.google.javascript.jscomp.TypeInference,151,0.021
com.google.javascript.jscomp.TypedScopeCreator,944,0.021
com.google.javascript.jscomp.TypedScopeCreator,1003,0.021
com.google.javascript.jscomp.TypedScopeCreator,1007,0.021
com.google.javascript.jscomp.TypedScopeCreator,1008,0.021
com.google.javascript.jscomp.TypedScopeCreator,1023,0.021
com.google.javascript.jscomp.TypedScopeCreator,1029,0.021
com.google.javascript.jscomp.parsing.JsDocTokenStream,219,0.021
com.google.javascript.jscomp.parsing.JsDocTokenStream,220,0.021
com.google.javascript.jscomp.TypedScopeCreator,713,0.021
com.google.javascript.jscomp.TypedScopeCreator,714,0.021
com.google.javascript.jscomp.TypedScopeCreator,715,0.021
com.google.javascript.jscomp.TypedScopeCreator,716,0.021
com.google.javascript.jscomp.TypedScopeCreator,717,0.021
com.google.javascript.jscomp.TypedScopeCreator,729,0.021
com.google.javascript.jscomp.TypedScopeCreator,733,0.021
com.google.javascript.jscomp.TypedScopeCreator,735,0.021
com.google.javascript.jscomp.TypedScopeCreator,738,0.021
com.google.javascript.jscomp.TypedScopeCreator,1328,0.021
com.google.javascript.jscomp.TypedScopeCreator,558,0.021
com.google.javascript.jscomp.TypeInference,430,0.021
com.google.javascript.jscomp.TypeInference,646,0.021
com.google.javascript.jscomp.TypeInference,648,0.021
com.google.javascript.jscomp.TypeInference,649,0.021
com.google.javascript.jscomp.TypeInference,651,0.021
com.google.javascript.jscomp.parsing.JsDocInfoParser,1876,0.021
com.google.javascript.jscomp.TypedScopeCreator,993,0.021
com.google.javascript.jscomp.parsing.JsDocTokenStream,326,0.021
com.google.javascript.jscomp.parsing.JsDocTokenStream,327,0.021
com.google.javascript.rhino.jstype.UnknownType,134,0.021
com.google.javascript.jscomp.FunctionTypeBuilder,792,0.021
com.google.javascript.rhino.jstype.FunctionType,204,0.021
com.google.javascript.rhino.JSDocInfo,1044,0.021
com.google.javascript.jscomp.FunctionTypeBuilder,505,0.021
com.google.javascript.rhino.JSTypeExpression,90,0.021
com.google.javascript.jscomp.parsing.JsDocTokenStream,203,0.021
com.google.javascript.jscomp.parsing.JsDocTokenStream,204,0.021
com.google.javascript.jscomp.parsing.JsDocTokenStream,213,0.021
com.google.javascript.jscomp.parsing.JsDocTokenStream,214,0.021
com.google.javascript.jscomp.parsing.JsDocTokenStream,215,0.021
com.google.javascript.jscomp.parsing.JsDocTokenStream,216,0.021
com.google.javascript.jscomp.parsing.JsDocInfoParser,2460,0.021
com.google.javascript.jscomp.parsing.JsDocInfoParser,2461,0.021
com.google.javascript.jscomp.parsing.JsDocInfoParser,2462,0.021
com.google.javascript.rhino.jstype.ProxyObjectType,210,0.021
com.google.javascript.rhino.JSTypeExpression,97,0.021
com.google.javascript.jscomp.InferJSDocInfo,221,0.021
com.google.javascript.jscomp.TypedScopeCreator,842,0.021
com.google.javascript.jscomp.TypedScopeCreator,1610,0.021
com.google.javascript.jscomp.FunctionTypeBuilder,673,0.021
com.google.javascript.rhino.JSDocInfo,1030,0.021
com.google.javascript.rhino.jstype.ProxyObjectType,327,0.021
com.google.javascript.rhino.jstype.ProxyObjectType,328,0.021
com.google.javascript.jscomp.TypeCheck,927,0.021
com.google.javascript.jscomp.TypeCheck,928,0.021
com.google.javascript.jscomp.TypeCheck,1048,0.021
com.google.javascript.jscomp.TypeCheck,1049,0.021
com.google.javascript.jscomp.TypeCheck,1051,0.021
com.google.javascript.jscomp.TypedScopeCreator,1604,0.021
com.google.javascript.jscomp.TypedScopeCreator,1605,0.021
com.google.javascript.rhino.jstype.ObjectType,454,0.021
com.google.javascript.rhino.jstype.PropertyMap,170,0.021
com.google.javascript.jscomp.TypedScopeCreator,240,0.021
com.google.javascript.jscomp.TypedScopeCreator,241,0.021
com.google.javascript.jscomp.TypedScopeCreator,242,0.021
com.google.javascript.jscomp.TypedScopeCreator,243,0.021
com.google.javascript.jscomp.TypedScopeCreator,244,0.021
com.google.javascript.jscomp.TypedScopeCreator,249,0.021
com.google.javascript.jscomp.TypedScopeCreator,527,0.021
com.google.javascript.jscomp.TypedScopeCreator,1681,0.021
com.google.javascript.jscomp.TypedScopeCreator,711,0.021
com.google.javascript.rhino.jstype.ProxyObjectType,79,0.021
com.google.javascript.rhino.jstype.JSTypeRegistry,533,0.021
com.google.javascript.jscomp.TypeCheck,970,0.021
com.google.javascript.jscomp.TypeCheck,973,0.021
com.google.javascript.jscomp.TypeCheck,975,0.021
com.google.javascript.jscomp.TypeValidator,389,0.021
com.google.javascript.rhino.JSDocInfo,1010,0.021
com.google.javascript.jscomp.parsing.JsDocInfoParser,265,0.021
com.google.javascript.jscomp.parsing.JsDocInfoParser,266,0.021
com.google.javascript.jscomp.parsing.JsDocInfoParser,268,0.021
com.google.javascript.jscomp.parsing.JsDocTokenStream,138,0.021
com.google.javascript.jscomp.parsing.JsDocTokenStream,139,0.021
com.google.javascript.rhino.jstype.JSTypeRegistry,1605,0.021
com.google.javascript.rhino.jstype.ProxyObjectType,374,0.021
com.google.javascript.rhino.jstype.FunctionType,609,0.021
com.google.javascript.jscomp.InferJSDocInfo,218,0.021
com.google.javascript.jscomp.TypeCheck,968,0.021
com.google.javascript.jscomp.TypeCheck,969,0.021
com.google.javascript.rhino.jstype.FunctionType,605,0.021
com.google.javascript.rhino.jstype.FunctionType,606,0.021
com.google.javascript.rhino.jstype.FunctionType,607,0.021
com.google.javascript.jscomp.TypeValidator,370,0.021
com.google.javascript.rhino.head.TokenStream,216,0.021
com.google.javascript.jscomp.TypeCheck,1155,0.021
com.google.javascript.rhino.JSDocInfo,1007,0.021
com.google.javascript.jscomp.TypeCheck,1149,0.021
com.google.javascript.jscomp.TypeCheck,1150,0.021
com.google.javascript.jscomp.TypeCheck,1151,0.021
com.google.javascript.rhino.jstype.Property,131,0.021
com.google.javascript.rhino.jstype.FunctionType,603,0.021
com.google.javascript.rhino.jstype.FunctionType,632,0.021
com.google.javascript.jscomp.InferJSDocInfo,209,0.021
com.google.javascript.jscomp.InferJSDocInfo,211,0.021
com.google.javascript.jscomp.InferJSDocInfo,212,0.021
com.google.javascript.jscomp.parsing.JsDocInfoParser,1388,0.02
com.google.javascript.jscomp.parsing.JsDocInfoParser,1388,0.02
com.google.javascript.jscomp.NodeUtil,182,0.02
com.google.javascript.rhino.jstype.ObjectType,390,0.02
com.google.javascript.rhino.jstype.ObjectType,391,0.02
com.google.javascript.jscomp.NodeUtil,179,0.02
com.google.javascript.jscomp.parsing.JsDocInfoParser,1853,0.02
com.google.javascript.rhino.head.TokenStream,171,0.02
com.google.javascript.jscomp.parsing.JsDocTokenStream,125,0.02
com.google.javascript.rhino.jstype.ProxyObjectType,215,0.02
com.google.javascript.jscomp.FunctionTypeBuilder,635,0.02
com.google.javascript.rhino.jstype.ProxyObjectType,220,0.02
com.google.javascript.rhino.jstype.FunctionType,324,0.02
com.google.javascript.jscomp.parsing.JsDocInfoParser,2451,0.02
com.google.javascript.rhino.jstype.ProxyObjectType,144,0.02
com.google.javascript.jscomp.TypedScopeCreator,927,0.02
com.google.javascript.jscomp.parsing.JsDocInfoParser,2449,0.02
com.google.javascript.jscomp.parsing.JsDocInfoParser,2450,0.02
com.google.javascript.rhino.jstype.TemplateTypeMap,309,0.02
com.google.javascript.rhino.jstype.TemplateTypeMap,310,0.02
com.google.javascript.jscomp.parsing.IRFactory,341,0.02
com.google.javascript.jscomp.parsing.IRFactory,342,0.02
com.google.javascript.jscomp.TypeInference,139,0.02
com.google.javascript.jscomp.TypeInference,140,0.02
com.google.javascript.jscomp.TypeInference,141,0.02
com.google.javascript.jscomp.TypeInference,157,0.02
com.google.javascript.jscomp.TypeInference,158,0.02
com.google.javascript.jscomp.TypeInference,160,0.02
com.google.javascript.jscomp.TypeInference,163,0.02
com.google.javascript.jscomp.TypedScopeCreator,2044,0.02
com.google.javascript.jscomp.TypedScopeCreator,2046,0.02
com.google.javascript.jscomp.TypedScopeCreator,2048,0.02
com.google.javascript.jscomp.TypedScopeCreator,2058,0.02
com.google.javascript.jscomp.TypedScopeCreator,2062,0.02
com.google.javascript.jscomp.TypedScopeCreator,2064,0.02
com.google.javascript.jscomp.TypedScopeCreator,2065,0.02
com.google.javascript.jscomp.TypedScopeCreator,2067,0.02
com.google.javascript.jscomp.TypedScopeCreator,2070,0.02
com.google.javascript.jscomp.FunctionTypeBuilder,629,0.02
com.google.javascript.jscomp.FunctionTypeBuilder,813,0.02
com.google.javascript.jscomp.TypeValidator,592,0.02
com.google.javascript.jscomp.TypeValidator,593,0.02
com.google.javascript.jscomp.TypeValidator,601,0.02
com.google.javascript.jscomp.TypeCheck,1697,0.02
com.google.javascript.jscomp.TypeCheck,1698,0.02
com.google.javascript.jscomp.TypeCheck,1705,0.02
com.google.javascript.jscomp.TypeCheck,1716,0.02
com.google.javascript.jscomp.TypeCheck,1734,0.02
