org.eclipse.jetty.io.AbstractConnection,219,0.978
org.eclipse.jetty.io.IdleTimeout,50,0.978
org.eclipse.jetty.io.IdleTimeout,51,0.978
org.eclipse.jetty.io.IdleTimeout,52,0.978
org.eclipse.jetty.io.IdleTimeout,53,0.978
org.jsoup.helper.HttpConnection,558,0.978
org.jsoup.helper.HttpConnection,605,0.978
org.jsoup.helper.HttpConnection,532,0.978
org.eclipse.jetty.server.HttpConnectionFactory,61,0.978
org.eclipse.jetty.server.HttpConfiguration,194,0.978
org.eclipse.jetty.server.HttpConfiguration,207,0.978
org.eclipse.jetty.util.SharedBlockingCallback,49,0.978
org.eclipse.jetty.server.AbstractConnector,206,0.978
org.eclipse.jetty.server.AbstractConnector,212,0.978
org.eclipse.jetty.server.AbstractConnector,219,0.978
org.eclipse.jetty.server.AbstractConnector,462,0.978
org.eclipse.jetty.server.AbstractConnector,463,0.978
org.eclipse.jetty.server.AbstractConnector,569,0.978
org.eclipse.jetty.server.AbstractConnector,570,0.978
org.eclipse.jetty.server.AbstractConnector,580,0.978
org.eclipse.jetty.io.SelectorManager,168,0.978
org.eclipse.jetty.io.SelectorManager,176,0.978
org.eclipse.jetty.io.SelectorManager,177,0.978
org.eclipse.jetty.io.SelectorManager,178,0.978
org.eclipse.jetty.io.SelectorManager,202,0.978
org.eclipse.jetty.io.SelectorManager,203,0.978
org.eclipse.jetty.io.SelectorManager,217,0.978
org.eclipse.jetty.io.SelectorManager,218,0.978
org.eclipse.jetty.io.SelectorManager,219,0.978
org.eclipse.jetty.io.SelectorManager,288,0.978
org.eclipse.jetty.io.SelectorManager,289,0.978
org.slf4j.impl.Log4jLoggerAdapter,591,0.978
org.slf4j.impl.Log4jLoggerAdapter,592,0.978
org.eclipse.jetty.server.ServerConnector,499,0.978
org.eclipse.jetty.server.ServerConnector,505,0.978
org.eclipse.jetty.server.ServerConnector,511,0.978
org.eclipse.jetty.server.ServerConnector,512,0.978
org.eclipse.jetty.server.ServerConnector,513,0.978
org.eclipse.jetty.server.ServerConnector,483,0.978
org.eclipse.jetty.util.thread.ScheduledExecutorScheduler,95,0.978
org.eclipse.jetty.util.thread.ScheduledExecutorScheduler,96,0.978
org.eclipse.jetty.util.thread.ScheduledExecutorScheduler,104,0.978
org.eclipse.jetty.util.thread.ScheduledExecutorScheduler,105,0.978
org.eclipse.jetty.io.SelectChannelEndPoint,179,0.978
org.eclipse.jetty.io.SelectChannelEndPoint,185,0.978
org.eclipse.jetty.io.SelectChannelEndPoint,186,0.978
org.eclipse.jetty.io.SelectChannelEndPoint,187,0.978
org.eclipse.jetty.server.HttpInput,66,0.978
org.eclipse.jetty.server.HttpInput,68,0.978
org.eclipse.jetty.server.HttpInput,69,0.978
org.eclipse.jetty.server.HttpInput,70,0.978
org.eclipse.jetty.server.HttpInput,74,0.978
org.eclipse.jetty.util.log.Slf4jLog,100,0.978
org.eclipse.jetty.util.log.Slf4jLog,101,0.978
org.eclipse.jetty.util.log.Slf4jLog,105,0.978
org.eclipse.jetty.util.log.Slf4jLog,106,0.978
org.eclipse.jetty.io.AbstractEndPoint,98,0.978
org.eclipse.jetty.io.AbstractEndPoint,100,0.978
org.eclipse.jetty.io.AbstractEndPoint,101,0.978
org.jsoup.helper.HttpConnection,708,0.978
org.jsoup.helper.HttpConnection,709,0.978
org.jsoup.helper.HttpConnection,710,0.978
org.jsoup.helper.HttpConnection,714,0.978
org.jsoup.helper.HttpConnection,715,0.978
org.jsoup.helper.HttpConnection,720,0.978
org.jsoup.helper.HttpConnection,721,0.978
org.jsoup.helper.HttpConnection,724,0.978
org.jsoup.helper.HttpConnection,725,0.978
org.jsoup.helper.HttpConnection,728,0.978
org.jsoup.helper.HttpConnection,793,0.978
org.jsoup.helper.HttpConnection,794,0.978
org.jsoup.helper.HttpConnection,884,0.978
org.jsoup.helper.HttpConnection,890,0.978
org.jsoup.helper.HttpConnection,891,0.978
org.jsoup.helper.HttpConnection,892,0.978
org.jsoup.helper.HttpConnection,893,0.978
org.jsoup.helper.HttpConnection,895,0.978
org.jsoup.helper.HttpConnection,897,0.978
org.jsoup.helper.HttpConnection,899,0.978
org.jsoup.helper.HttpConnection,901,0.978
org.jsoup.helper.HttpConnection,902,0.978
org.jsoup.helper.HttpConnection,903,0.978
org.jsoup.helper.HttpConnection,904,0.978
org.jsoup.helper.HttpConnection,905,0.978
org.jsoup.helper.HttpConnection,906,0.978
org.eclipse.jetty.io.SelectorManager,550,0.978
org.eclipse.jetty.io.SelectorManager,571,0.978
org.eclipse.jetty.io.SelectorManager,574,0.978
org.eclipse.jetty.io.SelectorManager,579,0.978
org.eclipse.jetty.io.SelectorManager,582,0.978
org.eclipse.jetty.io.SelectorManager,583,0.978
org.eclipse.jetty.io.SelectorManager,584,0.978
org.eclipse.jetty.io.SelectorManager,597,0.978
org.eclipse.jetty.io.SelectorManager,599,0.978
org.eclipse.jetty.io.SelectorManager,601,0.978
org.eclipse.jetty.io.SelectorManager,744,0.978
org.eclipse.jetty.io.SelectorManager,745,0.978
org.eclipse.jetty.io.SelectorManager,746,0.978
org.eclipse.jetty.io.SelectorManager,407,0.978
org.eclipse.jetty.server.HttpConnection,112,0.978
org.eclipse.jetty.server.HttpConnection,117,0.978
org.eclipse.jetty.server.HttpConnection,122,0.978
org.eclipse.jetty.io.SelectorManager,899,0.978
org.eclipse.jetty.io.SelectorManager,900,0.978
org.eclipse.jetty.io.SelectorManager,905,0.978
org.eclipse.jetty.io.SelectorManager,906,0.978
org.eclipse.jetty.io.SelectorManager,908,0.978
org.eclipse.jetty.server.ServerConnector,374,0.978
org.eclipse.jetty.server.ServerConnector,375,0.978
org.eclipse.jetty.server.ServerConnector,377,0.978
org.eclipse.jetty.server.ServerConnector,378,0.978
org.eclipse.jetty.server.ServerConnector,380,0.978
org.eclipse.jetty.server.ServerConnector,384,0.978
org.eclipse.jetty.server.ServerConnector,385,0.978
org.eclipse.jetty.server.ServerConnector,386,0.978
org.eclipse.jetty.server.ServerConnector,387,0.978
org.eclipse.jetty.server.ServerConnector,388,0.978
org.eclipse.jetty.server.ServerConnector,394,0.978
org.eclipse.jetty.server.ServerConnector,395,0.978
org.eclipse.jetty.server.ServerConnector,398,0.978
org.eclipse.jetty.server.ServerConnector,403,0.978
org.eclipse.jetty.server.ServerConnector,404,0.978
org.eclipse.jetty.server.ServerConnector,426,0.978
org.eclipse.jetty.io.IdleTimeout,66,0.978
org.eclipse.jetty.io.IdleTimeout,76,0.978
org.eclipse.jetty.io.IdleTimeout,81,0.978
org.eclipse.jetty.io.IdleTimeout,82,0.978
org.eclipse.jetty.io.IdleTimeout,85,0.978
org.eclipse.jetty.io.IdleTimeout,96,0.978
org.eclipse.jetty.io.IdleTimeout,98,0.978
org.eclipse.jetty.io.IdleTimeout,110,0.978
org.eclipse.jetty.io.IdleTimeout,111,0.978
org.eclipse.jetty.io.IdleTimeout,112,0.978
org.eclipse.jetty.io.IdleTimeout,113,0.978
org.eclipse.jetty.io.IdleTimeout,114,0.978
org.eclipse.jetty.io.IdleTimeout,116,0.978
org.eclipse.jetty.io.IdleTimeout,120,0.978
org.eclipse.jetty.io.IdleTimeout,121,0.978
org.eclipse.jetty.io.IdleTimeout,125,0.978
org.eclipse.jetty.io.IdleTimeout,126,0.978
org.eclipse.jetty.io.IdleTimeout,127,0.978
org.eclipse.jetty.io.IdleTimeout,143,0.978
org.eclipse.jetty.io.IdleTimeout,145,0.978
org.eclipse.jetty.io.IdleTimeout,146,0.978
org.eclipse.jetty.io.IdleTimeout,147,0.978
org.eclipse.jetty.io.IdleTimeout,148,0.978
org.eclipse.jetty.io.IdleTimeout,150,0.978
org.eclipse.jetty.io.IdleTimeout,153,0.978
org.eclipse.jetty.io.IdleTimeout,155,0.978
org.eclipse.jetty.io.IdleTimeout,170,0.978
org.eclipse.jetty.io.IdleTimeout,37,0.978
org.eclipse.jetty.util.component.AbstractLifeCycle,111,0.978
org.eclipse.jetty.util.log.JettyAwareLogger,215,0.978
org.eclipse.jetty.util.log.JettyAwareLogger,216,0.978
org.eclipse.jetty.util.log.JettyAwareLogger,607,0.978
org.eclipse.jetty.server.AbstractConnector,500,0.978
org.eclipse.jetty.server.AbstractConnector,508,0.978
org.jsoup.Connection,47,0.978
org.jsoup.helper.HttpConnection,532,0.957
org.jsoup.helper.HttpConnection,481,0.957
org.jsoup.helper.HttpConnection,572,0.957
org.jsoup.helper.HttpConnection,642,0.957
org.apache.log4j.Hierarchy,356,0.957
org.eclipse.jetty.server.AbstractConnector,333,0.957
org.slf4j.impl.Log4jLoggerAdapter,200,0.957
org.slf4j.impl.Log4jLoggerAdapter,580,0.957
org.slf4j.impl.Log4jLoggerAdapter,581,0.957
org.slf4j.impl.Log4jLoggerAdapter,582,0.957
org.slf4j.impl.Log4jLoggerAdapter,586,0.957
org.slf4j.impl.Log4jLoggerAdapter,605,0.957
org.eclipse.jetty.util.ConcurrentArrayQueue,526,0.957
org.eclipse.jetty.util.ConcurrentArrayQueue,531,0.957
org.eclipse.jetty.util.ConcurrentArrayQueue,532,0.957
org.eclipse.jetty.util.ConcurrentArrayQueue,533,0.957
org.eclipse.jetty.util.ConcurrentArrayQueue,534,0.957
org.eclipse.jetty.util.ConcurrentArrayQueue,539,0.957
org.eclipse.jetty.util.ConcurrentArrayQueue,540,0.957
org.eclipse.jetty.util.ConcurrentArrayQueue,541,0.957
org.eclipse.jetty.util.ConcurrentArrayQueue,542,0.957
org.eclipse.jetty.util.ConcurrentArrayQueue,557,0.957
org.eclipse.jetty.util.ConcurrentArrayQueue,562,0.957
org.apache.log4j.Category,442,0.957
org.apache.log4j.Category,443,0.957
org.apache.log4j.Category,444,0.957
org.apache.log4j.Category,734,0.957
org.apache.log4j.Category,736,0.957
org.apache.log4j.Category,852,0.957
org.apache.log4j.Category,855,0.957
org.apache.log4j.Category,858,0.957
org.eclipse.jetty.util.log.Slf4jLog,110,0.957
org.jsoup.helper.HttpConnection,700,0.957
org.jsoup.helper.HttpConnection,704,0.957
org.jsoup.helper.HttpConnection,705,0.957
org.jsoup.helper.HttpConnection,706,0.957
org.eclipse.jetty.io.SelectorManager,479,0.957
org.eclipse.jetty.io.SelectorManager,480,0.957
org.eclipse.jetty.io.SelectorManager,485,0.957
org.eclipse.jetty.io.SelectorManager,489,0.957
org.eclipse.jetty.io.SelectorManager,491,0.957
org.eclipse.jetty.io.SelectorManager,492,0.957
org.eclipse.jetty.io.SelectorManager,512,0.957
org.eclipse.jetty.io.SelectorManager,517,0.957
org.eclipse.jetty.io.SelectorManager,518,0.957
org.eclipse.jetty.io.SelectorManager,519,0.957
org.eclipse.jetty.io.SelectorManager,525,0.957
org.eclipse.jetty.io.SelectorManager,527,0.957
org.eclipse.jetty.io.SelectorManager,532,0.957
org.eclipse.jetty.io.SelectorManager,533,0.957
org.eclipse.jetty.io.SelectorManager,549,0.957
org.eclipse.jetty.io.SelectorManager,602,0.957
org.eclipse.jetty.io.SelectorManager,605,0.957
org.eclipse.jetty.io.SelectorManager,607,0.957
org.eclipse.jetty.io.SelectorManager,608,0.957
org.eclipse.jetty.io.SelectorManager,623,0.957
org.eclipse.jetty.io.SelectorManager,631,0.957
org.eclipse.jetty.io.SelectorManager,632,0.957
org.eclipse.jetty.io.SelectorManager,723,0.957
org.eclipse.jetty.io.SelectorManager,724,0.957
org.eclipse.jetty.io.SelectorManager,729,0.957
org.eclipse.jetty.io.SelectorManager,730,0.957
org.eclipse.jetty.io.SelectorManager,734,0.957
org.eclipse.jetty.io.SelectorManager,735,0.957
org.eclipse.jetty.io.SelectorManager,407,0.957
org.eclipse.jetty.io.SelectorManager,407,0.957
org.eclipse.jetty.server.AbstractNetworkConnector,114,0.957
org.jsoup.helper.HttpConnection,294,0.957
org.eclipse.jetty.server.ServerConnector,248,0.957
org.eclipse.jetty.server.ServerConnector,249,0.957
org.apache.log4j.Priority,123,0.957
org.eclipse.jetty.util.component.AbstractLifeCycle,103,0.957
org.eclipse.jetty.util.component.AbstractLifeCycle,105,0.957
org.eclipse.jetty.util.ConcurrentArrayQueue,77,0.957
org.eclipse.jetty.util.ConcurrentArrayQueue,82,0.957
org.eclipse.jetty.util.ConcurrentArrayQueue,87,0.957
org.eclipse.jetty.util.ConcurrentArrayQueue,93,0.957
org.eclipse.jetty.util.ConcurrentArrayQueue,95,0.957
org.eclipse.jetty.util.ConcurrentArrayQueue,96,0.957
org.eclipse.jetty.util.ConcurrentArrayQueue,97,0.957
org.eclipse.jetty.util.ConcurrentArrayQueue,100,0.957
org.eclipse.jetty.util.ConcurrentArrayQueue,126,0.957
org.eclipse.jetty.util.ConcurrentArrayQueue,128,0.957
org.eclipse.jetty.util.ConcurrentArrayQueue,131,0.957
org.eclipse.jetty.util.ConcurrentArrayQueue,147,0.957
org.eclipse.jetty.util.ConcurrentArrayQueue,149,0.957
org.eclipse.jetty.util.ConcurrentArrayQueue,155,0.957
org.eclipse.jetty.util.ConcurrentArrayQueue,162,0.957
org.eclipse.jetty.util.ConcurrentArrayQueue,173,0.957
org.eclipse.jetty.util.ConcurrentArrayQueue,174,0.957
org.eclipse.jetty.util.ConcurrentArrayQueue,175,0.957
org.eclipse.jetty.util.ConcurrentArrayQueue,176,0.957
org.eclipse.jetty.util.ConcurrentArrayQueue,179,0.957
org.eclipse.jetty.util.ConcurrentArrayQueue,201,0.957
org.eclipse.jetty.util.ConcurrentArrayQueue,202,0.957
org.eclipse.jetty.util.ConcurrentArrayQueue,209,0.957
org.eclipse.jetty.util.ConcurrentArrayQueue,210,0.957
org.eclipse.jetty.util.ConcurrentArrayQueue,212,0.957
org.eclipse.jetty.util.ConcurrentArrayQueue,215,0.957
org.eclipse.jetty.util.ConcurrentArrayQueue,232,0.957
org.eclipse.jetty.util.ConcurrentArrayQueue,234,0.957
org.eclipse.jetty.util.ConcurrentArrayQueue,240,0.957
org.eclipse.jetty.util.ConcurrentArrayQueue,247,0.957
org.eclipse.jetty.util.log.JettyAwareLogger,170,0.957
org.eclipse.jetty.util.log.JettyAwareLogger,604,0.957
org.eclipse.jetty.util.log.JettyAwareLogger,623,0.957
org.eclipse.jetty.server.AbstractConnector,496,0.957
org.jsoup.helper.HttpConnection,528,0.936
org.jsoup.helper.HttpConnection,532,0.936
org.jsoup.helper.HttpConnection,344,0.936
org.jsoup.helper.HttpConnection,633,0.936
org.jsoup.helper.HttpConnection,532,0.9
org.jsoup.helper.HttpConnection,334,0.9
org.jsoup.Jsoup,73,0.894
org.jsoup.helper.HttpConnection,717,0.885
org.jsoup.helper.HttpConnection,711,0.752
org.jsoup.helper.HttpConnection,338,0.744
org.jsoup.helper.HttpConnection,339,0.744
org.jsoup.helper.HttpConnection,340,0.744
org.jsoup.helper.HttpConnection,69,0.73
org.jsoup.helper.HttpConnection,86,0.73
org.jsoup.helper.HttpConnection,129,0.73
org.jsoup.helper.HttpConnection,130,0.73
org.jsoup.helper.HttpConnection,532,0.725
org.jsoup.helper.HttpConnection,67,0.72
org.jsoup.helper.HttpConnection,68,0.72
org.jsoup.helper.HttpConnection,85,0.72
org.jsoup.helper.HttpConnection,95,0.72
org.jsoup.helper.HttpConnection,96,0.72
org.jsoup.helper.HttpConnection,97,0.72
org.jsoup.helper.HttpConnection,98,0.72
org.jsoup.helper.HttpConnection,124,0.72
org.jsoup.helper.HttpConnection,126,0.72
org.jsoup.helper.HttpConnection,490,0.716
org.jsoup.helper.HttpConnection,366,0.7
org.jsoup.helper.HttpConnection,367,0.7
org.jsoup.helper.HttpConnection,369,0.7
org.jsoup.helper.HttpConnection,370,0.7
org.jsoup.helper.HttpConnection,371,0.7
org.jsoup.helper.HttpConnection,372,0.7
org.jsoup.helper.HttpConnection,374,0.7
org.jsoup.helper.HttpConnection,376,0.7
org.jsoup.helper.HttpConnection,381,0.7
org.jsoup.helper.HttpConnection,382,0.7
org.jsoup.helper.HttpConnection,387,0.7
org.jsoup.helper.HttpConnection,388,0.7
org.jsoup.helper.HttpConnection,390,0.7
org.jsoup.helper.HttpConnection,398,0.7
org.jsoup.helper.HttpConnection,400,0.7
org.jsoup.helper.HttpConnection,406,0.7
org.jsoup.helper.HttpConnection,407,0.7
org.jsoup.helper.HttpConnection,408,0.7
org.jsoup.helper.HttpConnection,409,0.7
org.jsoup.helper.HttpConnection,431,0.7
org.jsoup.helper.HttpConnection,485,0.7
org.jsoup.helper.HttpConnection,487,0.7
org.jsoup.helper.HttpConnection,488,0.7
org.jsoup.helper.HttpConnection,492,0.7
org.jsoup.helper.HttpConnection,348,0.688
org.jsoup.helper.HttpConnection,349,0.688
org.jsoup.helper.HttpConnection,350,0.688
org.jsoup.helper.HttpConnection,663,0.626
org.jsoup.helper.HttpConnection,726,0.626
org.jsoup.helper.HttpConnection,898,0.626
org.jsoup.helper.HttpConnection,1010,0.626
org.jsoup.helper.HttpConnection,1011,0.626
org.jsoup.helper.HttpConnection,1013,0.626
org.jsoup.helper.HttpConnection,1058,0.626
org.jsoup.helper.HttpConnection,1059,0.626
org.jsoup.helper.HttpConnection,1166,0.593
org.jsoup.helper.HttpConnection,1040,0.59
org.jsoup.helper.HttpConnection,288,0.59
org.jsoup.helper.HttpConnection,289,0.59
org.jsoup.helper.HttpConnection,501,0.578
org.jsoup.helper.HttpConnection,435,0.557
org.jsoup.helper.HttpConnection,436,0.557
org.jsoup.helper.HttpConnection,437,0.557
org.jsoup.helper.HttpConnection,438,0.557
org.jsoup.helper.HttpConnection,718,0.552
org.jsoup.helper.HttpConnection,995,0.552
org.jsoup.helper.HttpConnection,996,0.552
org.jsoup.helper.HttpConnection,1006,0.552
org.jsoup.helper.HttpConnection,1152,0.542
org.jsoup.helper.HttpConnection,627,0.542
org.jsoup.helper.HttpConnection,628,0.542
org.jsoup.helper.HttpConnection,629,0.542
org.jsoup.helper.HttpConnection,532,0.542
org.jsoup.helper.HttpConnection,461,0.538
org.jsoup.helper.HttpConnection,462,0.538
org.jsoup.helper.HttpConnection,463,0.538
org.jsoup.helper.HttpConnection,465,0.538
org.jsoup.helper.HttpConnection,496,0.538
org.jsoup.helper.HttpConnection,497,0.538
org.jsoup.helper.HttpConnection,498,0.538
org.jsoup.helper.HttpConnection,500,0.538
org.jsoup.parser.Parser,207,0.533
org.jsoup.helper.HttpConnection,532,0.516
org.jsoup.helper.HttpConnection,187,0.511
org.jsoup.helper.HttpConnection,188,0.511
org.jsoup.helper.HttpConnection,1142,0.502
org.jsoup.helper.HttpConnection,442,0.487
org.jsoup.helper.HttpConnection,443,0.487
org.jsoup.helper.HttpConnection,1000,0.466
org.jsoup.helper.HttpConnection,1109,0.466
org.jsoup.helper.HttpConnection,1110,0.466
org.jsoup.helper.HttpConnection,1111,0.466
org.jsoup.helper.HttpConnection,1115,0.466
org.jsoup.helper.HttpConnection,1116,0.466
org.jsoup.helper.HttpConnection,51,0.466
org.jsoup.helper.HttpConnection,1126,0.442
org.jsoup.helper.HttpConnection,1136,0.442
org.jsoup.helper.HttpConnection,1137,0.442
org.jsoup.helper.HttpConnection,1138,0.442
org.jsoup.helper.HttpConnection,1146,0.442
org.jsoup.helper.HttpConnection,1147,0.442
org.jsoup.helper.HttpConnection,1148,0.442
org.jsoup.helper.HttpConnection,144,0.426
org.jsoup.helper.HttpConnection,145,0.426
org.jsoup.helper.HttpConnection,146,0.426
org.jsoup.helper.HttpConnection,282,0.426
org.jsoup.helper.HttpConnection,283,0.426
org.eclipse.jetty.http.PathMap,137,0.417
org.eclipse.jetty.http.PathMap,145,0.417
org.eclipse.jetty.http.PathMap,146,0.417
org.eclipse.jetty.http.PathMap,148,0.417
org.eclipse.jetty.http.PathMap,150,0.417
org.eclipse.jetty.http.PathMap,152,0.417
org.eclipse.jetty.http.PathMap,155,0.417
org.eclipse.jetty.http.PathMap,158,0.417
org.eclipse.jetty.http.PathMap,160,0.417
org.eclipse.jetty.http.PathMap,162,0.417
org.eclipse.jetty.http.PathMap,164,0.417
org.eclipse.jetty.http.PathMap,171,0.417
org.eclipse.jetty.http.PathMap,177,0.417
org.eclipse.jetty.http.PathMap,179,0.417
org.eclipse.jetty.http.PathMap,183,0.417
org.eclipse.jetty.http.PathMap,184,0.417
org.eclipse.jetty.http.PathMap,189,0.417
org.eclipse.jetty.http.PathMap,190,0.417
org.eclipse.jetty.http.PathMap,193,0.417
org.eclipse.jetty.http.PathMap,195,0.417
org.eclipse.jetty.server.Server,194,0.417
org.eclipse.jetty.server.Server,195,0.417
org.eclipse.jetty.servlet.Holder,110,0.417
org.eclipse.jetty.servlet.Holder,136,0.417
org.eclipse.jetty.servlet.Holder,137,0.417
org.eclipse.jetty.servlet.Holder,139,0.417
org.eclipse.jetty.servlet.Holder,140,0.417
org.eclipse.jetty.servlet.Holder,142,0.417
org.eclipse.jetty.servlet.ServletMapping,47,0.417
org.eclipse.jetty.servlet.ServletMapping,57,0.417
org.eclipse.jetty.servlet.ServletMapping,75,0.417
org.eclipse.jetty.servlet.ServletMapping,76,0.417
org.eclipse.jetty.servlet.ServletMapping,84,0.417
org.eclipse.jetty.servlet.ServletMapping,85,0.417
org.eclipse.jetty.servlet.ServletHandler,349,0.417
org.eclipse.jetty.servlet.ServletHandler,406,0.417
org.eclipse.jetty.servlet.ServletHandler,447,0.417
org.eclipse.jetty.servlet.ServletHandler,783,0.417
org.eclipse.jetty.servlet.ServletHandler,785,0.417
org.eclipse.jetty.servlet.ServletHandler,786,0.417
org.eclipse.jetty.servlet.ServletHandler,787,0.417
org.eclipse.jetty.servlet.ServletHandler,788,0.417
org.eclipse.jetty.servlet.ServletHandler,789,0.417
org.eclipse.jetty.servlet.ServletHandler,791,0.417
org.eclipse.jetty.servlet.ServletHandler,792,0.417
org.eclipse.jetty.servlet.ServletHandler,793,0.417
org.eclipse.jetty.servlet.ServletHandler,794,0.417
org.eclipse.jetty.servlet.ServletHandler,795,0.417
org.eclipse.jetty.servlet.ServletHandler,797,0.417
org.eclipse.jetty.servlet.ServletHandler,842,0.417
org.eclipse.jetty.servlet.ServletHandler,845,0.417
org.eclipse.jetty.servlet.ServletHandler,847,0.417
org.eclipse.jetty.servlet.ServletHandler,862,0.417
org.eclipse.jetty.servlet.ServletHandler,864,0.417
org.eclipse.jetty.servlet.ServletHandler,865,0.417
org.eclipse.jetty.servlet.ServletHandler,866,0.417
org.eclipse.jetty.servlet.ServletHandler,870,0.417
org.eclipse.jetty.servlet.ServletHandler,871,0.417
org.eclipse.jetty.servlet.ServletHandler,877,0.417
org.eclipse.jetty.servlet.ServletHandler,882,0.417
org.eclipse.jetty.servlet.ServletHandler,886,0.417
org.eclipse.jetty.servlet.ServletHandler,895,0.417
org.eclipse.jetty.servlet.ServletHandler,896,0.417
org.eclipse.jetty.servlet.ServletHandler,898,0.417
org.eclipse.jetty.servlet.ServletHandler,899,0.417
org.eclipse.jetty.servlet.ServletHandler,950,0.417
org.eclipse.jetty.servlet.ServletHandler,971,0.417
org.eclipse.jetty.servlet.ServletHandler,972,0.417
org.eclipse.jetty.servlet.ServletHandler,973,0.417
org.eclipse.jetty.servlet.ServletHandler,975,0.417
org.eclipse.jetty.servlet.ServletHandler,985,0.417
org.eclipse.jetty.servlet.ServletHandler,986,0.417
org.eclipse.jetty.servlet.ServletHandler,987,0.417
org.eclipse.jetty.servlet.ServletHandler,991,0.417
org.eclipse.jetty.servlet.ServletHandler,993,0.417
org.eclipse.jetty.servlet.ServletHandler,994,0.417
org.eclipse.jetty.servlet.ServletHandler,995,0.417
org.eclipse.jetty.servlet.ServletHandler,996,0.417
org.eclipse.jetty.servlet.ServletHandler,1004,0.417
org.eclipse.jetty.servlet.ServletHandler,1005,0.417
org.eclipse.jetty.servlet.ServletHandler,1371,0.417
org.eclipse.jetty.servlet.ServletHandler,1372,0.417
org.eclipse.jetty.servlet.ServletHandler,1374,0.417
org.eclipse.jetty.servlet.ServletHandler,1382,0.417
org.eclipse.jetty.servlet.ServletHandler,1383,0.417
org.eclipse.jetty.servlet.ServletHandler,1386,0.417
org.eclipse.jetty.servlet.ServletHandler,1388,0.417
org.eclipse.jetty.servlet.ServletHandler,1389,0.417
org.eclipse.jetty.servlet.ServletHandler,1392,0.417
org.eclipse.jetty.servlet.ServletHandler,1398,0.417
org.eclipse.jetty.servlet.ServletHandler,1400,0.417
org.eclipse.jetty.servlet.ServletHandler,1401,0.417
org.eclipse.jetty.servlet.ServletHandler,1429,0.417
org.eclipse.jetty.servlet.ServletHandler,1435,0.417
org.eclipse.jetty.servlet.ServletHandler,1436,0.417
org.eclipse.jetty.servlet.ServletHandler,1439,0.417
org.eclipse.jetty.servlet.ServletHandler,1440,0.417
org.eclipse.jetty.servlet.ServletHandler,1442,0.417
org.eclipse.jetty.servlet.ServletHandler,1443,0.417
org.eclipse.jetty.servlet.ServletHandler,1445,0.417
org.eclipse.jetty.servlet.ServletHandler,1447,0.417
org.eclipse.jetty.servlet.ServletHandler,1448,0.417
org.eclipse.jetty.servlet.ServletHandler,1450,0.417
org.eclipse.jetty.servlet.ServletHandler,1451,0.417
org.eclipse.jetty.servlet.ServletHandler,1453,0.417
org.eclipse.jetty.servlet.ServletHandler,1459,0.417
org.eclipse.jetty.servlet.ServletHandler,1463,0.417
org.eclipse.jetty.servlet.ServletHandler,1465,0.417
org.eclipse.jetty.servlet.ServletHandler,1466,0.417
org.eclipse.jetty.servlet.ServletHandler,1469,0.417
org.eclipse.jetty.servlet.ServletHandler,1470,0.417
org.eclipse.jetty.servlet.ServletHandler,1473,0.417
org.eclipse.jetty.servlet.ServletHandler,1477,0.417
org.eclipse.jetty.servlet.ServletHandler,1478,0.417
org.eclipse.jetty.servlet.ServletHandler,1491,0.417
org.eclipse.jetty.servlet.ServletHandler,1492,0.417
org.eclipse.jetty.servlet.ServletHandler,1495,0.417
org.eclipse.jetty.servlet.ServletHandler,1497,0.417
org.eclipse.jetty.servlet.ServletHandler,1498,0.417
org.eclipse.jetty.servlet.ServletHandler,1499,0.417
org.eclipse.jetty.servlet.ServletHandler,1501,0.417
org.eclipse.jetty.servlet.ServletHandler,1505,0.417
org.eclipse.jetty.servlet.ServletHandler,1507,0.417
org.eclipse.jetty.servlet.ServletHandler,1509,0.417
org.eclipse.jetty.servlet.ServletHandler,1510,0.417
org.eclipse.jetty.servlet.ServletHandler,1514,0.417
org.eclipse.jetty.servlet.ServletHandler,1525,0.417
org.eclipse.jetty.servlet.ServletHandler,1526,0.417
org.eclipse.jetty.servlet.ServletHandler,1531,0.417
org.eclipse.jetty.servlet.ServletHandler,1532,0.417
org.eclipse.jetty.servlet.ServletHandler,1583,0.417
org.eclipse.jetty.servlet.ServletHandler,1584,0.417
org.eclipse.jetty.servlet.ServletHandler,1585,0.417
org.eclipse.jetty.servlet.ServletHandler,1586,0.417
org.eclipse.jetty.servlet.ServletHandler,1587,0.417
org.eclipse.jetty.servlet.ServletHandler,1595,0.417
org.eclipse.jetty.servlet.ServletHandler,1596,0.417
org.eclipse.jetty.servlet.ServletHandler,1597,0.417
org.eclipse.jetty.servlet.ServletHandler,1599,0.417
org.eclipse.jetty.servlet.ServletHandler,1600,0.417
org.eclipse.jetty.servlet.ServletHandler,1601,0.417
org.eclipse.jetty.servlet.ServletHandler,1602,0.417
org.eclipse.jetty.servlet.ServletHandler,1603,0.417
org.eclipse.jetty.servlet.BaseHolder,76,0.417
org.eclipse.jetty.servlet.BaseHolder,78,0.417
org.eclipse.jetty.servlet.BaseHolder,87,0.417
org.eclipse.jetty.servlet.BaseHolder,91,0.417
org.eclipse.jetty.servlet.BaseHolder,105,0.417
org.eclipse.jetty.servlet.BaseHolder,147,0.417
org.eclipse.jetty.servlet.BaseHolder,148,0.417
org.eclipse.jetty.servlet.BaseHolder,166,0.417
org.eclipse.jetty.servlet.BaseHolder,167,0.417
org.eclipse.jetty.servlet.BaseHolder,169,0.417
org.eclipse.jetty.servlet.BaseHolder,171,0.417
org.eclipse.jetty.util.component.ContainerLifeCycle,193,0.417
org.eclipse.jetty.util.component.ContainerLifeCycle,194,0.417
org.eclipse.jetty.util.component.ContainerLifeCycle,196,0.417
org.eclipse.jetty.util.component.ContainerLifeCycle,225,0.417
org.eclipse.jetty.util.component.ContainerLifeCycle,227,0.417
org.eclipse.jetty.util.component.ContainerLifeCycle,228,0.417
org.eclipse.jetty.util.component.ContainerLifeCycle,231,0.417
org.eclipse.jetty.util.component.ContainerLifeCycle,250,0.417
org.eclipse.jetty.util.component.ContainerLifeCycle,253,0.417
org.eclipse.jetty.util.component.ContainerLifeCycle,256,0.417
org.eclipse.jetty.util.component.ContainerLifeCycle,260,0.417
org.eclipse.jetty.util.component.ContainerLifeCycle,263,0.417
org.eclipse.jetty.util.component.ContainerLifeCycle,268,0.417
org.eclipse.jetty.util.component.ContainerLifeCycle,286,0.417
org.eclipse.jetty.util.component.ContainerLifeCycle,288,0.417
org.eclipse.jetty.util.component.ContainerLifeCycle,289,0.417
org.eclipse.jetty.util.component.ContainerLifeCycle,301,0.417
org.eclipse.jetty.util.component.ContainerLifeCycle,302,0.417
org.eclipse.jetty.util.component.ContainerLifeCycle,305,0.417
org.eclipse.jetty.util.component.ContainerLifeCycle,311,0.417
org.eclipse.jetty.util.component.ContainerLifeCycle,321,0.417
org.eclipse.jetty.util.component.ContainerLifeCycle,323,0.417
org.eclipse.jetty.util.component.ContainerLifeCycle,326,0.417
org.eclipse.jetty.util.component.ContainerLifeCycle,809,0.417
org.eclipse.jetty.util.component.AbstractLifeCycle,61,0.417
org.eclipse.jetty.util.component.AbstractLifeCycle,65,0.417
org.eclipse.jetty.util.component.AbstractLifeCycle,66,0.417
org.eclipse.jetty.util.component.AbstractLifeCycle,67,0.417
org.eclipse.jetty.util.component.AbstractLifeCycle,68,0.417
org.eclipse.jetty.util.component.AbstractLifeCycle,69,0.417
org.eclipse.jetty.util.component.AbstractLifeCycle,75,0.417
org.eclipse.jetty.util.component.AbstractLifeCycle,76,0.417
org.eclipse.jetty.util.component.AbstractLifeCycle,77,0.417
org.eclipse.jetty.util.component.AbstractLifeCycle,117,0.417
org.eclipse.jetty.util.component.AbstractLifeCycle,175,0.417
org.eclipse.jetty.util.component.AbstractLifeCycle,176,0.417
org.eclipse.jetty.util.component.AbstractLifeCycle,178,0.417
org.eclipse.jetty.util.component.AbstractLifeCycle,180,0.417
org.eclipse.jetty.util.component.AbstractLifeCycle,184,0.417
org.eclipse.jetty.util.component.AbstractLifeCycle,186,0.417
org.eclipse.jetty.util.component.AbstractLifeCycle,187,0.417
org.eclipse.jetty.util.component.AbstractLifeCycle,189,0.417
org.eclipse.jetty.servlet.ServletHolder,200,0.417
org.eclipse.jetty.servlet.ServletHolder,202,0.417
org.eclipse.jetty.servlet.ServletHolder,204,0.417
org.eclipse.jetty.servlet.ServletHolder,207,0.417
org.eclipse.jetty.servlet.ServletHolder,208,0.417
org.eclipse.jetty.servlet.ServletHolder,210,0.417
org.eclipse.jetty.servlet.ServletHolder,222,0.417
org.eclipse.jetty.servlet.ServletHolder,274,0.417
org.eclipse.jetty.servlet.ServletHolder,288,0.417
org.eclipse.jetty.servlet.ServletHolder,289,0.417
org.eclipse.jetty.servlet.ServletHolder,293,0.417
org.eclipse.jetty.servlet.ServletHolder,338,0.417
org.eclipse.jetty.servlet.ServletHolder,350,0.417
org.eclipse.jetty.servlet.ServletHolder,356,0.417
org.eclipse.jetty.servlet.ServletHolder,368,0.417
org.eclipse.jetty.servlet.ServletHolder,371,0.417
org.eclipse.jetty.servlet.ServletHolder,373,0.417
org.eclipse.jetty.servlet.ServletHolder,374,0.417
org.eclipse.jetty.servlet.ServletHolder,377,0.417
org.eclipse.jetty.servlet.ServletHolder,379,0.417
org.eclipse.jetty.servlet.ServletHolder,382,0.417
org.eclipse.jetty.servlet.ServletHolder,390,0.417
org.eclipse.jetty.servlet.ServletHolder,391,0.417
org.eclipse.jetty.servlet.ServletHolder,392,0.417
org.eclipse.jetty.servlet.ServletHolder,407,0.417
org.eclipse.jetty.servlet.ServletHolder,408,0.417
org.eclipse.jetty.servlet.ServletHolder,493,0.417
org.eclipse.jetty.servlet.ServletHolder,497,0.417
org.eclipse.jetty.servlet.ServletHolder,529,0.417
org.eclipse.jetty.servlet.ServletHolder,532,0.417
org.eclipse.jetty.servlet.ServletHolder,534,0.417
org.eclipse.jetty.servlet.ServletHolder,70,0.417
org.eclipse.jetty.http.PathMap,545,0.417
org.eclipse.jetty.http.PathMap,573,0.417
org.eclipse.jetty.http.PathMap,574,0.417
org.eclipse.jetty.util.ArrayUtil,66,0.417
org.eclipse.jetty.util.ArrayUtil,77,0.417
org.eclipse.jetty.util.ArrayUtil,78,0.417
org.eclipse.jetty.util.ArrayUtil,79,0.417
org.jsoup.helper.HttpConnection,716,0.417
org.jsoup.helper.HttpConnection,1042,0.417
org.jsoup.helper.HttpConnection,1077,0.417
org.jsoup.helper.HttpConnection,1078,0.417
org.jsoup.helper.HttpConnection,1079,0.417
org.jsoup.helper.HttpConnection,1081,0.417
org.jsoup.helper.HttpConnection,1087,0.417
org.jsoup.helper.HttpConnection,1091,0.417
org.jsoup.helper.HttpConnection,1092,0.417
org.jsoup.helper.HttpConnection,1093,0.417
org.jsoup.helper.HttpConnection,1097,0.417
org.jsoup.helper.HttpConnection,1101,0.417
org.jsoup.helper.HttpConnection,1102,0.417
org.jsoup.helper.HttpConnection,1103,0.417
org.jsoup.helper.HttpConnection,1104,0.417
org.jsoup.helper.HttpConnection,251,0.417
org.jsoup.helper.HttpConnection,252,0.417
org.jsoup.helper.HttpConnection,1004,0.417
org.jsoup.helper.HttpConnection,1046,0.417
org.jsoup.helper.HttpConnection,1047,0.417
org.jsoup.helper.HttpConnection,1048,0.417
org.jsoup.helper.HttpConnection,1049,0.417
org.jsoup.helper.HttpConnection,1051,0.417
org.jsoup.helper.HttpConnection,1053,0.417
org.jsoup.helper.HttpConnection,1054,0.417
org.jsoup.helper.HttpConnection,1055,0.417
org.jsoup.helper.HttpConnection,1056,0.417
org.jsoup.helper.HttpConnection,246,0.373
org.jsoup.helper.HttpConnection,247,0.373
org.jsoup.helper.HttpConnection,637,0.373
org.jsoup.helper.HttpConnection,638,0.373
org.eclipse.jetty.util.MultiException,94,0.373
org.eclipse.jetty.util.MultiException,95,0.373
org.eclipse.jetty.util.component.ContainerLifeCycle,748,0.373
org.eclipse.jetty.util.component.ContainerLifeCycle,748,0.373
org.eclipse.jetty.util.component.ContainerLifeCycle,748,0.373
org.eclipse.jetty.server.ServerConnector,421,0.373
org.eclipse.jetty.util.component.ContainerLifeCycle,447,0.373
org.eclipse.jetty.util.component.ContainerLifeCycle,449,0.373
org.eclipse.jetty.util.component.ContainerLifeCycle,457,0.373
org.eclipse.jetty.util.component.ContainerLifeCycle,459,0.373
org.eclipse.jetty.util.component.ContainerLifeCycle,476,0.373
org.eclipse.jetty.util.component.ContainerLifeCycle,477,0.373
org.eclipse.jetty.util.component.ContainerLifeCycle,479,0.373
org.eclipse.jetty.util.component.ContainerLifeCycle,480,0.373
org.eclipse.jetty.util.component.ContainerLifeCycle,481,0.373
org.eclipse.jetty.util.component.ContainerLifeCycle,482,0.373
org.eclipse.jetty.util.component.ContainerLifeCycle,784,0.373
org.eclipse.jetty.util.component.ContainerLifeCycle,786,0.373
org.eclipse.jetty.util.component.ContainerLifeCycle,788,0.373
org.eclipse.jetty.util.component.ContainerLifeCycle,790,0.373
org.eclipse.jetty.util.component.ContainerLifeCycle,791,0.373
org.eclipse.jetty.util.component.ContainerLifeCycle,792,0.373
org.eclipse.jetty.util.component.ContainerLifeCycle,799,0.373
org.eclipse.jetty.util.component.ContainerLifeCycle,801,0.373
org.eclipse.jetty.util.component.ContainerLifeCycle,803,0.373
org.eclipse.jetty.util.component.ContainerLifeCycle,805,0.373
org.eclipse.jetty.util.component.ContainerLifeCycle,806,0.373
org.eclipse.jetty.util.component.ContainerLifeCycle,807,0.373
org.eclipse.jetty.util.component.ContainerLifeCycle,812,0.373
org.jsoup.helper.HttpConnection,464,0.369
org.jsoup.helper.HttpConnection,499,0.369
org.jsoup.helper.HttpConnection,1096,0.361
org.jsoup.helper.HttpConnection,150,0.313
org.jsoup.helper.HttpConnection,151,0.313
org.jsoup.helper.HttpConnection,576,0.313
org.jsoup.helper.HttpConnection,577,0.313
org.jsoup.helper.HttpConnection,578,0.313
org.jsoup.helper.HttpConnection,532,0.313
org.jsoup.helper.HttpConnection,218,0.313
org.jsoup.helper.HttpConnection,219,0.313
org.jsoup.helper.HttpConnection,220,0.313
org.jsoup.helper.HttpConnection,221,0.313
org.jsoup.helper.HttpConnection,222,0.313
org.jsoup.helper.HttpConnection,223,0.313
org.jsoup.helper.HttpConnection,225,0.313
org.jsoup.helper.HttpConnection,1094,0.295
org.jsoup.helper.HttpConnection,900,0.295
org.jsoup.helper.HttpConnection,1062,0.295
org.jsoup.helper.HttpConnection,1063,0.295
org.jsoup.helper.HttpConnection,1064,0.295
org.jsoup.helper.HttpConnection,1065,0.295
org.jsoup.helper.HttpConnection,1068,0.295
org.jsoup.helper.HttpConnection,1069,0.295
org.jsoup.helper.HttpConnection,1071,0.295
org.jsoup.helper.HttpConnection,1072,0.295
org.jsoup.helper.HttpConnection,216,0.28
org.jsoup.helper.HttpConnection,217,0.28
org.jsoup.helper.HttpConnection,264,0.241
org.jsoup.helper.HttpConnection,265,0.241
org.jsoup.helper.HttpConnection,510,0.209
org.jsoup.helper.HttpConnection,511,0.209
org.jsoup.helper.HttpConnection,512,0.209
org.jsoup.helper.HttpConnection,513,0.209
org.eclipse.jetty.util.ConcurrentHashSet,40,0.209
org.eclipse.jetty.server.handler.AbstractHandlerContainer,65,0.209
org.eclipse.jetty.server.handler.AbstractHandlerContainer,66,0.209
org.eclipse.jetty.server.handler.AbstractHandlerContainer,67,0.209
org.eclipse.jetty.server.handler.AbstractHandlerContainer,68,0.209
org.apache.log4j.AppenderSkeleton,197,0.209
org.apache.log4j.AppenderSkeleton,278,0.209
org.apache.log4j.AppenderSkeleton,279,0.209
org.apache.log4j.AppenderSkeleton,287,0.209
org.apache.log4j.AppenderSkeleton,288,0.209
org.eclipse.jetty.util.MultiException,67,0.209
org.apache.log4j.config.PropertySetter,83,0.209
org.apache.log4j.config.PropertySetter,84,0.209
org.apache.log4j.config.PropertySetter,88,0.209
org.apache.log4j.config.PropertySetter,89,0.209
org.apache.log4j.config.PropertySetter,104,0.209
org.apache.log4j.config.PropertySetter,105,0.209
org.apache.log4j.config.PropertySetter,116,0.209
org.apache.log4j.config.PropertySetter,118,0.209
org.apache.log4j.config.PropertySetter,119,0.209
org.apache.log4j.config.PropertySetter,122,0.209
org.apache.log4j.config.PropertySetter,126,0.209
org.apache.log4j.config.PropertySetter,129,0.209
org.apache.log4j.config.PropertySetter,132,0.209
org.apache.log4j.config.PropertySetter,133,0.209
org.apache.log4j.config.PropertySetter,134,0.209
org.apache.log4j.config.PropertySetter,135,0.209
org.apache.log4j.config.PropertySetter,140,0.209
org.apache.log4j.config.PropertySetter,141,0.209
org.apache.log4j.config.PropertySetter,169,0.209
org.apache.log4j.config.PropertySetter,171,0.209
org.apache.log4j.config.PropertySetter,172,0.209
org.apache.log4j.config.PropertySetter,173,0.209
org.apache.log4j.config.PropertySetter,192,0.209
org.apache.log4j.config.PropertySetter,194,0.209
org.apache.log4j.config.PropertySetter,195,0.209
org.apache.log4j.config.PropertySetter,199,0.209
org.apache.log4j.config.PropertySetter,204,0.209
org.apache.log4j.config.PropertySetter,208,0.209
org.apache.log4j.config.PropertySetter,210,0.209
org.apache.log4j.config.PropertySetter,223,0.209
org.apache.log4j.config.PropertySetter,224,0.209
org.apache.log4j.config.PropertySetter,227,0.209
org.apache.log4j.config.PropertySetter,228,0.209
org.apache.log4j.config.PropertySetter,234,0.209
org.apache.log4j.config.PropertySetter,238,0.209
org.apache.log4j.config.PropertySetter,239,0.209
org.apache.log4j.config.PropertySetter,243,0.209
org.apache.log4j.config.PropertySetter,245,0.209
org.apache.log4j.config.PropertySetter,256,0.209
org.apache.log4j.config.PropertySetter,257,0.209
org.apache.log4j.config.PropertySetter,266,0.209
org.apache.log4j.config.PropertySetter,269,0.209
org.apache.log4j.config.PropertySetter,270,0.209
org.apache.log4j.config.PropertySetter,271,0.209
org.apache.log4j.config.PropertySetter,294,0.209
org.apache.log4j.config.PropertySetter,296,0.209
org.apache.log4j.config.PropertySetter,297,0.209
org.apache.log4j.config.PropertySetter,298,0.209
org.apache.log4j.config.PropertySetter,306,0.209
org.apache.log4j.config.PropertySetter,307,0.209
org.apache.log4j.config.PropertySetter,309,0.209
org.apache.log4j.config.PropertySetter,142,0.209
org.slf4j.helpers.NamedLoggerBase,48,0.209
org.eclipse.jetty.util.StringUtil,328,0.209
org.eclipse.jetty.util.StringUtil,330,0.209
org.eclipse.jetty.util.StringUtil,331,0.209
org.eclipse.jetty.util.StringUtil,333,0.209
org.eclipse.jetty.util.StringUtil,546,0.209
org.apache.log4j.Hierarchy,184,0.209
org.apache.log4j.Hierarchy,185,0.209
org.apache.log4j.Hierarchy,186,0.209
org.apache.log4j.Hierarchy,188,0.209
org.apache.log4j.Hierarchy,192,0.209
org.apache.log4j.Hierarchy,193,0.209
org.apache.log4j.Hierarchy,195,0.209
org.apache.log4j.Hierarchy,200,0.209
org.apache.log4j.Hierarchy,247,0.209
org.apache.log4j.Hierarchy,266,0.209
org.apache.log4j.Hierarchy,272,0.209
org.apache.log4j.Hierarchy,273,0.209
org.apache.log4j.Hierarchy,274,0.209
org.apache.log4j.Hierarchy,275,0.209
org.apache.log4j.Hierarchy,276,0.209
org.apache.log4j.Hierarchy,277,0.209
org.apache.log4j.Hierarchy,278,0.209
org.apache.log4j.Hierarchy,279,0.209
org.apache.log4j.Hierarchy,346,0.209
org.apache.log4j.Hierarchy,504,0.209
org.apache.log4j.Hierarchy,505,0.209
org.apache.log4j.Hierarchy,506,0.209
org.apache.log4j.Hierarchy,511,0.209
org.apache.log4j.Hierarchy,513,0.209
org.apache.log4j.Hierarchy,516,0.209
org.apache.log4j.Hierarchy,517,0.209
org.apache.log4j.Hierarchy,519,0.209
org.apache.log4j.Hierarchy,521,0.209
org.apache.log4j.Hierarchy,522,0.209
org.apache.log4j.Hierarchy,523,0.209
org.apache.log4j.Hierarchy,528,0.209
org.apache.log4j.Hierarchy,529,0.209
org.apache.log4j.Hierarchy,537,0.209
org.apache.log4j.Hierarchy,538,0.209
org.apache.log4j.Hierarchy,539,0.209
org.eclipse.jetty.http.HttpHeaderValue,32,0.209
org.eclipse.jetty.http.HttpHeaderValue,88,0.209
org.apache.log4j.helpers.OptionConverter,104,0.209
org.apache.log4j.helpers.OptionConverter,118,0.209
org.apache.log4j.helpers.OptionConverter,119,0.209
org.apache.log4j.helpers.OptionConverter,124,0.209
org.apache.log4j.helpers.OptionConverter,187,0.209
org.apache.log4j.helpers.OptionConverter,190,0.209
org.apache.log4j.helpers.OptionConverter,192,0.209
org.apache.log4j.helpers.OptionConverter,193,0.209
org.apache.log4j.helpers.OptionConverter,194,0.209
org.apache.log4j.helpers.OptionConverter,198,0.209
org.apache.log4j.helpers.OptionConverter,299,0.209
org.apache.log4j.helpers.OptionConverter,300,0.209
org.apache.log4j.helpers.OptionConverter,301,0.209
org.apache.log4j.helpers.OptionConverter,304,0.209
org.apache.log4j.helpers.OptionConverter,325,0.209
org.apache.log4j.helpers.OptionConverter,327,0.209
org.apache.log4j.helpers.OptionConverter,328,0.209
org.apache.log4j.helpers.OptionConverter,337,0.209
org.apache.log4j.helpers.OptionConverter,392,0.209
org.apache.log4j.helpers.OptionConverter,394,0.209
org.apache.log4j.helpers.OptionConverter,398,0.209
org.apache.log4j.helpers.OptionConverter,399,0.209
org.apache.log4j.helpers.OptionConverter,401,0.209
org.apache.log4j.helpers.OptionConverter,402,0.209
org.apache.log4j.helpers.OptionConverter,506,0.209
org.apache.log4j.helpers.OptionConverter,507,0.209
org.apache.log4j.helpers.OptionConverter,509,0.209
org.apache.log4j.helpers.OptionConverter,513,0.209
org.apache.log4j.helpers.OptionConverter,523,0.209
org.apache.log4j.helpers.OptionConverter,526,0.209
org.apache.log4j.helpers.OptionConverter,527,0.209
org.apache.log4j.helpers.FormattingInfo,36,0.209
org.apache.log4j.helpers.FormattingInfo,37,0.209
org.apache.log4j.helpers.FormattingInfo,38,0.209
org.apache.log4j.helpers.FormattingInfo,39,0.209
org.eclipse.jetty.server.AbstractConnector,200,0.209
org.eclipse.jetty.server.AbstractConnector,246,0.209
org.eclipse.jetty.server.AbstractConnector,252,0.209
org.eclipse.jetty.server.AbstractConnector,253,0.209
org.eclipse.jetty.server.AbstractConnector,256,0.209
org.eclipse.jetty.server.AbstractConnector,258,0.209
org.eclipse.jetty.server.AbstractConnector,259,0.209
org.eclipse.jetty.server.AbstractConnector,261,0.209
org.eclipse.jetty.server.AbstractConnector,262,0.209
org.eclipse.jetty.server.AbstractConnector,263,0.209
org.eclipse.jetty.server.AbstractConnector,266,0.209
org.eclipse.jetty.server.AbstractConnector,267,0.209
org.eclipse.jetty.server.AbstractConnector,339,0.209
org.eclipse.jetty.server.AbstractConnector,341,0.209
org.eclipse.jetty.server.AbstractConnector,359,0.209
org.eclipse.jetty.server.AbstractConnector,361,0.209
org.eclipse.jetty.server.AbstractConnector,362,0.209
org.eclipse.jetty.server.AbstractConnector,364,0.209
org.eclipse.jetty.server.AbstractConnector,365,0.209
org.eclipse.jetty.server.AbstractConnector,366,0.209
org.eclipse.jetty.server.AbstractConnector,367,0.209
org.eclipse.jetty.server.AbstractConnector,368,0.209
org.eclipse.jetty.server.AbstractConnector,369,0.209
org.eclipse.jetty.io.SelectorManager,160,0.209
org.eclipse.jetty.io.SelectorManager,161,0.209
org.eclipse.jetty.io.SelectorManager,252,0.209
org.eclipse.jetty.io.SelectorManager,253,0.209
org.eclipse.jetty.io.SelectorManager,255,0.209
org.eclipse.jetty.io.SelectorManager,256,0.209
org.eclipse.jetty.io.SelectorManager,257,0.209
org.eclipse.jetty.io.SelectorManager,258,0.209
org.eclipse.jetty.io.SelectorManager,260,0.209
org.eclipse.jetty.io.SelectorManager,270,0.209
org.slf4j.impl.Log4jLoggerAdapter,87,0.209
org.slf4j.impl.Log4jLoggerAdapter,88,0.209
org.eclipse.jetty.server.ShutdownMonitor,102,0.209
org.eclipse.jetty.server.ShutdownMonitor,104,0.209
org.eclipse.jetty.server.ShutdownMonitor,287,0.209
org.eclipse.jetty.server.ShutdownMonitor,289,0.209
org.eclipse.jetty.server.ShutdownMonitor,291,0.209
org.eclipse.jetty.util.thread.QueuedThreadPool,103,0.209
org.eclipse.jetty.util.thread.QueuedThreadPool,104,0.209
org.eclipse.jetty.util.thread.QueuedThreadPool,106,0.209
org.eclipse.jetty.util.thread.QueuedThreadPool,107,0.209
org.eclipse.jetty.util.thread.QueuedThreadPool,207,0.209
org.eclipse.jetty.util.thread.QueuedThreadPool,208,0.209
org.eclipse.jetty.util.thread.QueuedThreadPool,220,0.209
org.eclipse.jetty.util.thread.QueuedThreadPool,221,0.209
org.eclipse.jetty.util.thread.QueuedThreadPool,223,0.209
org.eclipse.jetty.util.thread.QueuedThreadPool,235,0.209
org.eclipse.jetty.util.thread.QueuedThreadPool,237,0.209
org.eclipse.jetty.util.thread.QueuedThreadPool,238,0.209
org.eclipse.jetty.util.thread.QueuedThreadPool,240,0.209
org.eclipse.jetty.util.thread.QueuedThreadPool,241,0.209
org.eclipse.jetty.util.thread.QueuedThreadPool,243,0.209
org.eclipse.jetty.util.thread.QueuedThreadPool,289,0.209
org.eclipse.jetty.util.thread.QueuedThreadPool,323,0.209
org.eclipse.jetty.util.thread.QueuedThreadPool,343,0.209
org.eclipse.jetty.util.thread.QueuedThreadPool,359,0.209
org.eclipse.jetty.util.thread.QueuedThreadPool,367,0.209
org.eclipse.jetty.util.thread.QueuedThreadPool,370,0.209
org.eclipse.jetty.util.thread.QueuedThreadPool,395,0.209
org.eclipse.jetty.util.thread.QueuedThreadPool,431,0.209
org.eclipse.jetty.util.thread.QueuedThreadPool,432,0.209
org.eclipse.jetty.util.thread.QueuedThreadPool,435,0.209
org.eclipse.jetty.util.thread.QueuedThreadPool,438,0.209
org.eclipse.jetty.util.thread.QueuedThreadPool,441,0.209
org.eclipse.jetty.util.thread.QueuedThreadPool,442,0.209
org.eclipse.jetty.util.thread.QueuedThreadPool,443,0.209
org.eclipse.jetty.util.thread.QueuedThreadPool,444,0.209
org.eclipse.jetty.util.thread.QueuedThreadPool,445,0.209
org.eclipse.jetty.util.thread.QueuedThreadPool,447,0.209
org.eclipse.jetty.util.thread.QueuedThreadPool,448,0.209
org.eclipse.jetty.util.thread.QueuedThreadPool,449,0.209
org.eclipse.jetty.util.thread.QueuedThreadPool,453,0.209
org.eclipse.jetty.util.thread.QueuedThreadPool,456,0.209
org.eclipse.jetty.util.thread.QueuedThreadPool,462,0.209
org.eclipse.jetty.util.thread.QueuedThreadPool,635,0.209
org.apache.log4j.helpers.PatternParser,85,0.209
org.apache.log4j.helpers.PatternParser,86,0.209
org.apache.log4j.helpers.PatternParser,88,0.209
org.apache.log4j.helpers.PatternParser,89,0.209
org.apache.log4j.helpers.PatternParser,91,0.209
org.apache.log4j.helpers.PatternParser,95,0.209
org.apache.log4j.helpers.PatternParser,96,0.209
org.apache.log4j.helpers.PatternParser,97,0.209
org.apache.log4j.helpers.PatternParser,98,0.209
org.apache.log4j.helpers.PatternParser,99,0.209
org.apache.log4j.helpers.PatternParser,100,0.209
org.apache.log4j.helpers.PatternParser,112,0.209
org.apache.log4j.helpers.PatternParser,113,0.209
org.apache.log4j.helpers.PatternParser,114,0.209
org.apache.log4j.helpers.PatternParser,116,0.209
org.apache.log4j.helpers.PatternParser,117,0.209
org.apache.log4j.helpers.PatternParser,125,0.209
org.apache.log4j.helpers.PatternParser,127,0.209
org.apache.log4j.helpers.PatternParser,133,0.209
org.apache.log4j.helpers.PatternParser,134,0.209
org.apache.log4j.helpers.PatternParser,135,0.209
org.apache.log4j.helpers.PatternParser,136,0.209
org.apache.log4j.helpers.PatternParser,139,0.209
org.apache.log4j.helpers.PatternParser,143,0.209
org.apache.log4j.helpers.PatternParser,145,0.209
org.apache.log4j.helpers.PatternParser,151,0.209
org.apache.log4j.helpers.PatternParser,152,0.209
org.apache.log4j.helpers.PatternParser,153,0.209
org.apache.log4j.helpers.PatternParser,155,0.209
org.apache.log4j.helpers.PatternParser,156,0.209
org.apache.log4j.helpers.PatternParser,161,0.209
org.apache.log4j.helpers.PatternParser,162,0.209
org.apache.log4j.helpers.PatternParser,163,0.209
org.apache.log4j.helpers.PatternParser,164,0.209
org.apache.log4j.helpers.PatternParser,168,0.209
org.apache.log4j.helpers.PatternParser,170,0.209
org.apache.log4j.helpers.PatternParser,172,0.209
org.apache.log4j.helpers.PatternParser,173,0.209
org.apache.log4j.helpers.PatternParser,181,0.209
org.apache.log4j.helpers.PatternParser,186,0.209
org.apache.log4j.helpers.PatternParser,188,0.209
org.apache.log4j.helpers.PatternParser,219,0.209
org.apache.log4j.helpers.PatternParser,222,0.209
org.apache.log4j.helpers.PatternParser,223,0.209
org.apache.log4j.helpers.PatternParser,226,0.209
org.apache.log4j.helpers.PatternParser,231,0.209
org.apache.log4j.helpers.PatternParser,232,0.209
org.apache.log4j.helpers.PatternParser,234,0.209
org.apache.log4j.helpers.PatternParser,238,0.209
org.apache.log4j.helpers.PatternParser,239,0.209
org.apache.log4j.helpers.PatternParser,302,0.209
org.apache.log4j.helpers.PatternParser,305,0.209
org.apache.log4j.helpers.PatternParser,306,0.209
org.apache.log4j.helpers.PatternParser,315,0.209
org.apache.log4j.helpers.PatternParser,318,0.209
org.apache.log4j.helpers.PatternParser,319,0.209
org.apache.log4j.helpers.PatternParser,321,0.209
org.apache.log4j.helpers.PatternParser,325,0.209
org.apache.log4j.helpers.PatternParser,326,0.209
org.apache.log4j.helpers.PatternParser,364,0.209
org.apache.log4j.helpers.PatternParser,365,0.209
org.apache.log4j.helpers.PatternParser,369,0.209
org.apache.log4j.helpers.PatternParser,371,0.209
org.apache.log4j.helpers.PatternParser,373,0.209
org.apache.log4j.helpers.PatternParser,375,0.209
org.apache.log4j.helpers.PatternParser,376,0.209
org.apache.log4j.Category,161,0.209
org.apache.log4j.Category,162,0.209
org.apache.log4j.Category,164,0.209
org.apache.log4j.Category,165,0.209
org.apache.log4j.Category,166,0.209
org.apache.log4j.Category,567,0.209
org.apache.log4j.Category,886,0.209
