org.apache.commons.cli.OptionBuilder,298,0.577
org.apache.commons.cli.Parser,294,0.408
org.apache.commons.cli.Parser,295,0.408
org.apache.commons.cli.Parser,296,0.408
org.apache.commons.cli.Parser,300,0.408
org.apache.commons.cli.HelpFormatter,1021,0.408
org.apache.commons.cli.HelpFormatter,1023,0.408
org.apache.commons.cli.OptionBuilder,111,0.297
org.apache.commons.cli.OptionBuilder,113,0.297
org.apache.commons.cli.Option,524,0.289
org.apache.commons.cli.OptionBuilder,150,0.258
org.apache.commons.cli.OptionBuilder,152,0.258
org.apache.commons.cli.OptionBuilder,225,0.231
org.apache.commons.cli.OptionBuilder,227,0.231
org.apache.commons.cli.Parser,278,0.204
org.apache.commons.cli.Parser,280,0.204
org.apache.commons.cli.Parser,282,0.204
org.apache.commons.cli.Parser,286,0.204
org.apache.commons.cli.Parser,291,0.204
org.apache.commons.cli.Parser,303,0.204
org.apache.commons.cli.Parser,304,0.204
org.apache.commons.cli.Parser,169,0.204
org.apache.commons.cli.HelpFormatter,1005,0.204
org.apache.commons.cli.HelpFormatter,1007,0.204
org.apache.commons.cli.HelpFormatter,1008,0.204
org.apache.commons.cli.HelpFormatter,1015,0.204
org.apache.commons.cli.HelpFormatter,1017,0.204
org.apache.commons.cli.OptionBuilder,99,0.204
org.apache.commons.cli.OptionBuilder,101,0.204
org.apache.commons.cli.Parser,105,0.183
org.apache.commons.cli.Parser,261,0.183
org.apache.commons.cli.Parser,263,0.183
org.apache.commons.cli.Parser,265,0.183
org.apache.commons.cli.Parser,266,0.183
org.apache.commons.cli.Parser,272,0.183
org.apache.commons.cli.Parser,273,0.183
org.apache.commons.cli.Parser,275,0.183
org.apache.commons.cli.Parser,306,0.183
org.apache.commons.cli.Parser,307,0.183
org.apache.commons.cli.OptionBuilder,351,0.178
org.apache.commons.cli.OptionBuilder,357,0.178
org.apache.commons.cli.OptionValidator,50,0.142
org.apache.commons.cli.PosixParser,168,0.118
org.apache.commons.cli.PosixParser,202,0.118
org.apache.commons.cli.PosixParser,208,0.118
org.apache.commons.cli.PosixParser,209,0.118
org.apache.commons.cli.OptionValidator,48,0.116
org.apache.commons.cli.HelpFormatter,987,0.113
org.apache.commons.cli.HelpFormatter,988,0.113
org.apache.commons.cli.HelpFormatter,993,0.113
org.apache.commons.cli.HelpFormatter,994,0.113
org.apache.commons.cli.HelpFormatter,999,0.113
org.apache.commons.cli.HelpFormatter,1001,0.113
org.apache.commons.cli.OptionBuilder,81,0.112
org.apache.commons.cli.OptionBuilder,82,0.112
org.apache.commons.cli.OptionBuilder,83,0.112
org.apache.commons.cli.OptionBuilder,84,0.112
org.apache.commons.cli.OptionBuilder,85,0.112
org.apache.commons.cli.OptionBuilder,86,0.112
org.apache.commons.cli.OptionBuilder,87,0.112
org.apache.commons.cli.OptionBuilder,88,0.112
org.apache.commons.cli.OptionBuilder,89,0.112
org.apache.commons.cli.OptionBuilder,372,0.112
org.apache.commons.cli.OptionBuilder,376,0.112
org.apache.commons.cli.OptionBuilder,379,0.112
org.apache.commons.cli.OptionBuilder,380,0.112
org.apache.commons.cli.OptionBuilder,381,0.112
org.apache.commons.cli.OptionBuilder,382,0.112
org.apache.commons.cli.OptionBuilder,383,0.112
org.apache.commons.cli.OptionBuilder,384,0.112
org.apache.commons.cli.OptionBuilder,385,0.112
org.apache.commons.cli.OptionBuilder,390,0.112
org.apache.commons.cli.OptionBuilder,391,0.112
org.apache.commons.cli.OptionBuilder,394,0.112
org.apache.commons.cli.Option,231,0.112
org.apache.commons.cli.Option,232,0.112
org.apache.commons.cli.Option,251,0.112
org.apache.commons.cli.Option,252,0.112
org.apache.commons.cli.Option,392,0.112
org.apache.commons.cli.Option,393,0.112
org.apache.commons.cli.Option,262,0.111
org.apache.commons.cli.Option,263,0.111
org.apache.commons.cli.Parser,352,0.11
org.apache.commons.cli.Parser,358,0.11
org.apache.commons.cli.Parser,359,0.11
org.apache.commons.cli.Parser,365,0.11
org.apache.commons.cli.PosixParser,148,0.11
org.apache.commons.cli.PosixParser,225,0.11
org.apache.commons.cli.PosixParser,230,0.11
org.apache.commons.cli.PosixParser,232,0.11
org.apache.commons.cli.PosixParser,235,0.11
org.apache.commons.cli.PosixParser,236,0.11
org.apache.commons.cli.Option,381,0.11
org.apache.commons.cli.Option,382,0.11
org.apache.commons.cli.Util,64,0.109
org.apache.commons.cli.Util,65,0.109
org.apache.commons.cli.Util,70,0.109
org.apache.commons.cli.Parser,340,0.108
org.apache.commons.cli.Parser,343,0.108
org.apache.commons.cli.Option,341,0.107
org.apache.commons.cli.Option,342,0.107
org.apache.commons.cli.Option,413,0.107
org.apache.commons.cli.Option,442,0.107
org.apache.commons.cli.Option,446,0.107
org.apache.commons.cli.Option,447,0.107
org.apache.commons.cli.Option,463,0.107
org.apache.commons.cli.Option,492,0.107
org.apache.commons.cli.Option,493,0.107
org.apache.commons.cli.Option,506,0.107
org.apache.commons.cli.Option,512,0.107
org.apache.commons.cli.Option,513,0.107
org.apache.commons.cli.Option,730,0.107
org.apache.commons.cli.Parser,338,0.106
org.apache.commons.cli.Parser,361,0.106
org.apache.commons.cli.Parser,395,0.106
org.apache.commons.cli.PosixParser,146,0.105
org.apache.commons.cli.Option,570,0.105
org.apache.commons.cli.Option,629,0.104
org.apache.commons.cli.PosixParser,144,0.103
org.apache.commons.cli.OptionBuilder,263,0.102
org.apache.commons.cli.OptionBuilder,264,0.102
org.apache.commons.cli.OptionBuilder,266,0.102
org.apache.commons.cli.OptionBuilder,278,0.102
org.apache.commons.cli.OptionBuilder,279,0.102
org.apache.commons.cli.OptionBuilder,281,0.102
org.apache.commons.cli.Option,331,0.101
org.apache.commons.cli.Option,332,0.101
org.apache.commons.cli.OptionBuilder,250,0.099
org.apache.commons.cli.OptionBuilder,251,0.099
org.apache.commons.cli.OptionBuilder,253,0.099
org.apache.commons.cli.PosixParser,108,0.098
org.apache.commons.cli.PosixParser,111,0.098
org.apache.commons.cli.PosixParser,117,0.098
org.apache.commons.cli.PosixParser,171,0.098
org.apache.commons.cli.PosixParser,172,0.098
org.apache.commons.cli.PosixParser,184,0.098
org.apache.commons.cli.PosixParser,191,0.098
org.apache.commons.cli.Util,47,0.096
org.apache.commons.cli.PosixParser,54,0.096
org.apache.commons.cli.PosixParser,55,0.096
org.apache.commons.cli.PosixParser,56,0.096
org.apache.commons.cli.PosixParser,98,0.096
org.apache.commons.cli.PosixParser,99,0.096
org.apache.commons.cli.PosixParser,102,0.096
org.apache.commons.cli.PosixParser,105,0.096
org.apache.commons.cli.PosixParser,174,0.096
org.apache.commons.cli.Options,150,0.096
org.apache.commons.cli.Options,151,0.096
org.apache.commons.cli.Parser,244,0.094
org.apache.commons.cli.Parser,322,0.094
org.apache.commons.cli.Options,197,0.094
org.apache.commons.cli.Options,261,0.093
org.apache.commons.cli.Parser,258,0.092
org.apache.commons.cli.Parser,58,0.092
org.apache.commons.cli.Parser,241,0.092
org.apache.commons.cli.Parser,242,0.092
org.apache.commons.cli.Parser,256,0.092
org.apache.commons.cli.Parser,318,0.092
org.apache.commons.cli.Parser,399,0.092
org.apache.commons.cli.Parser,400,0.092
org.apache.commons.cli.Parser,226,0.091
org.apache.commons.cli.Parser,239,0.091
org.apache.commons.cli.CommandLine,351,0.091
org.apache.commons.cli.CommandLine,352,0.091
org.apache.commons.cli.Util,50,0.091
org.apache.commons.cli.Options,305,0.09
org.apache.commons.cli.Options,307,0.09
org.apache.commons.cli.Parser,203,0.09
org.apache.commons.cli.Parser,210,0.09
org.apache.commons.cli.Parser,378,0.09
org.apache.commons.cli.Parser,381,0.09
org.apache.commons.cli.Parser,387,0.09
org.apache.commons.cli.Parser,390,0.09
org.apache.commons.cli.Parser,393,0.09
org.apache.commons.cli.Parser,88,0.09
org.apache.commons.cli.Parser,179,0.09
org.apache.commons.cli.Parser,182,0.09
org.apache.commons.cli.Parser,188,0.09
org.apache.commons.cli.Parser,201,0.09
org.apache.commons.cli.Parser,411,0.09
org.apache.commons.cli.Parser,418,0.09
org.apache.commons.cli.Parser,429,0.09
org.apache.commons.cli.Option,685,0.089
org.apache.commons.cli.Option,686,0.089
org.apache.commons.cli.Option,687,0.089
org.apache.commons.cli.Options,257,0.089
org.apache.commons.cli.Options,259,0.089
org.apache.commons.cli.Option,241,0.089
org.apache.commons.cli.Options,96,0.088
org.apache.commons.cli.Options,242,0.088
org.apache.commons.cli.Parser,47,0.088
org.apache.commons.cli.Parser,48,0.088
org.apache.commons.cli.Parser,49,0.088
org.apache.commons.cli.Parser,53,0.088
org.apache.commons.cli.Parser,149,0.088
org.apache.commons.cli.Parser,151,0.088
org.apache.commons.cli.Parser,152,0.088
org.apache.commons.cli.Parser,155,0.088
org.apache.commons.cli.Parser,161,0.088
org.apache.commons.cli.Parser,163,0.088
org.apache.commons.cli.Parser,165,0.088
org.apache.commons.cli.Parser,167,0.088
org.apache.commons.cli.Parser,172,0.088
org.apache.commons.cli.Parser,174,0.088
org.apache.commons.cli.Parser,177,0.088
org.apache.commons.cli.Util,41,0.088
org.apache.commons.cli.Util,45,0.088
org.apache.commons.cli.Option,703,0.087
org.apache.commons.cli.Option,704,0.087
org.apache.commons.cli.Util,37,0.087
org.apache.commons.cli.Options,346,0.086
org.apache.commons.cli.CommandLine,205,0.085
org.apache.commons.cli.Option,290,0.082
org.apache.commons.cli.Options,232,0.082
org.apache.commons.cli.OptionBuilder,176,0.082
org.apache.commons.cli.OptionBuilder,178,0.082
org.apache.commons.cli.Options,192,0.08
org.apache.commons.cli.Options,195,0.08
org.apache.commons.cli.Options,201,0.08
org.apache.commons.cli.Options,210,0.08
org.apache.commons.cli.Options,212,0.08
org.apache.commons.cli.Option,180,0.08
org.apache.commons.cli.Option,280,0.08
org.apache.commons.cli.Option,321,0.08
org.apache.commons.cli.Option,649,0.08
org.apache.commons.cli.OptionValidator,62,0.079
org.apache.commons.cli.OptionValidator,56,0.079
org.apache.commons.cli.OptionValidator,58,0.079
org.apache.commons.cli.OptionValidator,86,0.079
org.apache.commons.cli.Option,639,0.079
org.apache.commons.cli.Option,644,0.079
org.apache.commons.cli.Option,647,0.079
org.apache.commons.cli.OptionValidator,54,0.078
org.apache.commons.cli.OptionValidator,76,0.078
org.apache.commons.cli.OptionValidator,97,0.078
org.apache.commons.cli.Options,283,0.071
org.apache.commons.cli.PosixParser,119,0.071
org.apache.commons.cli.PosixParser,120,0.071
org.apache.commons.cli.PosixParser,122,0.071
org.apache.commons.cli.PosixParser,124,0.071
org.apache.commons.cli.PosixParser,128,0.071
org.apache.commons.cli.PosixParser,134,0.071
org.apache.commons.cli.PosixParser,136,0.071
org.apache.commons.cli.PosixParser,137,0.071
org.apache.commons.cli.PosixParser,142,0.071
org.apache.commons.cli.Options,131,0.07
org.apache.commons.cli.Options,132,0.07
org.apache.commons.cli.Parser,345,0.069
org.apache.commons.cli.Parser,346,0.069
org.apache.commons.cli.Util,43,0.066
org.apache.commons.cli.CommandLine,204,0.065
org.apache.commons.cli.Options,276,0.064
org.apache.commons.cli.Options,278,0.064
org.apache.commons.cli.Options,281,0.064
org.apache.commons.cli.OptionBuilder,340,0.064
org.apache.commons.cli.CommandLine,199,0.06
org.apache.commons.cli.CommandLine,196,0.058
org.apache.commons.cli.CommandLine,194,0.054
org.apache.commons.cli.Option,637,0.053
org.apache.commons.cli.CommandLine,67,0.053
org.apache.commons.cli.CommandLine,191,0.053
org.apache.commons.cli.CommandLine,192,0.053
org.apache.commons.cli.Option,635,0.053
org.apache.commons.cli.Option,195,0.045
