org.joda.time.IllegalFieldValueException,314,1
org.joda.time.base.BaseSingleFieldPeriod,89,0.408
org.joda.time.base.BaseSingleFieldPeriod,92,0.408
org.joda.time.base.BaseSingleFieldPeriod,95,0.408
org.joda.time.base.BaseSingleFieldPeriod,96,0.408
org.joda.time.base.BaseSingleFieldPeriod,100,0.408
org.joda.time.base.BaseSingleFieldPeriod,103,0.408
org.joda.time.base.BaseSingleFieldPeriod,104,0.408
org.joda.time.base.BaseSingleFieldPeriod,105,0.408
org.joda.time.Days,135,0.408
org.joda.time.Days,141,0.408
org.joda.time.Days,142,0.408
org.joda.time.Months,155,0.408
org.joda.time.Months,161,0.408
org.joda.time.Months,162,0.408
org.joda.time.format.DateTimeFormatterBuilder,2730,0.354
org.joda.time.Months,230,0.316
org.joda.time.Days,235,0.316
org.joda.time.base.BaseSingleFieldPeriod,216,0.302
org.joda.time.base.BaseSingleFieldPeriod,219,0.302
org.joda.time.base.BaseSingleFieldPeriod,202,0.295
org.joda.time.Months,92,0.289
org.joda.time.DateTimeUtils,377,0.272
org.joda.time.format.DateTimeFormatterBuilder,345,0.267
org.joda.time.format.DateTimeFormatterBuilder,346,0.267
org.joda.time.format.DateTimeFormatterBuilder,347,0.267
org.joda.time.format.DateTimeFormatterBuilder,2794,0.267
org.joda.time.format.DateTimeFormatterBuilder,2795,0.267
org.joda.time.format.DateTimeFormatterBuilder,2796,0.267
org.joda.time.format.DateTimeFormatterBuilder,2797,0.267
org.joda.time.format.DateTimeFormatterBuilder,2798,0.267
org.joda.time.format.DateTimeFormatterBuilder,2799,0.267
org.joda.time.format.DateTimeFormatterBuilder,2800,0.267
org.joda.time.format.DateTimeFormatterBuilder,2801,0.267
org.joda.time.format.DateTimeFormatterBuilder,2802,0.267
org.joda.time.format.DateTimeFormatterBuilder,2805,0.267
org.joda.time.format.DateTimeFormatterBuilder,2806,0.267
org.joda.time.format.DateTimeFormatterBuilder,2807,0.267
org.joda.time.DateTimeUtils,364,0.263
org.joda.time.DateTimeUtils,367,0.263
org.joda.time.DateTimeUtils,368,0.263
org.joda.time.DateTimeUtils,369,0.263
org.joda.time.DateTimeUtils,370,0.263
org.joda.time.DateTimeUtils,371,0.263
org.joda.time.DateTimeUtils,375,0.263
org.joda.time.format.DateTimeFormatterBuilder,360,0.25
org.joda.time.chrono.BasicMonthOfYearDateTimeField,260,0.236
org.joda.time.chrono.BasicMonthOfYearDateTimeField,261,0.236
org.joda.time.chrono.BasicMonthOfYearDateTimeField,262,0.236
org.joda.time.format.DateTimeFormatterBuilder,2810,0.224
org.joda.time.chrono.BasicMonthOfYearDateTimeField,93,0.213
org.joda.time.MonthDay,334,0.213
org.joda.time.MonthDay,335,0.213
org.joda.time.format.DateTimeFormatterBuilder,357,0.213
org.joda.time.format.DateTimeFormat,555,0.213
org.joda.time.format.DateTimeFormat,557,0.213
org.joda.time.format.DateTimeFormatterBuilder,408,0.196
org.joda.time.format.DateTimeFormatterBuilder,411,0.196
org.joda.time.format.DateTimeFormatterBuilder,417,0.196
org.joda.time.format.DateTimeFormatterBuilder,1270,0.196
org.joda.time.format.DateTimeFormatterBuilder,1271,0.196
org.joda.time.format.DateTimeFormatterBuilder,1272,0.196
org.joda.time.Months,249,0.177
org.joda.time.format.DateTimeFormatterBuilder,1299,0.177
org.joda.time.chrono.BasicDayOfMonthDateTimeField,89,0.174
org.joda.time.chrono.BasicGJChronology,129,0.174
org.joda.time.format.DateTimeFormatterBuilder,1275,0.171
org.joda.time.field.FieldUtils,218,0.163
org.joda.time.field.FieldUtils,219,0.163
org.joda.time.field.FieldUtils,220,0.163
org.joda.time.chrono.BaseChronology,239,0.163
org.joda.time.chrono.BaseChronology,240,0.163
org.joda.time.chrono.BaseChronology,242,0.163
org.joda.time.format.DateTimeFormatterBuilder,2623,0.162
org.joda.time.format.DateTimeFormatterBuilder,2624,0.162
org.joda.time.Days,343,0.158
org.joda.time.MonthDay,352,0.158
org.joda.time.MonthDay,353,0.158
org.joda.time.MonthDay,410,0.155
org.joda.time.MonthDay,412,0.155
org.joda.time.MonthDay,408,0.154
org.joda.time.Months,90,0.147
org.joda.time.IllegalFieldValueException,53,0.145
org.joda.time.IllegalFieldValueException,54,0.145
org.joda.time.IllegalFieldValueException,55,0.145
org.joda.time.IllegalFieldValueException,56,0.145
org.joda.time.IllegalFieldValueException,57,0.145
org.joda.time.chrono.BaseChronology,258,0.145
org.joda.time.chrono.BaseChronology,259,0.145
org.joda.time.chrono.BaseChronology,260,0.145
org.joda.time.chrono.BaseChronology,261,0.145
org.joda.time.chrono.BaseChronology,262,0.145
org.joda.time.Days,102,0.141
org.joda.time.Days,216,0.141
org.joda.time.Days,217,0.141
org.joda.time.chrono.BaseChronology,255,0.139
org.joda.time.chrono.BaseChronology,256,0.139
org.joda.time.chrono.BaseChronology,257,0.139
org.joda.time.chrono.BaseChronology,265,0.139
org.joda.time.MonthDay,426,0.139
org.joda.time.MonthDay,395,0.135
org.joda.time.IllegalFieldValueException,50,0.134
org.joda.time.IllegalFieldValueException,108,0.132
org.joda.time.IllegalFieldValueException,109,0.132
org.joda.time.IllegalFieldValueException,110,0.132
org.joda.time.IllegalFieldValueException,111,0.132
org.joda.time.IllegalFieldValueException,112,0.132
org.joda.time.IllegalFieldValueException,113,0.132
org.joda.time.IllegalFieldValueException,114,0.132
org.joda.time.IllegalFieldValueException,115,0.132
org.joda.time.IllegalFieldValueException,116,0.132
org.joda.time.IllegalFieldValueException,117,0.132
org.joda.time.chrono.BasicChronology,575,0.129
org.joda.time.chrono.BasicChronology,576,0.129
org.joda.time.chrono.BasicChronology,577,0.129
org.joda.time.IllegalFieldValueException,41,0.125
org.joda.time.IllegalFieldValueException,42,0.125
org.joda.time.IllegalFieldValueException,44,0.125
org.joda.time.IllegalFieldValueException,59,0.125
org.joda.time.IllegalFieldValueException,63,0.125
org.joda.time.field.BaseDurationField,55,0.122
org.joda.time.format.DateTimeFormat,486,0.121
org.joda.time.format.DateTimeFormat,488,0.121
org.joda.time.Days,80,0.115
org.joda.time.format.DateTimeFormat,490,0.115
org.joda.time.format.DateTimeFormat,491,0.115
org.joda.time.chrono.BasicDayOfMonthDateTimeField,82,0.114
org.joda.time.chrono.BasicDayOfMonthDateTimeField,83,0.114
org.joda.time.chrono.BasicDayOfMonthDateTimeField,84,0.114
org.joda.time.chrono.BasicDayOfMonthDateTimeField,79,0.111
org.joda.time.chrono.BasicDayOfMonthDateTimeField,80,0.111
org.joda.time.chrono.BasicDayOfMonthDateTimeField,81,0.111
org.joda.time.format.DateTimeFormat,479,0.107
org.joda.time.format.DateTimeFormat,551,0.103
org.joda.time.format.DateTimeFormat,613,0.102
org.joda.time.format.DateTimeFormat,614,0.102
org.joda.time.chrono.BasicChronology,565,0.101
org.joda.time.format.DateTimeFormat,549,0.101
org.joda.time.format.DateTimeFormat,550,0.101
org.joda.time.format.DateTimeFormat,596,0.101
org.joda.time.format.DateTimeFormat,598,0.101
org.joda.time.format.DateTimeFormat,600,0.101
org.joda.time.format.DateTimeFormat,601,0.101
org.joda.time.format.DateTimeFormat,603,0.101
org.joda.time.format.DateTimeFormat,611,0.101
org.joda.time.format.DateTimeFormat,616,0.101
org.joda.time.format.DateTimeFormatterBuilder,817,0.101
org.joda.time.base.BaseSingleFieldPeriod,167,0.1
org.joda.time.format.ISODateTimeFormat,595,0.095
org.joda.time.format.ISODateTimeFormat,598,0.095
org.joda.time.format.DateTimeFormat,588,0.094
org.joda.time.format.DateTimeFormat,589,0.094
org.joda.time.format.DateTimeFormat,593,0.094
org.joda.time.chrono.BasicDayOfMonthDateTimeField,59,0.093
org.joda.time.format.DateTimeFormat,586,0.092
org.joda.time.format.DateTimeFormat,587,0.092
org.joda.time.chrono.BasicDayOfMonthDateTimeField,51,0.092
org.joda.time.format.DateTimeFormatterBuilder,775,0.091
org.joda.time.format.DateTimeFormat,682,0.087
org.joda.time.format.DateTimeFormat,683,0.087
org.joda.time.format.DateTimeFormat,685,0.087
org.joda.time.format.DateTimeFormat,681,0.086
org.joda.time.field.FieldUtils,188,0.083
org.joda.time.chrono.BasicMonthOfYearDateTimeField,339,0.083
org.joda.time.DateTimeFieldType,378,0.082
org.joda.time.chrono.BasicMonthOfYearDateTimeField,344,0.082
org.joda.time.field.FieldUtils,187,0.082
org.joda.time.field.ImpreciseDateTimeField,137,0.082
org.joda.time.format.DateTimeFormat,563,0.08
org.joda.time.format.DateTimeFormat,583,0.08
org.joda.time.format.DateTimeFormat,585,0.08
org.joda.time.format.DateTimeFormat,400,0.08
org.joda.time.format.DateTimeFormat,401,0.08
org.joda.time.format.DateTimeFormat,403,0.08
org.joda.time.format.DateTimeFormat,404,0.08
org.joda.time.format.DateTimeFormat,405,0.08
org.joda.time.format.DateTimeFormat,406,0.08
org.joda.time.format.DateTimeFormat,408,0.08
org.joda.time.format.DateTimeFormat,409,0.08
org.joda.time.format.DateTimeFormat,412,0.08
org.joda.time.format.DateTimeFormat,414,0.08
org.joda.time.format.DateTimeFormat,574,0.08
org.joda.time.format.DateTimeFormat,576,0.08
org.joda.time.format.DateTimeFormat,577,0.08
org.joda.time.format.DateTimeFormat,579,0.08
org.joda.time.format.DateTimeFormat,580,0.08
org.joda.time.format.DateTimeFormat,621,0.08
org.joda.time.format.DateTimeFormat,622,0.08
org.joda.time.chrono.BasicMonthOfYearDateTimeField,243,0.079
org.joda.time.chrono.BasicMonthOfYearDateTimeField,247,0.079
org.joda.time.chrono.BasicMonthOfYearDateTimeField,248,0.079
org.joda.time.chrono.BasicMonthOfYearDateTimeField,249,0.079
org.joda.time.chrono.BasicMonthOfYearDateTimeField,250,0.079
org.joda.time.chrono.BasicMonthOfYearDateTimeField,252,0.079
org.joda.time.chrono.BasicMonthOfYearDateTimeField,256,0.079
org.joda.time.chrono.BasicMonthOfYearDateTimeField,257,0.079
org.joda.time.chrono.BasicMonthOfYearDateTimeField,258,0.079
org.joda.time.chrono.BasicMonthOfYearDateTimeField,271,0.079
org.joda.time.chrono.BasicMonthOfYearDateTimeField,272,0.079
org.joda.time.chrono.BasicMonthOfYearDateTimeField,273,0.079
org.joda.time.chrono.BasicMonthOfYearDateTimeField,274,0.079
org.joda.time.chrono.BasicMonthOfYearDateTimeField,276,0.079
org.joda.time.chrono.BasicMonthOfYearDateTimeField,280,0.079
org.joda.time.field.ImpreciseDateTimeField,190,0.076
org.joda.time.field.ImpreciseDateTimeField,191,0.076
org.joda.time.base.BasePartial,183,0.074
org.joda.time.base.BasePartial,184,0.074
org.joda.time.base.BasePartial,185,0.074
org.joda.time.base.BasePartial,180,0.073
org.joda.time.base.BasePartial,181,0.073
org.joda.time.base.BasePartial,182,0.073
org.joda.time.field.ImpreciseDateTimeField,91,0.073
org.joda.time.base.BasePartial,225,0.068
org.joda.time.format.DateTimeFormatter,173,0.066
org.joda.time.field.BaseDateTimeField,58,0.066
org.joda.time.field.ImpreciseDateTimeField,182,0.065
org.joda.time.format.DateTimeFormatterBuilder,383,0.063
org.joda.time.format.DateTimeFormatterBuilder,384,0.063
org.joda.time.format.DateTimeFormatterBuilder,385,0.063
org.joda.time.format.DateTimeFormatterBuilder,386,0.063
org.joda.time.base.BasePartial,249,0.063
org.joda.time.format.DateTimeFormatterBuilder,446,0.062
org.joda.time.chrono.BaseChronology,213,0.062
org.joda.time.chrono.BaseChronology,199,0.062
org.joda.time.chrono.BaseChronology,200,0.062
org.joda.time.chrono.BaseChronology,201,0.062
org.joda.time.chrono.BaseChronology,202,0.062
org.joda.time.chrono.BaseChronology,207,0.062
org.joda.time.chrono.BaseChronology,192,0.062
org.joda.time.chrono.BaseChronology,183,0.062
org.joda.time.chrono.BaseChronology,184,0.062
org.joda.time.chrono.BaseChronology,185,0.062
org.joda.time.chrono.BaseChronology,186,0.062
org.joda.time.chrono.BaseChronology,187,0.062
org.joda.time.field.BaseDateTimeField,818,0.061
org.joda.time.field.BaseDateTimeField,804,0.061
org.joda.time.field.BaseDateTimeField,772,0.061
org.joda.time.field.BaseDateTimeField,758,0.061
org.joda.time.format.DateTimeFormatterBuilder,1463,0.06
org.joda.time.format.DateTimeFormatterBuilder,1464,0.06
org.joda.time.format.DateTimeFormatterBuilder,1465,0.06
org.joda.time.base.AbstractPartial,105,0.059
org.joda.time.format.DateTimeFormatterBuilder,434,0.058
org.joda.time.format.DateTimeFormatterBuilder,437,0.058
org.joda.time.format.DateTimeFormatterBuilder,440,0.058
org.joda.time.format.DateTimeFormatterBuilder,443,0.058
org.joda.time.chrono.AssembledChronology,256,0.057
org.joda.time.format.DateTimeFormat,170,0.057
org.joda.time.format.DateTimeFormat,687,0.057
org.joda.time.format.DateTimeFormat,688,0.057
org.joda.time.format.DateTimeFormat,674,0.057
org.joda.time.format.DateTimeFormat,677,0.057
org.joda.time.format.DateTimeFormat,678,0.057
org.joda.time.format.DateTimeFormat,679,0.057
org.joda.time.format.DateTimeFormat,680,0.057
org.joda.time.format.DateTimeFormatterBuilder,1319,0.056
org.joda.time.format.DateTimeFormatterBuilder,1320,0.056
org.joda.time.format.DateTimeFormatterBuilder,1321,0.056
org.joda.time.format.DateTimeFormatterBuilder,1322,0.056
org.joda.time.format.DateTimeFormatterBuilder,1323,0.056
org.joda.time.base.BaseSingleFieldPeriod,156,0.053
org.joda.time.base.BaseSingleFieldPeriod,157,0.053
org.joda.time.base.BaseSingleFieldPeriod,158,0.053
org.joda.time.DateTimeFieldType,498,0.053
org.joda.time.DurationFieldType,282,0.052
org.joda.time.DurationFieldType,284,0.052
org.joda.time.DateTimeFieldType,496,0.051
org.joda.time.field.BaseDurationField,141,0.05
org.joda.time.field.PreciseDurationField,114,0.05
org.joda.time.field.PreciseDurationField,115,0.05
org.joda.time.chrono.BasicGJChronology,134,0.049
org.joda.time.chrono.BasicDayOfMonthDateTimeField,96,0.049
org.joda.time.format.DateTimeFormatterBuilder,397,0.048
org.joda.time.format.DateTimeFormatterBuilder,1207,0.048
org.joda.time.format.DateTimeFormatterBuilder,1208,0.048
org.joda.time.format.DateTimeFormatterBuilder,1209,0.048
org.joda.time.chrono.BasicMonthOfYearDateTimeField,298,0.048
org.joda.time.chrono.BasicMonthOfYearDateTimeField,300,0.048
org.joda.time.chrono.BasicMonthOfYearDateTimeField,302,0.048
org.joda.time.chrono.BasicMonthOfYearDateTimeField,303,0.048
org.joda.time.chrono.BasicMonthOfYearDateTimeField,304,0.048
org.joda.time.chrono.BasicMonthOfYearDateTimeField,309,0.048
org.joda.time.chrono.BasicMonthOfYearDateTimeField,310,0.048
org.joda.time.chrono.BasicChronology,458,0.048
org.joda.time.chrono.BasicChronology,459,0.048
org.joda.time.field.PreciseDurationDateTimeField,78,0.048
org.joda.time.field.PreciseDurationDateTimeField,79,0.048
org.joda.time.field.PreciseDurationDateTimeField,80,0.048
org.joda.time.field.PreciseDurationDateTimeField,141,0.048
org.joda.time.format.DateTimeFormatterBuilder,1212,0.047
org.joda.time.format.DateTimeFormatterBuilder,2765,0.047
org.joda.time.format.DateTimeFormatterBuilder,2772,0.047
org.joda.time.format.DateTimeFormatterBuilder,1236,0.047
org.joda.time.format.DateTimeFormatterBuilder,1326,0.047
org.joda.time.format.DateTimeFormatterBuilder,1468,0.047
org.joda.time.format.DateTimeFormatterBuilder,2626,0.047
org.joda.time.format.DateTimeFormatterBuilder,2627,0.047
org.joda.time.format.DateTimeFormatterBuilder,2628,0.047
org.joda.time.format.DateTimeFormatterBuilder,2629,0.047
org.joda.time.format.DateTimeFormatterBuilder,2630,0.047
org.joda.time.format.DateTimeFormatterBuilder,2631,0.047
org.joda.time.format.DateTimeFormatterBuilder,2632,0.047
org.joda.time.format.DateTimeFormatterBuilder,2634,0.047
org.joda.time.field.FieldUtils,100,0.047
org.joda.time.field.FieldUtils,102,0.047
org.joda.time.field.FieldUtils,106,0.047
org.joda.time.chrono.BasicChronology,552,0.046
org.joda.time.format.DateTimeFormatterBuilder,2641,0.046
org.joda.time.format.DateTimeFormatterBuilder,2642,0.046
org.joda.time.format.DateTimeFormatterBuilder,2643,0.046
org.joda.time.format.DateTimeFormatterBuilder,2644,0.046
org.joda.time.format.DateTimeFormatterBuilder,2645,0.046
org.joda.time.format.DateTimeFormatterBuilder,2646,0.046
org.joda.time.format.DateTimeFormatterBuilder,2647,0.046
org.joda.time.format.DateTimeFormatterBuilder,2649,0.046
org.joda.time.format.DateTimeFormatterBuilder,2761,0.046
org.joda.time.format.DateTimeFormatterBuilder,2762,0.046
org.joda.time.format.DateTimeFormatterBuilder,2768,0.046
org.joda.time.format.DateTimeFormatterBuilder,2769,0.046
org.joda.time.chrono.BasicChronology,551,0.046
org.joda.time.format.DateTimeFormatterBuilder,1167,0.046
org.joda.time.format.DateTimeFormatterBuilder,1177,0.046
org.joda.time.format.DateTimeFormatterBuilder,2747,0.046
org.joda.time.format.DateTimeFormatterBuilder,2751,0.046
org.joda.time.format.DateTimeFormatterBuilder,1155,0.046
org.joda.time.format.DateTimeFormatterBuilder,2615,0.046
org.joda.time.format.DateTimeFormatterBuilder,2617,0.046
org.joda.time.format.DateTimeFormatterBuilder,2618,0.046
org.joda.time.format.DateTimeFormatterBuilder,2620,0.046
org.joda.time.format.DateTimeFormatterBuilder,2622,0.046
org.joda.time.format.DateTimeFormatterBuilder,2637,0.046
org.joda.time.format.DateTimeFormatterBuilder,2651,0.046
org.joda.time.format.DateTimeFormatterBuilder,2759,0.046
org.joda.time.format.DateTimeFormatterBuilder,2760,0.046
org.joda.time.format.DateTimeFormatterBuilder,2775,0.046
org.joda.time.format.DateTimeFormatterBuilder,374,0.045
org.joda.time.format.DateTimeFormatterBuilder,376,0.045
org.joda.time.format.DateTimeFormatterBuilder,377,0.045
org.joda.time.format.DateTimeFormatterBuilder,378,0.045
org.joda.time.chrono.BasicDayOfMonthDateTimeField,55,0.044
org.joda.time.format.DateTimeFormatterBuilder,108,0.044
org.joda.time.format.DateTimeFormatterBuilder,112,0.043
org.joda.time.format.DateTimeFormatterBuilder,105,0.043
org.joda.time.format.DateTimeFormatterBuilder,106,0.043
org.joda.time.format.DateTimeFormatterBuilder,107,0.043
org.joda.time.format.DateTimeFormatter,109,0.043
org.joda.time.format.DateTimeFormatter,110,0.043
org.joda.time.format.DateTimeFormatterBuilder,110,0.043
org.joda.time.format.DateTimeFormatter,111,0.043
org.joda.time.format.DateTimeFormatterBuilder,111,0.043
org.joda.time.format.DateTimeFormatter,112,0.043
org.joda.time.format.DateTimeFormatter,113,0.043
org.joda.time.format.DateTimeFormatter,114,0.043
org.joda.time.format.DateTimeFormatterBuilder,114,0.043
org.joda.time.format.DateTimeFormatter,115,0.043
org.joda.time.format.DateTimeFormatterBuilder,115,0.043
org.joda.time.format.DateTimeFormatter,116,0.043
org.joda.time.format.DateTimeFormatter,117,0.043
org.joda.time.format.DateTimeFormatter,118,0.043
org.joda.time.format.DateTimeFormatterBuilder,1165,0.043
org.joda.time.format.DateTimeFormatterBuilder,1166,0.043
org.joda.time.format.DateTimeFormatterBuilder,1175,0.043
org.joda.time.format.DateTimeFormatterBuilder,1176,0.043
org.joda.time.format.DateTimeFormatterBuilder,1138,0.042
org.joda.time.format.DateTimeFormatterBuilder,1140,0.042
org.joda.time.format.DateTimeFormatterBuilder,1141,0.042
org.joda.time.format.DateTimeFormatterBuilder,1154,0.042
org.joda.time.format.DateTimeFormatterBuilder,1158,0.042
org.joda.time.format.DateTimeFormatterBuilder,1161,0.042
org.joda.time.format.DateTimeFormatterBuilder,84,0.042
org.joda.time.format.DateTimeFormatterBuilder,85,0.042
org.joda.time.format.DateTimeFormatterBuilder,86,0.042
org.joda.time.DateTimeUtils,283,0.042
org.joda.time.chrono.BasicChronology,371,0.042
org.joda.time.chrono.BasicChronology,372,0.042
org.joda.time.chrono.BasicChronology,373,0.042
org.joda.time.chrono.BasicGJChronology,123,0.042
org.joda.time.DateTimeFieldType,480,0.041
org.joda.time.DateTimeFieldType,482,0.041
org.joda.time.chrono.BasicChronology,448,0.04
org.joda.time.chrono.BasicChronology,449,0.04
org.joda.time.chrono.BasicChronology,450,0.04
org.joda.time.base.AbstractPartial,54,0.04
org.joda.time.base.AbstractPartial,55,0.04
org.joda.time.chrono.BasicGJChronology,142,0.04
org.joda.time.chrono.BasicDayOfMonthDateTimeField,47,0.039
org.joda.time.field.FieldUtils,222,0.039
org.joda.time.field.FieldUtils,217,0.039
org.joda.time.chrono.BasicChronology,468,0.039
org.joda.time.chrono.BasicChronology,469,0.039
org.joda.time.chrono.BasicChronology,470,0.039
org.joda.time.chrono.BasicGJChronology,88,0.039
org.joda.time.chrono.BasicGJChronology,93,0.039
org.joda.time.chrono.BasicGJChronology,94,0.039
org.joda.time.chrono.BasicChronology,385,0.039
org.joda.time.chrono.BasicChronology,386,0.039
org.joda.time.chrono.BasicChronology,387,0.039
org.joda.time.chrono.BasicGJChronology,120,0.039
org.joda.time.chrono.GregorianChronology,233,0.038
org.joda.time.chrono.GregorianChronology,241,0.038
org.joda.time.chrono.BasicChronology,411,0.038
org.joda.time.chrono.BasicChronology,399,0.038
org.joda.time.chrono.BasicChronology,400,0.038
org.joda.time.chrono.BasicChronology,401,0.038
org.joda.time.chrono.BasicChronology,404,0.038
org.joda.time.chrono.BasicChronology,406,0.038
org.joda.time.chrono.BasicChronology,407,0.038
org.joda.time.chrono.BasicChronology,409,0.038
org.joda.time.chrono.BasicChronology,428,0.038
org.joda.time.chrono.BasicGJChronology,139,0.037
org.joda.time.DateTimeFieldType,318,0.037
org.joda.time.DateTimeFieldType,327,0.037
org.joda.time.chrono.ISOChronology,133,0.036
org.joda.time.chrono.BasicChronology,360,0.036
org.joda.time.chrono.BasicChronology,738,0.036
org.joda.time.chrono.BasicChronology,739,0.036
org.joda.time.chrono.BasicChronology,743,0.036
org.joda.time.chrono.GregorianChronology,197,0.036
org.joda.time.chrono.AssembledChronology,228,0.035
org.joda.time.chrono.AssembledChronology,260,0.035
org.joda.time.chrono.ISOChronology,86,0.033
org.joda.time.DurationFieldType,294,0.032
org.joda.time.DurationFieldType,298,0.031
org.joda.time.chrono.ISOChronology,102,0.03
org.joda.time.chrono.ZonedChronology,85,0.03
org.joda.time.chrono.AssembledChronology,315,0.03
org.joda.time.chrono.ISOChronology,96,0.03
org.joda.time.chrono.ISOChronology,99,0.03
org.joda.time.chrono.ISOChronology,100,0.03
org.joda.time.chrono.ISOChronology,101,0.03
org.joda.time.chrono.AssembledChronology,107,0.029
org.joda.time.chrono.AssembledChronology,108,0.029
org.joda.time.DateTimeUtils,285,0.028
org.joda.time.DurationFieldType,178,0.028
org.joda.time.chrono.AssembledChronology,220,0.028
org.joda.time.chrono.BasicMonthOfYearDateTimeField,92,0.028
org.joda.time.DurationFieldType,151,0.027
org.joda.time.DateTimeUtils,282,0.026
org.joda.time.field.PreciseDurationField,104,0.025
org.joda.time.field.PreciseDurationField,105,0.025
org.joda.time.DateTimeZone,133,0.025
org.joda.time.DateTimeZone,134,0.025
org.joda.time.DateTimeZone,161,0.025
org.joda.time.field.FieldUtils,82,0.023
org.joda.time.field.FieldUtils,84,0.023
org.joda.time.field.FieldUtils,88,0.023
org.joda.time.DateTimeFieldType,273,0.019
