com.google.gson.internal.ConstructorConstructor,176,0.5
com.google.gson.internal.ConstructorConstructor,176,0.5
com.google.gson.internal.ConstructorConstructor,178,0.5
com.google.gson.stream.JsonReader,1190,0.5
com.google.gson.stream.JsonReader,1192,0.5
com.google.gson.stream.JsonReader,1193,0.5
com.google.gson.stream.JsonReader,1194,0.5
com.google.gson.stream.JsonReader,1195,0.5
com.google.gson.stream.JsonReader,1189,0.365
com.google.gson.stream.JsonReader,1611,0.343
com.google.gson.stream.JsonReader,1186,0.302
com.google.gson.internal.bind.MapTypeAdapterFactory,193,0.267
com.google.gson.internal.bind.MapTypeAdapterFactory,186,0.263
com.google.gson.internal.bind.MapTypeAdapterFactory,187,0.263
com.google.gson.internal.bind.MapTypeAdapterFactory,188,0.263
com.google.gson.internal.bind.MapTypeAdapterFactory,189,0.263
com.google.gson.internal.bind.MapTypeAdapterFactory,192,0.263
com.google.gson.stream.JsonReader,1606,0.263
com.google.gson.stream.JsonReader,1607,0.263
com.google.gson.stream.JsonReader,1610,0.263
com.google.gson.stream.JsonReader,1621,0.263
com.google.gson.internal.bind.MapTypeAdapterFactory,185,0.258
com.google.gson.internal.bind.MapTypeAdapterFactory,195,0.258
com.google.gson.stream.JsonReader,1602,0.258
com.google.gson.internal.bind.MapTypeAdapterFactory,183,0.254
com.google.gson.internal.bind.MapTypeAdapterFactory,184,0.254
com.google.gson.internal.bind.MapTypeAdapterFactory,167,0.243
com.google.gson.internal.bind.MapTypeAdapterFactory,169,0.243
com.google.gson.internal.bind.MapTypeAdapterFactory,161,0.239
com.google.gson.internal.bind.MapTypeAdapterFactory,162,0.239
com.google.gson.internal.ConstructorConstructor,185,0.224
com.google.gson.internal.ConstructorConstructor,183,0.196
com.google.gson.internal.ConstructorConstructor,183,0.196
com.google.gson.internal.ConstructorConstructor,175,0.192
com.google.gson.internal.,315,0.17
com.google.gson.internal.,317,0.17
com.google.gson.internal.,318,0.17
com.google.gson.internal.,319,0.17
com.google.gson.internal.bind.MapTypeAdapterFactory,123,0.167
com.google.gson.internal.bind.MapTypeAdapterFactory,124,0.167
com.google.gson.internal.bind.MapTypeAdapterFactory,125,0.167
com.google.gson.internal.bind.MapTypeAdapterFactory,126,0.167
com.google.gson.internal.bind.MapTypeAdapterFactory,127,0.167
com.google.gson.internal.bind.MapTypeAdapterFactory,131,0.167
com.google.gson.internal.bind.MapTypeAdapterFactory,133,0.167
com.google.gson.internal.bind.MapTypeAdapterFactory,140,0.167
com.google.gson.internal.bind.MapTypeAdapterFactory,152,0.167
com.google.gson.internal.bind.MapTypeAdapterFactory,153,0.167
com.google.gson.internal.bind.MapTypeAdapterFactory,155,0.167
com.google.gson.internal.bind.MapTypeAdapterFactory,157,0.167
com.google.gson.internal.bind.MapTypeAdapterFactory,158,0.167
com.google.gson.internal.,311,0.167
com.google.gson.internal.bind.TypeAdapters,240,0.156
com.google.gson.internal.,360,0.155
com.google.gson.internal.,361,0.155
com.google.gson.internal.,362,0.155
com.google.gson.internal.,364,0.155
com.google.gson.internal.,58,0.149
com.google.gson.internal.,234,0.149
com.google.gson.internal.,235,0.149
com.google.gson.internal.,236,0.149
com.google.gson.internal.,237,0.149
com.google.gson.internal.,238,0.149
com.google.gson.internal.bind.TypeAdapters,235,0.148
com.google.gson.internal.,406,0.144
com.google.gson.internal.,407,0.144
com.google.gson.internal.,414,0.144
com.google.gson.internal.,415,0.144
com.google.gson.internal.,416,0.144
com.google.gson.internal.bind.TypeAdapterRuntimeTypeWrapper,40,0.141
com.google.gson.stream.JsonReader,1169,0.141
com.google.gson.stream.JsonReader,1170,0.141
com.google.gson.stream.JsonReader,1175,0.141
com.google.gson.internal.,328,0.138
com.google.gson.internal.,329,0.138
com.google.gson.internal.,330,0.138
com.google.gson.internal.,397,0.138
com.google.gson.internal.,400,0.138
com.google.gson.internal.,404,0.138
com.google.gson.internal.,405,0.138
com.google.gson.internal.,427,0.138
com.google.gson.internal.,428,0.138
com.google.gson.reflect.TypeToken,61,0.131
com.google.gson.reflect.TypeToken,62,0.131
com.google.gson.reflect.TypeToken,63,0.131
com.google.gson.reflect.TypeToken,64,0.131
com.google.gson.reflect.TypeToken,65,0.131
com.google.gson.reflect.TypeToken,82,0.131
com.google.gson.reflect.TypeToken,83,0.131
com.google.gson.reflect.TypeToken,86,0.131
com.google.gson.reflect.TypeToken,87,0.131
com.google.gson.internal.bind.TypeAdapters,356,0.129
com.google.gson.internal.bind.TypeAdapters,359,0.129
com.google.gson.internal.bind.TypeAdapters,350,0.127
com.google.gson.internal.bind.TypeAdapters,351,0.127
com.google.gson.stream.JsonReader,501,0.125
com.google.gson.internal.ConstructorConstructor,86,0.125
com.google.gson.internal.ConstructorConstructor,174,0.124
com.google.gson.stream.JsonReader,827,0.122
com.google.gson.stream.JsonReader,577,0.118
com.google.gson.stream.JsonReader,574,0.118
com.google.gson.internal.,470,0.117
com.google.gson.internal.,101,0.114
com.google.gson.internal.,102,0.114
com.google.gson.internal.,125,0.114
com.google.gson.internal.,130,0.114
com.google.gson.internal.,131,0.114
com.google.gson.internal.,132,0.114
com.google.gson.internal.,216,0.114
com.google.gson.internal.,466,0.114
com.google.gson.internal.,479,0.114
com.google.gson.internal.,239,0.113
com.google.gson.internal.,240,0.113
com.google.gson.internal.,270,0.113
com.google.gson.internal.,271,0.113
com.google.gson.internal.,351,0.112
com.google.gson.internal.,352,0.112
com.google.gson.internal.,353,0.112
com.google.gson.internal.,354,0.112
com.google.gson.internal.,356,0.112
com.google.gson.internal.,357,0.112
com.google.gson.internal.,358,0.112
com.google.gson.internal.,359,0.112
com.google.gson.internal.,368,0.112
com.google.gson.internal.,230,0.109
com.google.gson.internal.,229,0.109
com.google.gson.stream.JsonReader,489,0.108
com.google.gson.internal.,462,0.108
com.google.gson.internal.,434,0.107
com.google.gson.internal.,435,0.107
com.google.gson.internal.,442,0.107
com.google.gson.internal.,444,0.107
com.google.gson.internal.,445,0.107
com.google.gson.internal.,446,0.107
com.google.gson.internal.,448,0.107
com.google.gson.internal.,451,0.107
com.google.gson.internal.,452,0.107
com.google.gson.internal.,453,0.107
com.google.gson.internal.,454,0.107
com.google.gson.internal.,455,0.107
com.google.gson.internal.,456,0.107
com.google.gson.internal.,457,0.107
com.google.gson.internal.,459,0.107
com.google.gson.stream.JsonReader,397,0.107
com.google.gson.stream.JsonReader,398,0.107
com.google.gson.stream.JsonReader,401,0.107
com.google.gson.stream.JsonReader,402,0.107
com.google.gson.stream.JsonReader,403,0.107
com.google.gson.stream.JsonReader,404,0.107
com.google.gson.stream.JsonReader,405,0.107
com.google.gson.stream.JsonReader,410,0.107
com.google.gson.stream.JsonReader,486,0.106
com.google.gson.stream.JsonReader,487,0.106
com.google.gson.stream.JsonReader,826,0.106
com.google.gson.stream.JsonReader,434,0.105
com.google.gson.stream.JsonReader,526,0.104
com.google.gson.stream.JsonReader,523,0.103
com.google.gson.stream.JsonReader,524,0.103
com.google.gson.internal.,100,0.103
com.google.gson.stream.JsonReader,521,0.103
com.google.gson.internal.ConstructorConstructor,84,0.102
com.google.gson.internal.ConstructorConstructor,85,0.102
com.google.gson.internal.ConstructorConstructor,118,0.102
com.google.gson.internal.ConstructorConstructor,119,0.102
com.google.gson.internal.ConstructorConstructor,130,0.102
com.google.gson.stream.JsonReader,498,0.099
com.google.gson.stream.JsonReader,499,0.099
com.google.gson.stream.JsonReader,384,0.099
com.google.gson.stream.JsonReader,385,0.099
com.google.gson.stream.JsonReader,390,0.099
com.google.gson.stream.JsonReader,383,0.099
com.google.gson.stream.JsonReader,379,0.098
com.google.gson.stream.JsonReader,380,0.098
com.google.gson.stream.JsonReader,483,0.098
com.google.gson.stream.JsonReader,485,0.098
com.google.gson.internal.ConstructorConstructor,181,0.098
com.google.gson.stream.JsonReader,581,0.096
com.google.gson.stream.JsonReader,416,0.095
com.google.gson.stream.JsonReader,417,0.095
com.google.gson.stream.JsonReader,418,0.095
com.google.gson.stream.JsonReader,420,0.095
com.google.gson.stream.JsonReader,454,0.095
com.google.gson.internal.,124,0.09
com.google.gson.stream.JsonReader,824,0.09
com.google.gson.stream.JsonReader,840,0.087
com.google.gson.stream.JsonReader,841,0.087
com.google.gson.stream.JsonReader,842,0.087
com.google.gson.stream.JsonReader,1022,0.086
com.google.gson.stream.JsonReader,1026,0.086
com.google.gson.Gson,728,0.086
com.google.gson.Gson,729,0.086
com.google.gson.Gson,779,0.086
com.google.gson.Gson,780,0.086
com.google.gson.Gson,781,0.086
com.google.gson.stream.JsonReader,1012,0.086
com.google.gson.stream.JsonReader,1013,0.086
com.google.gson.stream.JsonReader,1014,0.086
com.google.gson.stream.JsonReader,1015,0.086
com.google.gson.Gson,786,0.085
com.google.gson.Gson,793,0.085
com.google.gson.Gson,794,0.085
com.google.gson.stream.JsonReader,1001,0.085
com.google.gson.stream.JsonReader,1002,0.085
com.google.gson.stream.JsonReader,1004,0.085
com.google.gson.stream.JsonReader,1005,0.085
com.google.gson.stream.JsonReader,1007,0.085
com.google.gson.stream.JsonReader,1008,0.085
com.google.gson.stream.JsonReader,1009,0.085
com.google.gson.stream.JsonReader,1011,0.085
com.google.gson.stream.JsonReader,822,0.085
com.google.gson.stream.JsonReader,817,0.084
com.google.gson.stream.JsonReader,818,0.084
com.google.gson.Gson,814,0.084
com.google.gson.Gson,815,0.084
com.google.gson.Gson,727,0.08
com.google.gson.Gson,724,0.08
com.google.gson.Gson,778,0.08
com.google.gson.internal.bind.CollectionTypeAdapterFactory,49,0.079
com.google.gson.internal.bind.MapTypeAdapterFactory,116,0.079
com.google.gson.internal.bind.MapTypeAdapterFactory,118,0.079
com.google.gson.internal.bind.MapTypeAdapterFactory,119,0.079
com.google.gson.internal.bind.TypeAdapterRuntimeTypeWrapper,32,0.078
com.google.gson.internal.bind.TypeAdapterRuntimeTypeWrapper,33,0.078
com.google.gson.internal.bind.TypeAdapterRuntimeTypeWrapper,34,0.078
com.google.gson.internal.bind.TypeAdapterRuntimeTypeWrapper,35,0.078
com.google.gson.internal.bind.TypeAdapterRuntimeTypeWrapper,36,0.078
com.google.gson.stream.JsonReader,459,0.078
com.google.gson.stream.JsonReader,544,0.078
com.google.gson.stream.JsonReader,1417,0.078
com.google.gson.stream.JsonReader,542,0.078
com.google.gson.stream.JsonReader,543,0.078
com.google.gson.Gson,812,0.078
com.google.gson.Gson,813,0.078
com.google.gson.Gson,810,0.078
com.google.gson.Gson,811,0.078
com.google.gson.Gson,806,0.077
com.google.gson.Gson,807,0.077
com.google.gson.Gson,808,0.077
com.google.gson.Gson,831,0.077
com.google.gson.stream.JsonReader,1347,0.077
com.google.gson.stream.JsonReader,1413,0.077
com.google.gson.stream.JsonReader,541,0.077
com.google.gson.stream.JsonReader,1269,0.076
com.google.gson.stream.JsonReader,1280,0.076
com.google.gson.stream.JsonReader,1281,0.076
com.google.gson.internal.,327,0.076
com.google.gson.internal.,334,0.076
com.google.gson.internal.,342,0.076
com.google.gson.internal.,350,0.076
com.google.gson.internal.,372,0.076
com.google.gson.internal.,391,0.076
com.google.gson.stream.JsonReader,1591,0.076
com.google.gson.internal.ConstructorConstructor,79,0.075
com.google.gson.internal.ConstructorConstructor,80,0.075
com.google.gson.internal.ConstructorConstructor,69,0.075
com.google.gson.internal.ConstructorConstructor,71,0.075
com.google.gson.stream.JsonReader,1589,0.075
com.google.gson.stream.JsonReader,1590,0.075
com.google.gson.internal.ConstructorConstructor,52,0.075
com.google.gson.internal.ConstructorConstructor,53,0.075
com.google.gson.internal.ConstructorConstructor,58,0.075
com.google.gson.internal.ConstructorConstructor,59,0.075
com.google.gson.internal.bind.CollectionTypeAdapterFactory,45,0.074
com.google.gson.internal.bind.CollectionTypeAdapterFactory,47,0.074
com.google.gson.internal.bind.CollectionTypeAdapterFactory,48,0.074
com.google.gson.stream.JsonReader,333,0.074
com.google.gson.internal.bind.ArrayTypeAdapter,44,0.074
com.google.gson.stream.JsonReader,1314,0.074
com.google.gson.internal.,45,0.073
com.google.gson.internal.,48,0.073
com.google.gson.internal.bind.ArrayTypeAdapter,42,0.07
com.google.gson.internal.bind.ArrayTypeAdapter,43,0.07
com.google.gson.internal.bind.TypeAdapters,521,0.07
com.google.gson.internal.bind.TypeAdapters,520,0.07
com.google.gson.stream.JsonReader,429,0.07
com.google.gson.internal.bind.SqlDateTypeAdapter,42,0.07
com.google.gson.stream.JsonReader,432,0.07
com.google.gson.internal.bind.TimeTypeAdapter,44,0.07
com.google.gson.stream.JsonReader,538,0.07
com.google.gson.stream.JsonReader,1582,0.07
com.google.gson.stream.JsonReader,1583,0.07
com.google.gson.stream.JsonReader,1585,0.07
com.google.gson.internal.bind.TypeAdapters,810,0.069
com.google.gson.internal.bind.TypeAdapters,811,0.069
com.google.gson.internal.bind.DateTypeAdapter,45,0.069
com.google.gson.stream.JsonReader,326,0.069
com.google.gson.stream.JsonReader,327,0.069
com.google.gson.stream.JsonReader,427,0.068
com.google.gson.stream.JsonReader,428,0.068
com.google.gson.reflect.TypeToken,101,0.067
com.google.gson.Gson,177,0.066
com.google.gson.Gson,181,0.066
com.google.gson.stream.JsonReader,1397,0.064
com.google.gson.stream.JsonReader,1409,0.064
com.google.gson.stream.JsonReader,1410,0.064
com.google.gson.stream.JsonReader,553,0.064
com.google.gson.stream.JsonReader,554,0.064
com.google.gson.stream.JsonReader,1362,0.064
com.google.gson.stream.JsonReader,540,0.064
com.google.gson.stream.JsonReader,1301,0.064
com.google.gson.stream.JsonReader,1304,0.064
com.google.gson.stream.JsonReader,1310,0.064
com.google.gson.stream.JsonReader,1311,0.064
com.google.gson.stream.JsonReader,1349,0.064
com.google.gson.stream.JsonReader,1350,0.064
com.google.gson.stream.JsonReader,1353,0.064
com.google.gson.stream.JsonReader,1354,0.064
com.google.gson.stream.JsonReader,1358,0.064
com.google.gson.stream.JsonReader,537,0.063
com.google.gson.stream.JsonReader,1289,0.063
com.google.gson.stream.JsonReader,1290,0.063
com.google.gson.stream.JsonReader,1291,0.063
com.google.gson.stream.JsonReader,1295,0.063
com.google.gson.stream.JsonReader,1298,0.063
com.google.gson.stream.JsonReader,1300,0.063
com.google.gson.stream.JsonReader,1340,0.063
com.google.gson.stream.JsonReader,1341,0.063
com.google.gson.stream.JsonReader,1342,0.063
com.google.gson.stream.JsonReader,1344,0.063
com.google.gson.stream.JsonReader,1345,0.063
com.google.gson.stream.JsonReader,1346,0.063
com.google.gson.stream.JsonReader,466,0.063
com.google.gson.stream.JsonReader,467,0.063
com.google.gson.stream.JsonReader,469,0.063
com.google.gson.stream.JsonReader,482,0.063
com.google.gson.stream.JsonReader,520,0.063
com.google.gson.stream.JsonReader,536,0.063
com.google.gson.stream.JsonReader,293,0.063
com.google.gson.stream.JsonReader,294,0.063
com.google.gson.stream.JsonReader,230,0.063
com.google.gson.stream.JsonReader,238,0.063
com.google.gson.stream.JsonReader,239,0.063
com.google.gson.stream.JsonReader,240,0.063
com.google.gson.stream.JsonReader,242,0.063
com.google.gson.stream.JsonReader,243,0.063
com.google.gson.stream.JsonReader,245,0.063
com.google.gson.stream.JsonReader,269,0.063
com.google.gson.stream.JsonReader,270,0.063
com.google.gson.stream.JsonReader,272,0.063
com.google.gson.stream.JsonReader,283,0.063
com.google.gson.stream.JsonReader,284,0.063
com.google.gson.stream.JsonReader,289,0.063
com.google.gson.stream.JsonReader,290,0.063
com.google.gson.internal.bind.TypeAdapters,795,0.061
com.google.gson.internal.bind.TypeAdapters,796,0.061
com.google.gson.internal.bind.TypeAdapters,782,0.059
com.google.gson.internal.Excluder,117,0.058
com.google.gson.internal.Excluder,205,0.057
com.google.gson.internal.Excluder,206,0.057
com.google.gson.internal.Excluder,212,0.057
com.google.gson.internal.bind.ObjectTypeAdapter,41,0.057
com.google.gson.internal.bind.ObjectTypeAdapter,44,0.057
com.google.gson.internal.Excluder,112,0.057
com.google.gson.internal.Excluder,113,0.057
com.google.gson.internal.Excluder,114,0.057
com.google.gson.internal.Excluder,116,0.057
com.google.gson.Gson,366,0.057
com.google.gson.internal.bind.TypeAdapters,831,0.057
com.google.gson.internal.Excluder,201,0.057
com.google.gson.internal.Excluder,197,0.057
com.google.gson.Gson,308,0.057
com.google.gson.internal.bind.JsonAdapterAnnotationTypeAdapterFactory,36,0.057
com.google.gson.internal.bind.JsonAdapterAnnotationTypeAdapterFactory,37,0.057
com.google.gson.internal.bind.JsonAdapterAnnotationTypeAdapterFactory,38,0.057
com.google.gson.internal.bind.CollectionTypeAdapterFactory,39,0.057
com.google.gson.internal.bind.CollectionTypeAdapterFactory,40,0.057
com.google.gson.internal.bind.CollectionTypeAdapterFactory,41,0.057
com.google.gson.internal.ConstructorConstructor,47,0.057
com.google.gson.internal.ConstructorConstructor,48,0.057
com.google.gson.internal.ConstructorConstructor,49,0.057
com.google.gson.internal.bind.ReflectiveTypeAdapterFactory,55,0.057
com.google.gson.internal.bind.ReflectiveTypeAdapterFactory,56,0.057
com.google.gson.internal.bind.ReflectiveTypeAdapterFactory,57,0.057
com.google.gson.internal.bind.ReflectiveTypeAdapterFactory,58,0.057
com.google.gson.internal.bind.ReflectiveTypeAdapterFactory,59,0.057
com.google.gson.internal.bind.MapTypeAdapterFactory,110,0.057
com.google.gson.internal.bind.MapTypeAdapterFactory,111,0.057
com.google.gson.Gson,112,0.057
com.google.gson.internal.bind.MapTypeAdapterFactory,112,0.057
com.google.gson.internal.bind.MapTypeAdapterFactory,113,0.057
com.google.gson.Gson,115,0.057
com.google.gson.Gson,126,0.057
com.google.gson.Gson,126,0.057
com.google.gson.Gson,133,0.057
com.google.gson.Gson,133,0.057
com.google.gson.Gson,188,0.057
com.google.gson.Gson,189,0.057
com.google.gson.Gson,190,0.057
com.google.gson.Gson,191,0.057
com.google.gson.Gson,192,0.057
com.google.gson.Gson,193,0.057
com.google.gson.Gson,195,0.057
com.google.gson.Gson,198,0.057
com.google.gson.Gson,199,0.057
com.google.gson.Gson,202,0.057
com.google.gson.Gson,205,0.057
com.google.gson.Gson,208,0.057
com.google.gson.Gson,209,0.057
com.google.gson.Gson,210,0.057
com.google.gson.Gson,211,0.057
com.google.gson.Gson,212,0.057
com.google.gson.Gson,213,0.057
com.google.gson.Gson,215,0.057
com.google.gson.Gson,217,0.057
com.google.gson.Gson,219,0.057
com.google.gson.Gson,220,0.057
com.google.gson.Gson,221,0.057
com.google.gson.Gson,222,0.057
com.google.gson.Gson,223,0.057
com.google.gson.Gson,224,0.057
com.google.gson.Gson,225,0.057
com.google.gson.Gson,226,0.057
com.google.gson.Gson,227,0.057
com.google.gson.Gson,228,0.057
com.google.gson.Gson,229,0.057
com.google.gson.Gson,230,0.057
com.google.gson.Gson,231,0.057
com.google.gson.Gson,232,0.057
com.google.gson.Gson,233,0.057
com.google.gson.Gson,234,0.057
com.google.gson.Gson,235,0.057
com.google.gson.Gson,236,0.057
com.google.gson.Gson,237,0.057
com.google.gson.Gson,240,0.057
com.google.gson.Gson,241,0.057
com.google.gson.Gson,242,0.057
com.google.gson.Gson,243,0.057
com.google.gson.Gson,244,0.057
com.google.gson.Gson,247,0.057
com.google.gson.Gson,248,0.057
com.google.gson.Gson,251,0.057
com.google.gson.Gson,254,0.057
com.google.gson.Gson,254,0.057
com.google.gson.Gson,275,0.057
com.google.gson.Gson,278,0.057
com.google.gson.Gson,278,0.057
com.google.gson.Gson,307,0.057
com.google.gson.internal.bind.TypeAdapters,779,0.057
com.google.gson.internal.bind.TypeAdapters,779,0.057
com.google.gson.internal.bind.TypeAdapters,792,0.057
com.google.gson.internal.bind.TypeAdapters,792,0.057
com.google.gson.internal.Excluder,216,0.057
com.google.gson.internal.Excluder,192,0.057
com.google.gson.reflect.TypeToken,94,0.057
com.google.gson.Gson,341,0.057
com.google.gson.Gson,342,0.057
com.google.gson.Gson,343,0.057
com.google.gson.Gson,344,0.057
com.google.gson.Gson,345,0.057
com.google.gson.Gson,346,0.057
com.google.gson.Gson,350,0.057
com.google.gson.Gson,351,0.057
com.google.gson.Gson,356,0.057
com.google.gson.Gson,357,0.057
com.google.gson.Gson,359,0.057
com.google.gson.Gson,360,0.057
com.google.gson.Gson,361,0.057
com.google.gson.Gson,362,0.057
com.google.gson.Gson,363,0.057
com.google.gson.Gson,364,0.057
com.google.gson.Gson,369,0.057
com.google.gson.Gson,371,0.057
com.google.gson.Gson,372,0.057
com.google.gson.internal.bind.TypeAdapters,829,0.057
com.google.gson.internal.bind.TypeAdapters,830,0.057
com.google.gson.Gson,882,0.057
com.google.gson.Gson,886,0.057
com.google.gson.Gson,889,0.057
com.google.gson.Gson,890,0.057
com.google.gson.internal.,122,0.057
com.google.gson.reflect.TypeToken,280,0.057
com.google.gson.Gson,336,0.057
com.google.gson.Gson,337,0.057
com.google.gson.reflect.TypeToken,296,0.057
com.google.gson.reflect.TypeToken,72,0.057
com.google.gson.reflect.TypeToken,73,0.057
com.google.gson.reflect.TypeToken,74,0.057
com.google.gson.reflect.TypeToken,75,0.057
com.google.gson.reflect.TypeToken,71,0.056
com.google.gson.internal.,120,0.056
com.google.gson.internal.,96,0.056
com.google.gson.internal.,97,0.056
com.google.gson.internal.,98,0.056
com.google.gson.TypeAdapter,119,0.056
com.google.gson.internal.,41,0.056
com.google.gson.internal.,38,0.056
